Working in cards/WH_11_20_fixed_noShape/
Running with multithread method
 --making: SUEP_mS125.000_mPhi2.000_T0.500_modegeneric 
 --making: SUEP_mS125.000_mPhi2.000_T1.000_modegeneric 
 ---- [%] : bash /tmp/submit_higgsCombineSUEP_mS125.000_mPhi2.000_T0.500_modegeneric.AsymptoticLimits.mH125.sh ; rm /tmp/submit_higgsCombineSUEP_mS125.000_mPhi2.000_T0.500_modegeneric.AsymptoticLimits.mH125.sh
 --making: SUEP_mS125.000_mPhi3.000_T0.750_modegeneric 
 ---- [%] : bash /tmp/submit_higgsCombineSUEP_mS125.000_mPhi2.000_T1.000_modegeneric.AsymptoticLimits.mH125.sh ; rm /tmp/submit_higgsCombineSUEP_mS125.000_mPhi2.000_T1.000_modegeneric.AsymptoticLimits.mH125.sh
 --making: SUEP_mS125.000_mPhi2.000_T4.000_modegeneric 
 ---- [%] : bash /tmp/submit_higgsCombineSUEP_mS125.000_mPhi3.000_T0.750_modegeneric.AsymptoticLimits.mH125.sh ; rm /tmp/submit_higgsCombineSUEP_mS125.000_mPhi3.000_T0.750_modegeneric.AsymptoticLimits.mH125.sh
 --making: SUEP_mS125.000_mPhi2.000_T8.000_modegeneric 
 ---- [%] : bash /tmp/submit_higgsCombineSUEP_mS125.000_mPhi2.000_T4.000_modegeneric.AsymptoticLimits.mH125.sh ; rm /tmp/submit_higgsCombineSUEP_mS125.000_mPhi2.000_T4.000_modegeneric.AsymptoticLimits.mH125.sh
 --making: SUEP_mS125.000_mPhi2.000_T2.000_modegeneric 
 ---- [%] : bash /tmp/submit_higgsCombineSUEP_mS125.000_mPhi2.000_T8.000_modegeneric.AsymptoticLimits.mH125.sh ; rm /tmp/submit_higgsCombineSUEP_mS125.000_mPhi2.000_T8.000_modegeneric.AsymptoticLimits.mH125.sh
 --making: SUEP_mS125.000_mPhi3.000_T1.500_modegeneric 
 ---- [%] : bash /tmp/submit_higgsCombineSUEP_mS125.000_mPhi2.000_T2.000_modegeneric.AsymptoticLimits.mH125.sh ; rm /tmp/submit_higgsCombineSUEP_mS125.000_mPhi2.000_T2.000_modegeneric.AsymptoticLimits.mH125.sh
 --making: SUEP_mS125.000_mPhi3.000_T12.000_modegeneric 
 ---- [%] : bash /tmp/submit_higgsCombineSUEP_mS125.000_mPhi3.000_T1.500_modegeneric.AsymptoticLimits.mH125.sh ; rm /tmp/submit_higgsCombineSUEP_mS125.000_mPhi3.000_T1.500_modegeneric.AsymptoticLimits.mH125.sh
 --making: SUEP_mS125.000_mPhi3.000_T6.000_modegeneric 
 ---- [%] : bash /tmp/submit_higgsCombineSUEP_mS125.000_mPhi3.000_T12.000_modegeneric.AsymptoticLimits.mH125.sh ; rm /tmp/submit_higgsCombineSUEP_mS125.000_mPhi3.000_T12.000_modegeneric.AsymptoticLimits.mH125.sh
 --making: SUEP_mS125.000_mPhi3.000_T3.000_modegeneric 
 ---- [%] : bash /tmp/submit_higgsCombineSUEP_mS125.000_mPhi3.000_T6.000_modegeneric.AsymptoticLimits.mH125.sh ; rm /tmp/submit_higgsCombineSUEP_mS125.000_mPhi3.000_T6.000_modegeneric.AsymptoticLimits.mH125.sh
 --making: SUEP_mS125.000_mPhi4.000_T1.000_modegeneric 
 ---- [%] : bash /tmp/submit_higgsCombineSUEP_mS125.000_mPhi3.000_T3.000_modegeneric.AsymptoticLimits.mH125.sh ; rm /tmp/submit_higgsCombineSUEP_mS125.000_mPhi3.000_T3.000_modegeneric.AsymptoticLimits.mH125.sh
 --making: SUEP_mS125.000_mPhi4.000_T16.000_modegeneric 
 ---- [%] : bash /tmp/submit_higgsCombineSUEP_mS125.000_mPhi4.000_T1.000_modegeneric.AsymptoticLimits.mH125.sh ; rm /tmp/submit_higgsCombineSUEP_mS125.000_mPhi4.000_T1.000_modegeneric.AsymptoticLimits.mH125.sh
 --making: SUEP_mS125.000_mPhi4.000_T2.000_modegeneric 
 ---- [%] : bash /tmp/submit_higgsCombineSUEP_mS125.000_mPhi4.000_T16.000_modegeneric.AsymptoticLimits.mH125.sh ; rm /tmp/submit_higgsCombineSUEP_mS125.000_mPhi4.000_T16.000_modegeneric.AsymptoticLimits.mH125.sh
 --making: SUEP_mS125.000_mPhi4.000_T4.000_modegeneric 
 ---- [%] : bash /tmp/submit_higgsCombineSUEP_mS125.000_mPhi4.000_T2.000_modegeneric.AsymptoticLimits.mH125.sh ; rm /tmp/submit_higgsCombineSUEP_mS125.000_mPhi4.000_T2.000_modegeneric.AsymptoticLimits.mH125.sh
 --making: SUEP_mS125.000_mPhi4.000_T8.000_modegeneric 
 ---- [%] : bash /tmp/submit_higgsCombineSUEP_mS125.000_mPhi4.000_T4.000_modegeneric.AsymptoticLimits.mH125.sh ; rm /tmp/submit_higgsCombineSUEP_mS125.000_mPhi4.000_T4.000_modegeneric.AsymptoticLimits.mH125.sh
 --making: SUEP_mS125.000_mPhi8.000_T16.000_modegeneric 
 ---- [%] : bash /tmp/submit_higgsCombineSUEP_mS125.000_mPhi4.000_T8.000_modegeneric.AsymptoticLimits.mH125.sh ; rm /tmp/submit_higgsCombineSUEP_mS125.000_mPhi4.000_T8.000_modegeneric.AsymptoticLimits.mH125.sh
 --making: SUEP_mS125.000_mPhi8.000_T2.000_modegeneric 
 ---- [%] : bash /tmp/submit_higgsCombineSUEP_mS125.000_mPhi8.000_T16.000_modegeneric.AsymptoticLimits.mH125.sh ; rm /tmp/submit_higgsCombineSUEP_mS125.000_mPhi8.000_T16.000_modegeneric.AsymptoticLimits.mH125.sh
 --making: SUEP_mS125.000_mPhi8.000_T32.000_modegeneric 
 ---- [%] : bash /tmp/submit_higgsCombineSUEP_mS125.000_mPhi8.000_T2.000_modegeneric.AsymptoticLimits.mH125.sh ; rm /tmp/submit_higgsCombineSUEP_mS125.000_mPhi8.000_T2.000_modegeneric.AsymptoticLimits.mH125.sh
 --making: SUEP_mS125.000_mPhi8.000_T4.000_modegeneric 
 ---- [%] : bash /tmp/submit_higgsCombineSUEP_mS125.000_mPhi8.000_T32.000_modegeneric.AsymptoticLimits.mH125.sh ; rm /tmp/submit_higgsCombineSUEP_mS125.000_mPhi8.000_T32.000_modegeneric.AsymptoticLimits.mH125.sh
 --making: SUEP_mS125.000_mPhi8.000_T8.000_modegeneric 
 ---- [%] : bash /tmp/submit_higgsCombineSUEP_mS125.000_mPhi8.000_T4.000_modegeneric.AsymptoticLimits.mH125.sh ; rm /tmp/submit_higgsCombineSUEP_mS125.000_mPhi8.000_T4.000_modegeneric.AsymptoticLimits.mH125.sh
 ---- [%] : bash /tmp/submit_higgsCombineSUEP_mS125.000_mPhi8.000_T8.000_modegeneric.AsymptoticLimits.mH125.sh ; rm /tmp/submit_higgsCombineSUEP_mS125.000_mPhi8.000_T8.000_modegeneric.AsymptoticLimits.mH125.sh
Processing:   0%|          | 0/20 [00:00<?, ?job/s]Working in cards/WHgamma_11_20_fixed/
Running with multithread method
 --making: SUEP_mS125.000_mPhi3.000_T0.750_modegeneric 
 ---- [%] : bash /tmp/submit_higgsCombineSUEP_mS125.000_mPhi3.000_T0.750_modegeneric.AsymptoticLimits.mH125.sh ; rm /tmp/submit_higgsCombineSUEP_mS125.000_mPhi3.000_T0.750_modegeneric.AsymptoticLimits.mH125.sh
 --making: SUEP_mS125.000_mPhi2.000_T8.000_modegeneric 
 ---- [%] : bash /tmp/submit_higgsCombineSUEP_mS125.000_mPhi2.000_T8.000_modegeneric.AsymptoticLimits.mH125.sh ; rm /tmp/submit_higgsCombineSUEP_mS125.000_mPhi2.000_T8.000_modegeneric.AsymptoticLimits.mH125.sh
 --making: SUEP_mS125.000_mPhi2.000_T2.000_modegeneric 
 ---- [%] : bash /tmp/submit_higgsCombineSUEP_mS125.000_mPhi2.000_T2.000_modegeneric.AsymptoticLimits.mH125.sh ; rm /tmp/submit_higgsCombineSUEP_mS125.000_mPhi2.000_T2.000_modegeneric.AsymptoticLimits.mH125.sh
 --making: SUEP_mS125.000_mPhi2.000_T4.000_modegeneric 
 ---- [%] : bash /tmp/submit_higgsCombineSUEP_mS125.000_mPhi2.000_T4.000_modegeneric.AsymptoticLimits.mH125.sh ; rm /tmp/submit_higgsCombineSUEP_mS125.000_mPhi2.000_T4.000_modegeneric.AsymptoticLimits.mH125.sh
 --making: SUEP_mS125.000_mPhi2.000_T1.000_modegeneric 
 ---- [%] : bash /tmp/submit_higgsCombineSUEP_mS125.000_mPhi2.000_T1.000_modegeneric.AsymptoticLimits.mH125.sh ; rm /tmp/submit_higgsCombineSUEP_mS125.000_mPhi2.000_T1.000_modegeneric.AsymptoticLimits.mH125.sh
 --making: SUEP_mS125.000_mPhi2.000_T0.500_modegeneric 
 ---- [%] : bash /tmp/submit_higgsCombineSUEP_mS125.000_mPhi2.000_T0.500_modegeneric.AsymptoticLimits.mH125.sh ; rm /tmp/submit_higgsCombineSUEP_mS125.000_mPhi2.000_T0.500_modegeneric.AsymptoticLimits.mH125.sh
 --making: SUEP_mS125.000_mPhi3.000_T1.500_modegeneric 
 ---- [%] : bash /tmp/submit_higgsCombineSUEP_mS125.000_mPhi3.000_T1.500_modegeneric.AsymptoticLimits.mH125.sh ; rm /tmp/submit_higgsCombineSUEP_mS125.000_mPhi3.000_T1.500_modegeneric.AsymptoticLimits.mH125.sh
 --making: SUEP_mS125.000_mPhi3.000_T12.000_modegeneric 
 ---- [%] : bash /tmp/submit_higgsCombineSUEP_mS125.000_mPhi3.000_T12.000_modegeneric.AsymptoticLimits.mH125.sh ; rm /tmp/submit_higgsCombineSUEP_mS125.000_mPhi3.000_T12.000_modegeneric.AsymptoticLimits.mH125.sh
 --making: SUEP_mS125.000_mPhi3.000_T6.000_modegeneric 
 ---- [%] : bash /tmp/submit_higgsCombineSUEP_mS125.000_mPhi3.000_T6.000_modegeneric.AsymptoticLimits.mH125.sh ; rm /tmp/submit_higgsCombineSUEP_mS125.000_mPhi3.000_T6.000_modegeneric.AsymptoticLimits.mH125.sh
 --making: SUEP_mS125.000_mPhi3.000_T3.000_modegeneric 
 ---- [%] : bash /tmp/submit_higgsCombineSUEP_mS125.000_mPhi3.000_T3.000_modegeneric.AsymptoticLimits.mH125.sh ; rm /tmp/submit_higgsCombineSUEP_mS125.000_mPhi3.000_T3.000_modegeneric.AsymptoticLimits.mH125.sh
 --making: SUEP_mS125.000_mPhi4.000_T1.000_modegeneric 
 ---- [%] : bash /tmp/submit_higgsCombineSUEP_mS125.000_mPhi4.000_T1.000_modegeneric.AsymptoticLimits.mH125.sh ; rm /tmp/submit_higgsCombineSUEP_mS125.000_mPhi4.000_T1.000_modegeneric.AsymptoticLimits.mH125.sh
 --making: SUEP_mS125.000_mPhi4.000_T16.000_modegeneric 
 --making: SUEP_mS125.000_mPhi4.000_T2.000_modegeneric 
 --making: SUEP_mS125.000_mPhi4.000_T4.000_modegeneric 
 --making: SUEP_mS125.000_mPhi4.000_T8.000_modegeneric 
 --making: SUEP_mS125.000_mPhi8.000_T16.000_modegeneric 
 --making: SUEP_mS125.000_mPhi8.000_T2.000_modegeneric 
 --making: SUEP_mS125.000_mPhi8.000_T32.000_modegeneric 
 ---- [%] : bash /tmp/submit_higgsCombineSUEP_mS125.000_mPhi4.000_T16.000_modegeneric.AsymptoticLimits.mH125.sh ; rm /tmp/submit_higgsCombineSUEP_mS125.000_mPhi4.000_T16.000_modegeneric.AsymptoticLimits.mH125.sh
 ---- [%] : bash /tmp/submit_higgsCombineSUEP_mS125.000_mPhi4.000_T2.000_modegeneric.AsymptoticLimits.mH125.sh ; rm /tmp/submit_higgsCombineSUEP_mS125.000_mPhi4.000_T2.000_modegeneric.AsymptoticLimits.mH125.sh
 --making: SUEP_mS125.000_mPhi8.000_T4.000_modegeneric 
 ---- [%] : bash /tmp/submit_higgsCombineSUEP_mS125.000_mPhi4.000_T4.000_modegeneric.AsymptoticLimits.mH125.sh ; rm /tmp/submit_higgsCombineSUEP_mS125.000_mPhi4.000_T4.000_modegeneric.AsymptoticLimits.mH125.sh
 ---- [%] : bash /tmp/submit_higgsCombineSUEP_mS125.000_mPhi4.000_T8.000_modegeneric.AsymptoticLimits.mH125.sh ; rm /tmp/submit_higgsCombineSUEP_mS125.000_mPhi4.000_T8.000_modegeneric.AsymptoticLimits.mH125.sh
 ---- [%] : bash /tmp/submit_higgsCombineSUEP_mS125.000_mPhi8.000_T16.000_modegeneric.AsymptoticLimits.mH125.sh ; rm /tmp/submit_higgsCombineSUEP_mS125.000_mPhi8.000_T16.000_modegeneric.AsymptoticLimits.mH125.sh
 ---- [%] : bash /tmp/submit_higgsCombineSUEP_mS125.000_mPhi8.000_T2.000_modegeneric.AsymptoticLimits.mH125.sh ; rm /tmp/submit_higgsCombineSUEP_mS125.000_mPhi8.000_T2.000_modegeneric.AsymptoticLimits.mH125.sh
 ---- [%] : bash /tmp/submit_higgsCombineSUEP_mS125.000_mPhi8.000_T32.000_modegeneric.AsymptoticLimits.mH125.sh ; rm /tmp/submit_higgsCombineSUEP_mS125.000_mPhi8.000_T32.000_modegeneric.AsymptoticLimits.mH125.sh
 ---- [%] : bash /tmp/submit_higgsCombineSUEP_mS125.000_mPhi8.000_T4.000_modegeneric.AsymptoticLimits.mH125.sh ; rm /tmp/submit_higgsCombineSUEP_mS125.000_mPhi8.000_T4.000_modegeneric.AsymptoticLimits.mH125.sh
 --making: SUEP_mS125.000_mPhi8.000_T8.000_modegeneric 
 ---- [%] : bash /tmp/submit_higgsCombineSUEP_mS125.000_mPhi8.000_T8.000_modegeneric.AsymptoticLimits.mH125.sh ; rm /tmp/submit_higgsCombineSUEP_mS125.000_mPhi8.000_T8.000_modegeneric.AsymptoticLimits.mH125.sh
Processing:   0%|          | 0/20 [00:00<?, ?job/s]Processing:   5%|▌         | 1/20 [01:07<21:17, 67.25s/job]Processing:  20%|██        | 4/20 [01:07<03:24, 12.77s/job]Processing: 100%|██████████| 20/20 [01:07<00:00,  3.37s/job]

 ----------------- 
/tmp/submit_higgsCombineSUEP_mS125.000_mPhi2.000_T0.500_modegeneric.AsymptoticLimits.mH125.sh: line 20: warning: here-document at line 7 delimited by end-of-file (wanted `EOF')
Traceback (most recent call last):
  File "/home/submit/lavezzo/SUEP/CMSSW_14_1_0_pre4/bin/el9_amd64_gcc12/combineCards.py", line 162, in <module>
    file = open(fname, "r")
FileNotFoundError: [Errno 2] No such file or directory: 'cards-SUEP_mS125.000_mPhi2.000_T0.500_modegeneric/shapes-GJHScrA2018.dat'
 *** Break *** segmentation violation



===========================================================
There was a crash.
This is the entire stack trace of all threads:
===========================================================

Thread 9 (Thread 0x7f0330b3d640 (LWP 1456082) "python3"):
#0  0x00007f035336879a in __futex_abstimed_wait_common () from /lib64/libc.so.6
#1  0x00007f035336afa0 in pthread_cond_wait

GLIBC_2.3.2 () from /lib64/libc.so.6
#2  0x00007f03343e904f in th_worker (tidptr=<optimized out>) at numexpr/module.cpp:60
#3  0x00007f035336bc02 in start_thread () from /lib64/libc.so.6
#4  0x00007f03533f0c40 in clone3 () from /lib64/libc.so.6

Thread 8 (Thread 0x7f033133e640 (LWP 1456080) "python3"):
#0  0x00007f035336879a in __futex_abstimed_wait_common () from /lib64/libc.so.6
#1  0x00007f035336afa0 in pthread_cond_wait

GLIBC_2.3.2 () from /lib64/libc.so.6
#2  0x00007f03343e904f in th_worker (tidptr=<optimized out>) at numexpr/module.cpp:60
#3  0x00007f035336bc02 in start_thread () from /lib64/libc.so.6
#4  0x00007f03533f0c40 in clone3 () from /lib64/libc.so.6

Thread 7 (Thread 0x7f0331b3f640 (LWP 1456078) "python3"):
#0  0x00007f035336879a in __futex_abstimed_wait_common () from /lib64/libc.so.6
#1  0x00007f035336afa0 in pthread_cond_wait

GLIBC_2.3.2 () from /lib64/libc.so.6
#2  0x00007f03343e904f in th_worker (tidptr=<optimized out>) at numexpr/module.cpp:60
#3  0x00007f035336bc02 in start_thread () from /lib64/libc.so.6
#4  0x00007f03533f0c40 in clone3 () from /lib64/libc.so.6

Thread 6 (Thread 0x7f0332340640 (LWP 1456077) "python3"):
#0  0x00007f035336879a in __futex_abstimed_wait_common () from /lib64/libc.so.6
#1  0x00007f035336afa0 in pthread_cond_wait

GLIBC_2.3.2 () from /lib64/libc.so.6
#2  0x00007f03343e904f in th_worker (tidptr=<optimized out>) at numexpr/module.cpp:60
#3  0x00007f035336bc02 in start_thread () from /lib64/libc.so.6
#4  0x00007f03533f0c40 in clone3 () from /lib64/libc.so.6

Thread 5 (Thread 0x7f0332b41640 (LWP 1456069) "python3"):
#0  0x00007f035336879a in __futex_abstimed_wait_common () from /lib64/libc.so.6
#1  0x00007f035336afa0 in pthread_cond_wait

GLIBC_2.3.2 () from /lib64/libc.so.6
#2  0x00007f03343e904f in th_worker (tidptr=<optimized out>) at numexpr/module.cpp:60
#3  0x00007f035336bc02 in start_thread () from /lib64/libc.so.6
#4  0x00007f03533f0c40 in clone3 () from /lib64/libc.so.6

Thread 4 (Thread 0x7f0333342640 (LWP 1456056) "python3"):
#0  0x00007f035336879a in __futex_abstimed_wait_common () from /lib64/libc.so.6
#1  0x00007f035336afa0 in pthread_cond_wait

GLIBC_2.3.2 () from /lib64/libc.so.6
#2  0x00007f03343e904f in th_worker (tidptr=<optimized out>) at numexpr/module.cpp:60
#3  0x00007f035336bc02 in start_thread () from /lib64/libc.so.6
#4  0x00007f03533f0c40 in clone3 () from /lib64/libc.so.6

Thread 3 (Thread 0x7f0333b43640 (LWP 1456042) "python3"):
#0  0x00007f035336879a in __futex_abstimed_wait_common () from /lib64/libc.so.6
#1  0x00007f035336afa0 in pthread_cond_wait

GLIBC_2.3.2 () from /lib64/libc.so.6
#2  0x00007f03343e904f in th_worker (tidptr=<optimized out>) at numexpr/module.cpp:60
#3  0x00007f035336bc02 in start_thread () from /lib64/libc.so.6
#4  0x00007f03533f0c40 in clone3 () from /lib64/libc.so.6

Thread 2 (Thread 0x7f0334344640 (LWP 1456027) "python3"):
#0  0x00007f035336879a in __futex_abstimed_wait_common () from /lib64/libc.so.6
#1  0x00007f035336afa0 in pthread_cond_wait

GLIBC_2.3.2 () from /lib64/libc.so.6
#2  0x00007f03343e904f in th_worker (tidptr=<optimized out>) at numexpr/module.cpp:60
#3  0x00007f035336bc02 in start_thread () from /lib64/libc.so.6
#4  0x00007f03533f0c40 in clone3 () from /lib64/libc.so.6

Thread 1 (Thread 0x7f03539c7740 (LWP 1449414) "python3"):
#0  0x00007f03533baa3f in wait4 () from /lib64/libc.so.6
#1  0x00007f035332d243 in do_system () from /lib64/libc.so.6
#2  0x00007f0352b6743d in TUnixSystem::StackTrace() () from /cvmfs/cms.cern.ch/el9_amd64_gcc12/lcg/root/6.30.07-8b1a11e1ef0e074fdfd44e162b27e71c/lib/libCore.so
#3  0x00007f0352d145a3 in (anonymous namespace)::TExceptionHandlerImp::HandleException(int) () from /cvmfs/cms.cern.ch/el9_amd64_gcc12/lcg/root/6.30.07-8b1a11e1ef0e074fdfd44e162b27e71c/lib/libcppyy_backend3_9.so
#4  0x00007f0352b66c71 in TUnixSystem::DispatchSignals(ESignals) () from /cvmfs/cms.cern.ch/el9_amd64_gcc12/lcg/root/6.30.07-8b1a11e1ef0e074fdfd44e162b27e71c/lib/libCore.so
#5  <signal handler called>
#6  0x00007f032eb0364d in RooStats::ModelConfig::SetHasOnlyParameters(RooArgSet const&, char const*) () from /cvmfs/cms.cern.ch/el9_amd64_gcc12/lcg/root/6.30.07-8b1a11e1ef0e074fdfd44e162b27e71c/lib/libRooFitCore.so
#7  0x00007f032eb09d30 in RooStats::ModelConfig::SetObservables(RooArgSet const&) () from /cvmfs/cms.cern.ch/el9_amd64_gcc12/lcg/root/6.30.07-8b1a11e1ef0e074fdfd44e162b27e71c/lib/libRooFitCore.so
#8  0x00007f032d11b013 in ?? ()
#9  0x0000000000000001 in ?? ()
#10 0x00007f0352d15078 in WrapperCall(long, unsigned long, void*, void*, void*) () from /cvmfs/cms.cern.ch/el9_amd64_gcc12/lcg/root/6.30.07-8b1a11e1ef0e074fdfd44e162b27e71c/lib/libcppyy_backend3_9.so
#11 0x00007f0352d96e97 in CPyCppyy::(anonymous namespace)::VoidExecutor::Execute(long, void*, CPyCppyy::CallContext*) () from /cvmfs/cms.cern.ch/el9_amd64_gcc12/lcg/root/6.30.07-8b1a11e1ef0e074fdfd44e162b27e71c/lib/libcppyy3_9.so
#12 0x00007f0352d82f87 in CPyCppyy::CPPMethod::ExecuteFast(void*, long, CPyCppyy::CallContext*) [clone .isra.0] () from /cvmfs/cms.cern.ch/el9_amd64_gcc12/lcg/root/6.30.07-8b1a11e1ef0e074fdfd44e162b27e71c/lib/libcppyy3_9.so
#13 0x00007f0352d84316 in CPyCppyy::CPPMethod::Execute(void*, long, CPyCppyy::CallContext*) () from /cvmfs/cms.cern.ch/el9_amd64_gcc12/lcg/root/6.30.07-8b1a11e1ef0e074fdfd44e162b27e71c/lib/libcppyy3_9.so
#14 0x00007f0352d850cf in CPyCppyy::CPPMethod::Call(CPyCppyy::CPPInstance*&, _object*, _object*, CPyCppyy::CallContext*) () from /cvmfs/cms.cern.ch/el9_amd64_gcc12/lcg/root/6.30.07-8b1a11e1ef0e074fdfd44e162b27e71c/lib/libcppyy3_9.so
#15 0x00007f0352d89e9a in CPyCppyy::(anonymous namespace)::mp_call(CPyCppyy::CPPOverload*, _object*, _object*) () from /cvmfs/cms.cern.ch/el9_amd64_gcc12/lcg/root/6.30.07-8b1a11e1ef0e074fdfd44e162b27e71c/lib/libcppyy3_9.so
#16 0x00007f03536b786e in _PyObject_MakeTpCall (tstate=0x9d3180, callable=callable
entry=0x7f032f12ca00, args=args
entry=0x1565bb0, nargs=1, keywords=keywords
entry=0x0) at Objects/call.c:191
#17 0x00007f035366e50a in _PyObject_VectorcallTstate (kwnames=0x0, nargsf=9223372036854775809, args=0x1565bb0, callable=0x7f032f12ca00, tstate=<optimized out>) at ./Include/cpython/abstract.h:116
#18 _PyObject_VectorcallTstate (kwnames=0x0, nargsf=9223372036854775809, args=0x1565bb0, callable=0x7f032f12ca00, tstate=<optimized out>) at ./Include/cpython/abstract.h:103
#19 PyObject_Vectorcall (kwnames=0x0, nargsf=9223372036854775809, args=<optimized out>, callable=0x7f032f12ca00) at ./Include/cpython/abstract.h:127
#20 call_function (kwnames=0x0, oparg=1, pp_stack=<synthetic pointer>, tstate=0x9d3180) at Python/ceval.c:5077
#21 _PyEval_EvalFrameDefault (tstate=<optimized out>, f=<optimized out>, throwflag=<optimized out>) at Python/ceval.c:3489
#22 0x00007f03536659fb in _PyEval_EvalFrame (throwflag=0, f=0x15659d0, tstate=0x9d3180) at ./Include/internal/pycore_ceval.h:40
#23 function_code_fastcall (tstate=0x9d3180, co=<optimized out>, args=<optimized out>, nargs=1, globals=<optimized out>) at Objects/call.c:330
#24 0x00007f035366cd0f in _PyObject_VectorcallTstate (kwnames=0x0, nargsf=<optimized out>, args=0x7f032f13b740, callable=0x7f0352dfd700, tstate=0x9d3180) at ./Include/cpython/abstract.h:118
#25 PyObject_Vectorcall (kwnames=0x0, nargsf=<optimized out>, args=<optimized out>, callable=<optimized out>) at ./Include/cpython/abstract.h:127
#26 call_function (kwnames=0x0, oparg=<optimized out>, pp_stack=<synthetic pointer>, tstate=0x9d3180) at Python/ceval.c:5077
#27 _PyEval_EvalFrameDefault (tstate=<optimized out>, f=<optimized out>, throwflag=<optimized out>) at Python/ceval.c:3506
#28 0x00007f035379ea91 in _PyEval_EvalFrame (throwflag=0, f=0x7f032f13b5b0, tstate=0x9d3180) at ./Include/internal/pycore_ceval.h:40
#29 _PyEval_EvalCode (tstate=tstate
entry=0x9d3180, _co=<optimized out>, globals=<optimized out>, locals=locals
entry=0x0, args=<optimized out>, argcount=1, kwnames=0x7f035312e2f8, kwargs=0xa271b0, kwcount=1, kwstep=1, defs=0x7f034c5f7808, defcount=1, kwdefs=0x0, closure=0x0, name=0x7f0352f90730, qualname=0x7f03455496c0) at Python/ceval.c:4329
#30 0x00007f03536b769d in _PyFunction_Vectorcall (func=<optimized out>, stack=<optimized out>, nargsf=<optimized out>, kwnames=<optimized out>) at Objects/call.c:396
#31 0x00007f03536ba198 in _PyObject_VectorcallTstate (kwnames=0x7f035312e2e0, nargsf=1, args=0xa271a8, callable=0x7f034554cf70, tstate=0x9d3180) at ./Include/cpython/abstract.h:118
#32 method_vectorcall (method=<optimized out>, args=0xa271b0, nargsf=<optimized out>, kwnames=0x7f035312e2e0) at Objects/classobject.c:53
#33 0x00007f035366bde6 in _PyObject_VectorcallTstate (kwnames=0x7f035312e2e0, nargsf=9223372036854775808, args=0xa271b0, callable=0x7f0347530500, tstate=0x9d3180) at ./Include/cpython/abstract.h:118
#34 PyObject_Vectorcall (kwnames=0x7f035312e2e0, nargsf=9223372036854775808, args=0xa271b0, callable=<optimized out>) at ./Include/cpython/abstract.h:127
#35 call_function (kwnames=0x7f035312e2e0, oparg=<optimized out>, pp_stack=<synthetic pointer>, tstate=0x9d3180) at Python/ceval.c:5077
#36 _PyEval_EvalFrameDefault (tstate=<optimized out>, f=<optimized out>, throwflag=<optimized out>) at Python/ceval.c:3537
#37 0x00007f035379ea91 in _PyEval_EvalFrame (throwflag=0, f=0xa27040, tstate=0x9d3180) at ./Include/internal/pycore_ceval.h:40
#38 _PyEval_EvalCode (tstate=0x9d3180, _co=_co
entry=0x7f03531a33a0, globals=globals
entry=0x7f03531c53c0, locals=locals
entry=0x7f03531c53c0, args=args
entry=0x0, argcount=argcount
entry=0, kwnames=0x0, kwargs=0x0, kwcount=0, kwstep=2, defs=0x0, defcount=0, kwdefs=0x0, closure=0x0, name=0x0, qualname=0x0) at Python/ceval.c:4329
#39 0x00007f035379ee32 in _PyEval_EvalCodeWithName (_co=_co
entry=0x7f03531a33a0, globals=globals
entry=0x7f03531c53c0, locals=locals
entry=0x7f03531c53c0, args=args
entry=0x0, argcount=argcount
entry=0, kwnames=kwnames
entry=0x0, kwargs=0x0, kwcount=0, kwstep=2, defs=0x0, defcount=0, kwdefs=0x0, closure=0x0, name=0x0, qualname=0x0) at Python/ceval.c:4361
#40 0x00007f035379ee7b in PyEval_EvalCodeEx (_co=_co
entry=0x7f03531a33a0, globals=globals
entry=0x7f03531c53c0, locals=locals
entry=0x7f03531c53c0, args=args
entry=0x0, argcount=argcount
entry=0, kws=kws
entry=0x0, kwcount=0, defs=0x0, defcount=0, kwdefs=0x0, closure=0x0) at Python/ceval.c:4377
#41 0x00007f035379eeab in PyEval_EvalCode (co=co
entry=0x7f03531a33a0, globals=globals
entry=0x7f03531c53c0, locals=locals
entry=0x7f03531c53c0) at Python/ceval.c:828
#42 0x00007f03537de3a9 in run_eval_code_obj (locals=0x7f03531c53c0, globals=0x7f03531c53c0, co=0x7f03531a33a0, tstate=0x9d3180) at Python/pythonrun.c:1221
#43 run_mod (mod=<optimized out>, filename=filename
entry=0x7f0353130390, globals=globals
entry=0x7f03531c53c0, locals=locals
entry=0x7f03531c53c0, flags=flags
entry=0x7fff394aa408, arena=arena
entry=0x7f0352fe1fd0) at Python/pythonrun.c:1242
#44 0x00007f03537dfdf2 in pyrun_file (flags=0x7fff394aa408, closeit=1, locals=0x7f03531c53c0, globals=0x7f03531c53c0, start=257, filename=0x7f0353130390, fp=0xa260f0) at Python/pythonrun.c:1140
#45 pyrun_simple_file (flags=0x7fff394aa408, closeit=1, filename=0x7f0353130390, fp=0xa260f0) at Python/pythonrun.c:450
#46 PyRun_SimpleFileExFlags (fp=fp
entry=0xa260f0, filename=<optimized out>, closeit=closeit
entry=1, flags=flags
entry=0x7fff394aa408) at Python/pythonrun.c:483
#47 0x00007f03537e0453 in PyRun_AnyFileExFlags (fp=fp
entry=0xa260f0, filename=<optimized out>, closeit=closeit
entry=1, flags=flags
entry=0x7fff394aa408) at Python/pythonrun.c:92
#48 0x00007f03537fde28 in pymain_run_file (cf=0x7fff394aa408, config=0x9d0f60) at Modules/main.c:373
#49 pymain_run_python (exitcode=0x7fff394aa400) at Modules/main.c:598
#50 Py_RunMain () at Modules/main.c:677
#51 0x00007f03537fe347 in pymain_main (args=0x7fff394aa4f0) at Modules/main.c:707
#52 Py_BytesMain (argc=<optimized out>, argv=<optimized out>) at Modules/main.c:731
#53 0x00007f035330b590 in __libc_start_call_main () from /lib64/libc.so.6
#54 0x00007f035330b640 in __libc_start_main_impl () from /lib64/libc.so.6
#55 0x0000000000401075 in _start ()
===========================================================


The lines below might hint at the cause of the crash. If you see question
marks as part of the stack trace, try to recompile with debugging information
enabled and export CLING_DEBUG=1 environment variable before running.
You may get help by asking at the ROOT forum https://root.cern/forum
preferably using the command (.forum bug) in the ROOT prompt.
Only if you are really convinced it is a bug in ROOT then please submit a
report at https://root.cern/bugs or (preferably) using the command (.gh bug) in
the ROOT prompt. Please post the ENTIRE stack trace
from above as an attachment in addition to anything else
that might help us fixing this issue.
===========================================================
#6  0x00007f032eb0364d in RooStats::ModelConfig::SetHasOnlyParameters(RooArgSet const&, char const*) () from /cvmfs/cms.cern.ch/el9_amd64_gcc12/lcg/root/6.30.07-8b1a11e1ef0e074fdfd44e162b27e71c/lib/libRooFitCore.so
#7  0x00007f032eb09d30 in RooStats::ModelConfig::SetObservables(RooArgSet const&) () from /cvmfs/cms.cern.ch/el9_amd64_gcc12/lcg/root/6.30.07-8b1a11e1ef0e074fdfd44e162b27e71c/lib/libRooFitCore.so
#8  0x00007f032d11b013 in ?? ()
#9  0x0000000000000001 in ?? ()
#10 0x00007f0352d15078 in WrapperCall(long, unsigned long, void*, void*, void*) () from /cvmfs/cms.cern.ch/el9_amd64_gcc12/lcg/root/6.30.07-8b1a11e1ef0e074fdfd44e162b27e71c/lib/libcppyy_backend3_9.so
#11 0x00007f0352d96e97 in CPyCppyy::(anonymous namespace)::VoidExecutor::Execute(long, void*, CPyCppyy::CallContext*) () from /cvmfs/cms.cern.ch/el9_amd64_gcc12/lcg/root/6.30.07-8b1a11e1ef0e074fdfd44e162b27e71c/lib/libcppyy3_9.so
#12 0x00007f0352d82f87 in CPyCppyy::CPPMethod::ExecuteFast(void*, long, CPyCppyy::CallContext*) [clone .isra.0] () from /cvmfs/cms.cern.ch/el9_amd64_gcc12/lcg/root/6.30.07-8b1a11e1ef0e074fdfd44e162b27e71c/lib/libcppyy3_9.so
#13 0x00007f0352d84316 in CPyCppyy::CPPMethod::Execute(void*, long, CPyCppyy::CallContext*) () from /cvmfs/cms.cern.ch/el9_amd64_gcc12/lcg/root/6.30.07-8b1a11e1ef0e074fdfd44e162b27e71c/lib/libcppyy3_9.so
#14 0x00007f0352d850cf in CPyCppyy::CPPMethod::Call(CPyCppyy::CPPInstance*&, _object*, _object*, CPyCppyy::CallContext*) () from /cvmfs/cms.cern.ch/el9_amd64_gcc12/lcg/root/6.30.07-8b1a11e1ef0e074fdfd44e162b27e71c/lib/libcppyy3_9.so
#15 0x00007f0352d89e9a in CPyCppyy::(anonymous namespace)::mp_call(CPyCppyy::CPPOverload*, _object*, _object*) () from /cvmfs/cms.cern.ch/el9_amd64_gcc12/lcg/root/6.30.07-8b1a11e1ef0e074fdfd44e162b27e71c/lib/libcppyy3_9.so
#16 0x00007f03536b786e in _PyObject_MakeTpCall (tstate=0x9d3180, callable=callable
entry=0x7f032f12ca00, args=args
entry=0x1565bb0, nargs=1, keywords=keywords
entry=0x0) at Objects/call.c:191
#17 0x00007f035366e50a in _PyObject_VectorcallTstate (kwnames=0x0, nargsf=9223372036854775809, args=0x1565bb0, callable=0x7f032f12ca00, tstate=<optimized out>) at ./Include/cpython/abstract.h:116
#18 _PyObject_VectorcallTstate (kwnames=0x0, nargsf=9223372036854775809, args=0x1565bb0, callable=0x7f032f12ca00, tstate=<optimized out>) at ./Include/cpython/abstract.h:103
#19 PyObject_Vectorcall (kwnames=0x0, nargsf=9223372036854775809, args=<optimized out>, callable=0x7f032f12ca00) at ./Include/cpython/abstract.h:127
#20 call_function (kwnames=0x0, oparg=1, pp_stack=<synthetic pointer>, tstate=0x9d3180) at Python/ceval.c:5077
#21 _PyEval_EvalFrameDefault (tstate=<optimized out>, f=<optimized out>, throwflag=<optimized out>) at Python/ceval.c:3489
#22 0x00007f03536659fb in _PyEval_EvalFrame (throwflag=0, f=0x15659d0, tstate=0x9d3180) at ./Include/internal/pycore_ceval.h:40
#23 function_code_fastcall (tstate=0x9d3180, co=<optimized out>, args=<optimized out>, nargs=1, globals=<optimized out>) at Objects/call.c:330
#24 0x00007f035366cd0f in _PyObject_VectorcallTstate (kwnames=0x0, nargsf=<optimized out>, args=0x7f032f13b740, callable=0x7f0352dfd700, tstate=0x9d3180) at ./Include/cpython/abstract.h:118
#25 PyObject_Vectorcall (kwnames=0x0, nargsf=<optimized out>, args=<optimized out>, callable=<optimized out>) at ./Include/cpython/abstract.h:127
#26 call_function (kwnames=0x0, oparg=<optimized out>, pp_stack=<synthetic pointer>, tstate=0x9d3180) at Python/ceval.c:5077
#27 _PyEval_EvalFrameDefault (tstate=<optimized out>, f=<optimized out>, throwflag=<optimized out>) at Python/ceval.c:3506
#28 0x00007f035379ea91 in _PyEval_EvalFrame (throwflag=0, f=0x7f032f13b5b0, tstate=0x9d3180) at ./Include/internal/pycore_ceval.h:40
#29 _PyEval_EvalCode (tstate=tstate
entry=0x9d3180, _co=<optimized out>, globals=<optimized out>, locals=locals
entry=0x0, args=<optimized out>, argcount=1, kwnames=0x7f035312e2f8, kwargs=0xa271b0, kwcount=1, kwstep=1, defs=0x7f034c5f7808, defcount=1, kwdefs=0x0, closure=0x0, name=0x7f0352f90730, qualname=0x7f03455496c0) at Python/ceval.c:4329
#30 0x00007f03536b769d in _PyFunction_Vectorcall (func=<optimized out>, stack=<optimized out>, nargsf=<optimized out>, kwnames=<optimized out>) at Objects/call.c:396
#31 0x00007f03536ba198 in _PyObject_VectorcallTstate (kwnames=0x7f035312e2e0, nargsf=1, args=0xa271a8, callable=0x7f034554cf70, tstate=0x9d3180) at ./Include/cpython/abstract.h:118
#32 method_vectorcall (method=<optimized out>, args=0xa271b0, nargsf=<optimized out>, kwnames=0x7f035312e2e0) at Objects/classobject.c:53
#33 0x00007f035366bde6 in _PyObject_VectorcallTstate (kwnames=0x7f035312e2e0, nargsf=9223372036854775808, args=0xa271b0, callable=0x7f0347530500, tstate=0x9d3180) at ./Include/cpython/abstract.h:118
#34 PyObject_Vectorcall (kwnames=0x7f035312e2e0, nargsf=9223372036854775808, args=0xa271b0, callable=<optimized out>) at ./Include/cpython/abstract.h:127
#35 call_function (kwnames=0x7f035312e2e0, oparg=<optimized out>, pp_stack=<synthetic pointer>, tstate=0x9d3180) at Python/ceval.c:5077
#36 _PyEval_EvalFrameDefault (tstate=<optimized out>, f=<optimized out>, throwflag=<optimized out>) at Python/ceval.c:3537
#37 0x00007f035379ea91 in _PyEval_EvalFrame (throwflag=0, f=0xa27040, tstate=0x9d3180) at ./Include/internal/pycore_ceval.h:40
#38 _PyEval_EvalCode (tstate=0x9d3180, _co=_co
entry=0x7f03531a33a0, globals=globals
entry=0x7f03531c53c0, locals=locals
entry=0x7f03531c53c0, args=args
entry=0x0, argcount=argcount
entry=0, kwnames=0x0, kwargs=0x0, kwcount=0, kwstep=2, defs=0x0, defcount=0, kwdefs=0x0, closure=0x0, name=0x0, qualname=0x0) at Python/ceval.c:4329
#39 0x00007f035379ee32 in _PyEval_EvalCodeWithName (_co=_co
entry=0x7f03531a33a0, globals=globals
entry=0x7f03531c53c0, locals=locals
entry=0x7f03531c53c0, args=args
entry=0x0, argcount=argcount
entry=0, kwnames=kwnames
entry=0x0, kwargs=0x0, kwcount=0, kwstep=2, defs=0x0, defcount=0, kwdefs=0x0, closure=0x0, name=0x0, qualname=0x0) at Python/ceval.c:4361
#40 0x00007f035379ee7b in PyEval_EvalCodeEx (_co=_co
entry=0x7f03531a33a0, globals=globals
entry=0x7f03531c53c0, locals=locals
entry=0x7f03531c53c0, args=args
entry=0x0, argcount=argcount
entry=0, kws=kws
entry=0x0, kwcount=0, defs=0x0, defcount=0, kwdefs=0x0, closure=0x0) at Python/ceval.c:4377
#41 0x00007f035379eeab in PyEval_EvalCode (co=co
entry=0x7f03531a33a0, globals=globals
entry=0x7f03531c53c0, locals=locals
entry=0x7f03531c53c0) at Python/ceval.c:828
#42 0x00007f03537de3a9 in run_eval_code_obj (locals=0x7f03531c53c0, globals=0x7f03531c53c0, co=0x7f03531a33a0, tstate=0x9d3180) at Python/pythonrun.c:1221
#43 run_mod (mod=<optimized out>, filename=filename
entry=0x7f0353130390, globals=globals
entry=0x7f03531c53c0, locals=locals
entry=0x7f03531c53c0, flags=flags
entry=0x7fff394aa408, arena=arena
entry=0x7f0352fe1fd0) at Python/pythonrun.c:1242
#44 0x00007f03537dfdf2 in pyrun_file (flags=0x7fff394aa408, closeit=1, locals=0x7f03531c53c0, globals=0x7f03531c53c0, start=257, filename=0x7f0353130390, fp=0xa260f0) at Python/pythonrun.c:1140
#45 pyrun_simple_file (flags=0x7fff394aa408, closeit=1, filename=0x7f0353130390, fp=0xa260f0) at Python/pythonrun.c:450
#46 PyRun_SimpleFileExFlags (fp=fp
entry=0xa260f0, filename=<optimized out>, closeit=closeit
entry=1, flags=flags
entry=0x7fff394aa408) at Python/pythonrun.c:483
#47 0x00007f03537e0453 in PyRun_AnyFileExFlags (fp=fp
entry=0xa260f0, filename=<optimized out>, closeit=closeit
entry=1, flags=flags
entry=0x7fff394aa408) at Python/pythonrun.c:92
#48 0x00007f03537fde28 in pymain_run_file (cf=0x7fff394aa408, config=0x9d0f60) at Modules/main.c:373
#49 pymain_run_python (exitcode=0x7fff394aa400) at Modules/main.c:598
#50 Py_RunMain () at Modules/main.c:677
#51 0x00007f03537fe347 in pymain_main (args=0x7fff394aa4f0) at Modules/main.c:707
#52 Py_BytesMain (argc=<optimized out>, argv=<optimized out>) at Modules/main.c:731
#53 0x00007f035330b590 in __libc_start_call_main () from /lib64/libc.so.6
#54 0x00007f035330b640 in __libc_start_main_impl () from /lib64/libc.so.6
#55 0x0000000000401075 in _start ()
===========================================================


 *** Break *** segmentation violation



===========================================================
There was a crash.
This is the entire stack trace of all threads:
===========================================================

Thread 9 (Thread 0x7f0330b3d640 (LWP 1456082) "python3"):
#0  0x00007f035336879a in __futex_abstimed_wait_common () from /lib64/libc.so.6
#1  0x00007f035336afa0 in pthread_cond_wait

GLIBC_2.3.2 () from /lib64/libc.so.6
#2  0x00007f03343e904f in th_worker (tidptr=<optimized out>) at numexpr/module.cpp:60
#3  0x00007f035336bc02 in start_thread () from /lib64/libc.so.6
#4  0x00007f03533f0c40 in clone3 () from /lib64/libc.so.6

Thread 8 (Thread 0x7f033133e640 (LWP 1456080) "python3"):
#0  0x00007f035336879a in __futex_abstimed_wait_common () from /lib64/libc.so.6
#1  0x00007f035336afa0 in pthread_cond_wait

GLIBC_2.3.2 () from /lib64/libc.so.6
#2  0x00007f03343e904f in th_worker (tidptr=<optimized out>) at numexpr/module.cpp:60
#3  0x00007f035336bc02 in start_thread () from /lib64/libc.so.6
#4  0x00007f03533f0c40 in clone3 () from /lib64/libc.so.6

Thread 7 (Thread 0x7f0331b3f640 (LWP 1456078) "python3"):
#0  0x00007f035336879a in __futex_abstimed_wait_common () from /lib64/libc.so.6
#1  0x00007f035336afa0 in pthread_cond_wait

GLIBC_2.3.2 () from /lib64/libc.so.6
#2  0x00007f03343e904f in th_worker (tidptr=<optimized out>) at numexpr/module.cpp:60
#3  0x00007f035336bc02 in start_thread () from /lib64/libc.so.6
#4  0x00007f03533f0c40 in clone3 () from /lib64/libc.so.6

Thread 6 (Thread 0x7f0332340640 (LWP 1456077) "python3"):
#0  0x00007f035336879a in __futex_abstimed_wait_common () from /lib64/libc.so.6
#1  0x00007f035336afa0 in pthread_cond_wait

GLIBC_2.3.2 () from /lib64/libc.so.6
#2  0x00007f03343e904f in th_worker (tidptr=<optimized out>) at numexpr/module.cpp:60
#3  0x00007f035336bc02 in start_thread () from /lib64/libc.so.6
#4  0x00007f03533f0c40 in clone3 () from /lib64/libc.so.6

Thread 5 (Thread 0x7f0332b41640 (LWP 1456069) "python3"):
#0  0x00007f035336879a in __futex_abstimed_wait_common () from /lib64/libc.so.6
#1  0x00007f035336afa0 in pthread_cond_wait

GLIBC_2.3.2 () from /lib64/libc.so.6
#2  0x00007f03343e904f in th_worker (tidptr=<optimized out>) at numexpr/module.cpp:60
#3  0x00007f035336bc02 in start_thread () from /lib64/libc.so.6
#4  0x00007f03533f0c40 in clone3 () from /lib64/libc.so.6

Thread 4 (Thread 0x7f0333342640 (LWP 1456056) "python3"):
#0  0x00007f035336879a in __futex_abstimed_wait_common () from /lib64/libc.so.6
#1  0x00007f035336afa0 in pthread_cond_wait

GLIBC_2.3.2 () from /lib64/libc.so.6
#2  0x00007f03343e904f in th_worker (tidptr=<optimized out>) at numexpr/module.cpp:60
#3  0x00007f035336bc02 in start_thread () from /lib64/libc.so.6
#4  0x00007f03533f0c40 in clone3 () from /lib64/libc.so.6

Thread 3 (Thread 0x7f0333b43640 (LWP 1456042) "python3"):
#0  0x00007f035336879a in __futex_abstimed_wait_common () from /lib64/libc.so.6
#1  0x00007f035336afa0 in pthread_cond_wait

GLIBC_2.3.2 () from /lib64/libc.so.6
#2  0x00007f03343e904f in th_worker (tidptr=<optimized out>) at numexpr/module.cpp:60
#3  0x00007f035336bc02 in start_thread () from /lib64/libc.so.6
#4  0x00007f03533f0c40 in clone3 () from /lib64/libc.so.6

Thread 2 (Thread 0x7f0334344640 (LWP 1456027) "python3"):
#0  0x00007f035336879a in __futex_abstimed_wait_common () from /lib64/libc.so.6
#1  0x00007f035336afa0 in pthread_cond_wait

GLIBC_2.3.2 () from /lib64/libc.so.6
#2  0x00007f03343e904f in th_worker (tidptr=<optimized out>) at numexpr/module.cpp:60
#3  0x00007f035336bc02 in start_thread () from /lib64/libc.so.6
#4  0x00007f03533f0c40 in clone3 () from /lib64/libc.so.6

Thread 1 (Thread 0x7f03539c7740 (LWP 1449414) "python3"):
#0  0x00007f03533baa3f in wait4 () from /lib64/libc.so.6
#1  0x00007f035332d243 in do_system () from /lib64/libc.so.6
#2  0x00007f0352b6743d in TUnixSystem::StackTrace() () from /cvmfs/cms.cern.ch/el9_amd64_gcc12/lcg/root/6.30.07-8b1a11e1ef0e074fdfd44e162b27e71c/lib/libCore.so
#3  0x00007f0352d14423 in (anonymous namespace)::TExceptionHandlerImp::HandleException(int) () from /cvmfs/cms.cern.ch/el9_amd64_gcc12/lcg/root/6.30.07-8b1a11e1ef0e074fdfd44e162b27e71c/lib/libcppyy_backend3_9.so
#4  0x00007f0352b66c71 in TUnixSystem::DispatchSignals(ESignals) () from /cvmfs/cms.cern.ch/el9_amd64_gcc12/lcg/root/6.30.07-8b1a11e1ef0e074fdfd44e162b27e71c/lib/libCore.so
#5  <signal handler called>
#6  0x00007f032eb0364d in RooStats::ModelConfig::SetHasOnlyParameters(RooArgSet const&, char const*) () from /cvmfs/cms.cern.ch/el9_amd64_gcc12/lcg/root/6.30.07-8b1a11e1ef0e074fdfd44e162b27e71c/lib/libRooFitCore.so
#7  0x00007f032eb09d30 in RooStats::ModelConfig::SetObservables(RooArgSet const&) () from /cvmfs/cms.cern.ch/el9_amd64_gcc12/lcg/root/6.30.07-8b1a11e1ef0e074fdfd44e162b27e71c/lib/libRooFitCore.so
#8  0x00007f032d11b013 in ?? ()
#9  0x0000000000000001 in ?? ()
#10 0x00007f0352d15078 in WrapperCall(long, unsigned long, void*, void*, void*) () from /cvmfs/cms.cern.ch/el9_amd64_gcc12/lcg/root/6.30.07-8b1a11e1ef0e074fdfd44e162b27e71c/lib/libcppyy_backend3_9.so
#11 0x00007f0352d96e97 in CPyCppyy::(anonymous namespace)::VoidExecutor::Execute(long, void*, CPyCppyy::CallContext*) () from /cvmfs/cms.cern.ch/el9_amd64_gcc12/lcg/root/6.30.07-8b1a11e1ef0e074fdfd44e162b27e71c/lib/libcppyy3_9.so
#12 0x00007f0352d82f87 in CPyCppyy::CPPMethod::ExecuteFast(void*, long, CPyCppyy::CallContext*) [clone .isra.0] () from /cvmfs/cms.cern.ch/el9_amd64_gcc12/lcg/root/6.30.07-8b1a11e1ef0e074fdfd44e162b27e71c/lib/libcppyy3_9.so
#13 0x00007f0352d84316 in CPyCppyy::CPPMethod::Execute(void*, long, CPyCppyy::CallContext*) () from /cvmfs/cms.cern.ch/el9_amd64_gcc12/lcg/root/6.30.07-8b1a11e1ef0e074fdfd44e162b27e71c/lib/libcppyy3_9.so
#14 0x00007f0352d850cf in CPyCppyy::CPPMethod::Call(CPyCppyy::CPPInstance*&, _object*, _object*, CPyCppyy::CallContext*) () from /cvmfs/cms.cern.ch/el9_amd64_gcc12/lcg/root/6.30.07-8b1a11e1ef0e074fdfd44e162b27e71c/lib/libcppyy3_9.so
#15 0x00007f0352d89e9a in CPyCppyy::(anonymous namespace)::mp_call(CPyCppyy::CPPOverload*, _object*, _object*) () from /cvmfs/cms.cern.ch/el9_amd64_gcc12/lcg/root/6.30.07-8b1a11e1ef0e074fdfd44e162b27e71c/lib/libcppyy3_9.so
#16 0x00007f03536b786e in _PyObject_MakeTpCall (tstate=0x9d3180, callable=callable
entry=0x7f032f12ca00, args=args
entry=0x1565bb0, nargs=1, keywords=keywords
entry=0x0) at Objects/call.c:191
#17 0x00007f035366e50a in _PyObject_VectorcallTstate (kwnames=0x0, nargsf=9223372036854775809, args=0x1565bb0, callable=0x7f032f12ca00, tstate=<optimized out>) at ./Include/cpython/abstract.h:116
#18 _PyObject_VectorcallTstate (kwnames=0x0, nargsf=9223372036854775809, args=0x1565bb0, callable=0x7f032f12ca00, tstate=<optimized out>) at ./Include/cpython/abstract.h:103
#19 PyObject_Vectorcall (kwnames=0x0, nargsf=9223372036854775809, args=<optimized out>, callable=0x7f032f12ca00) at ./Include/cpython/abstract.h:127
#20 call_function (kwnames=0x0, oparg=1, pp_stack=<synthetic pointer>, tstate=0x9d3180) at Python/ceval.c:5077
#21 _PyEval_EvalFrameDefault (tstate=<optimized out>, f=<optimized out>, throwflag=<optimized out>) at Python/ceval.c:3489
#22 0x00007f03536659fb in _PyEval_EvalFrame (throwflag=0, f=0x15659d0, tstate=0x9d3180) at ./Include/internal/pycore_ceval.h:40
#23 function_code_fastcall (tstate=0x9d3180, co=<optimized out>, args=<optimized out>, nargs=1, globals=<optimized out>) at Objects/call.c:330
#24 0x00007f035366cd0f in _PyObject_VectorcallTstate (kwnames=0x0, nargsf=<optimized out>, args=0x7f032f13b740, callable=0x7f0352dfd700, tstate=0x9d3180) at ./Include/cpython/abstract.h:118
#25 PyObject_Vectorcall (kwnames=0x0, nargsf=<optimized out>, args=<optimized out>, callable=<optimized out>) at ./Include/cpython/abstract.h:127
#26 call_function (kwnames=0x0, oparg=<optimized out>, pp_stack=<synthetic pointer>, tstate=0x9d3180) at Python/ceval.c:5077
#27 _PyEval_EvalFrameDefault (tstate=<optimized out>, f=<optimized out>, throwflag=<optimized out>) at Python/ceval.c:3506
#28 0x00007f035379ea91 in _PyEval_EvalFrame (throwflag=0, f=0x7f032f13b5b0, tstate=0x9d3180) at ./Include/internal/pycore_ceval.h:40
#29 _PyEval_EvalCode (tstate=tstate
entry=0x9d3180, _co=<optimized out>, globals=<optimized out>, locals=locals
entry=0x0, args=<optimized out>, argcount=1, kwnames=0x7f035312e2f8, kwargs=0xa271b0, kwcount=1, kwstep=1, defs=0x7f034c5f7808, defcount=1, kwdefs=0x0, closure=0x0, name=0x7f0352f90730, qualname=0x7f03455496c0) at Python/ceval.c:4329
#30 0x00007f03536b769d in _PyFunction_Vectorcall (func=<optimized out>, stack=<optimized out>, nargsf=<optimized out>, kwnames=<optimized out>) at Objects/call.c:396
#31 0x00007f03536ba198 in _PyObject_VectorcallTstate (kwnames=0x7f035312e2e0, nargsf=1, args=0xa271a8, callable=0x7f034554cf70, tstate=0x9d3180) at ./Include/cpython/abstract.h:118
#32 method_vectorcall (method=<optimized out>, args=0xa271b0, nargsf=<optimized out>, kwnames=0x7f035312e2e0) at Objects/classobject.c:53
#33 0x00007f035366bde6 in _PyObject_VectorcallTstate (kwnames=0x7f035312e2e0, nargsf=9223372036854775808, args=0xa271b0, callable=0x7f0347530500, tstate=0x9d3180) at ./Include/cpython/abstract.h:118
#34 PyObject_Vectorcall (kwnames=0x7f035312e2e0, nargsf=9223372036854775808, args=0xa271b0, callable=<optimized out>) at ./Include/cpython/abstract.h:127
#35 call_function (kwnames=0x7f035312e2e0, oparg=<optimized out>, pp_stack=<synthetic pointer>, tstate=0x9d3180) at Python/ceval.c:5077
#36 _PyEval_EvalFrameDefault (tstate=<optimized out>, f=<optimized out>, throwflag=<optimized out>) at Python/ceval.c:3537
#37 0x00007f035379ea91 in _PyEval_EvalFrame (throwflag=0, f=0xa27040, tstate=0x9d3180) at ./Include/internal/pycore_ceval.h:40
#38 _PyEval_EvalCode (tstate=0x9d3180, _co=_co
entry=0x7f03531a33a0, globals=globals
entry=0x7f03531c53c0, locals=locals
entry=0x7f03531c53c0, args=args
entry=0x0, argcount=argcount
entry=0, kwnames=0x0, kwargs=0x0, kwcount=0, kwstep=2, defs=0x0, defcount=0, kwdefs=0x0, closure=0x0, name=0x0, qualname=0x0) at Python/ceval.c:4329
#39 0x00007f035379ee32 in _PyEval_EvalCodeWithName (_co=_co
entry=0x7f03531a33a0, globals=globals
entry=0x7f03531c53c0, locals=locals
entry=0x7f03531c53c0, args=args
entry=0x0, argcount=argcount
entry=0, kwnames=kwnames
entry=0x0, kwargs=0x0, kwcount=0, kwstep=2, defs=0x0, defcount=0, kwdefs=0x0, closure=0x0, name=0x0, qualname=0x0) at Python/ceval.c:4361
#40 0x00007f035379ee7b in PyEval_EvalCodeEx (_co=_co
entry=0x7f03531a33a0, globals=globals
entry=0x7f03531c53c0, locals=locals
entry=0x7f03531c53c0, args=args
entry=0x0, argcount=argcount
entry=0, kws=kws
entry=0x0, kwcount=0, defs=0x0, defcount=0, kwdefs=0x0, closure=0x0) at Python/ceval.c:4377
#41 0x00007f035379eeab in PyEval_EvalCode (co=co
entry=0x7f03531a33a0, globals=globals
entry=0x7f03531c53c0, locals=locals
entry=0x7f03531c53c0) at Python/ceval.c:828
#42 0x00007f03537de3a9 in run_eval_code_obj (locals=0x7f03531c53c0, globals=0x7f03531c53c0, co=0x7f03531a33a0, tstate=0x9d3180) at Python/pythonrun.c:1221
#43 run_mod (mod=<optimized out>, filename=filename
entry=0x7f0353130390, globals=globals
entry=0x7f03531c53c0, locals=locals
entry=0x7f03531c53c0, flags=flags
entry=0x7fff394aa408, arena=arena
entry=0x7f0352fe1fd0) at Python/pythonrun.c:1242
#44 0x00007f03537dfdf2 in pyrun_file (flags=0x7fff394aa408, closeit=1, locals=0x7f03531c53c0, globals=0x7f03531c53c0, start=257, filename=0x7f0353130390, fp=0xa260f0) at Python/pythonrun.c:1140
#45 pyrun_simple_file (flags=0x7fff394aa408, closeit=1, filename=0x7f0353130390, fp=0xa260f0) at Python/pythonrun.c:450
#46 PyRun_SimpleFileExFlags (fp=fp
entry=0xa260f0, filename=<optimized out>, closeit=closeit
entry=1, flags=flags
entry=0x7fff394aa408) at Python/pythonrun.c:483
#47 0x00007f03537e0453 in PyRun_AnyFileExFlags (fp=fp
entry=0xa260f0, filename=<optimized out>, closeit=closeit
entry=1, flags=flags
entry=0x7fff394aa408) at Python/pythonrun.c:92
#48 0x00007f03537fde28 in pymain_run_file (cf=0x7fff394aa408, config=0x9d0f60) at Modules/main.c:373
#49 pymain_run_python (exitcode=0x7fff394aa400) at Modules/main.c:598
#50 Py_RunMain () at Modules/main.c:677
#51 0x00007f03537fe347 in pymain_main (args=0x7fff394aa4f0) at Modules/main.c:707
#52 Py_BytesMain (argc=<optimized out>, argv=<optimized out>) at Modules/main.c:731
#53 0x00007f035330b590 in __libc_start_call_main () from /lib64/libc.so.6
#54 0x00007f035330b640 in __libc_start_main_impl () from /lib64/libc.so.6
#55 0x0000000000401075 in _start ()
===========================================================


The lines below might hint at the cause of the crash. If you see question
marks as part of the stack trace, try to recompile with debugging information
enabled and export CLING_DEBUG=1 environment variable before running.
You may get help by asking at the ROOT forum https://root.cern/forum
preferably using the command (.forum bug) in the ROOT prompt.
Only if you are really convinced it is a bug in ROOT then please submit a
report at https://root.cern/bugs or (preferably) using the command (.gh bug) in
the ROOT prompt. Please post the ENTIRE stack trace
from above as an attachment in addition to anything else
that might help us fixing this issue.
===========================================================
#6  0x00007f032eb0364d in RooStats::ModelConfig::SetHasOnlyParameters(RooArgSet const&, char const*) () from /cvmfs/cms.cern.ch/el9_amd64_gcc12/lcg/root/6.30.07-8b1a11e1ef0e074fdfd44e162b27e71c/lib/libRooFitCore.so
#7  0x00007f032eb09d30 in RooStats::ModelConfig::SetObservables(RooArgSet const&) () from /cvmfs/cms.cern.ch/el9_amd64_gcc12/lcg/root/6.30.07-8b1a11e1ef0e074fdfd44e162b27e71c/lib/libRooFitCore.so
#8  0x00007f032d11b013 in ?? ()
#9  0x0000000000000001 in ?? ()
#10 0x00007f0352d15078 in WrapperCall(long, unsigned long, void*, void*, void*) () from /cvmfs/cms.cern.ch/el9_amd64_gcc12/lcg/root/6.30.07-8b1a11e1ef0e074fdfd44e162b27e71c/lib/libcppyy_backend3_9.so
#11 0x00007f0352d96e97 in CPyCppyy::(anonymous namespace)::VoidExecutor::Execute(long, void*, CPyCppyy::CallContext*) () from /cvmfs/cms.cern.ch/el9_amd64_gcc12/lcg/root/6.30.07-8b1a11e1ef0e074fdfd44e162b27e71c/lib/libcppyy3_9.so
#12 0x00007f0352d82f87 in CPyCppyy::CPPMethod::ExecuteFast(void*, long, CPyCppyy::CallContext*) [clone .isra.0] () from /cvmfs/cms.cern.ch/el9_amd64_gcc12/lcg/root/6.30.07-8b1a11e1ef0e074fdfd44e162b27e71c/lib/libcppyy3_9.so
#13 0x00007f0352d84316 in CPyCppyy::CPPMethod::Execute(void*, long, CPyCppyy::CallContext*) () from /cvmfs/cms.cern.ch/el9_amd64_gcc12/lcg/root/6.30.07-8b1a11e1ef0e074fdfd44e162b27e71c/lib/libcppyy3_9.so
#14 0x00007f0352d850cf in CPyCppyy::CPPMethod::Call(CPyCppyy::CPPInstance*&, _object*, _object*, CPyCppyy::CallContext*) () from /cvmfs/cms.cern.ch/el9_amd64_gcc12/lcg/root/6.30.07-8b1a11e1ef0e074fdfd44e162b27e71c/lib/libcppyy3_9.so
#15 0x00007f0352d89e9a in CPyCppyy::(anonymous namespace)::mp_call(CPyCppyy::CPPOverload*, _object*, _object*) () from /cvmfs/cms.cern.ch/el9_amd64_gcc12/lcg/root/6.30.07-8b1a11e1ef0e074fdfd44e162b27e71c/lib/libcppyy3_9.so
#16 0x00007f03536b786e in _PyObject_MakeTpCall (tstate=0x9d3180, callable=callable
entry=0x7f032f12ca00, args=args
entry=0x1565bb0, nargs=1, keywords=keywords
entry=0x0) at Objects/call.c:191
#17 0x00007f035366e50a in _PyObject_VectorcallTstate (kwnames=0x0, nargsf=9223372036854775809, args=0x1565bb0, callable=0x7f032f12ca00, tstate=<optimized out>) at ./Include/cpython/abstract.h:116
#18 _PyObject_VectorcallTstate (kwnames=0x0, nargsf=9223372036854775809, args=0x1565bb0, callable=0x7f032f12ca00, tstate=<optimized out>) at ./Include/cpython/abstract.h:103
#19 PyObject_Vectorcall (kwnames=0x0, nargsf=9223372036854775809, args=<optimized out>, callable=0x7f032f12ca00) at ./Include/cpython/abstract.h:127
#20 call_function (kwnames=0x0, oparg=1, pp_stack=<synthetic pointer>, tstate=0x9d3180) at Python/ceval.c:5077
#21 _PyEval_EvalFrameDefault (tstate=<optimized out>, f=<optimized out>, throwflag=<optimized out>) at Python/ceval.c:3489
#22 0x00007f03536659fb in _PyEval_EvalFrame (throwflag=0, f=0x15659d0, tstate=0x9d3180) at ./Include/internal/pycore_ceval.h:40
#23 function_code_fastcall (tstate=0x9d3180, co=<optimized out>, args=<optimized out>, nargs=1, globals=<optimized out>) at Objects/call.c:330
#24 0x00007f035366cd0f in _PyObject_VectorcallTstate (kwnames=0x0, nargsf=<optimized out>, args=0x7f032f13b740, callable=0x7f0352dfd700, tstate=0x9d3180) at ./Include/cpython/abstract.h:118
#25 PyObject_Vectorcall (kwnames=0x0, nargsf=<optimized out>, args=<optimized out>, callable=<optimized out>) at ./Include/cpython/abstract.h:127
#26 call_function (kwnames=0x0, oparg=<optimized out>, pp_stack=<synthetic pointer>, tstate=0x9d3180) at Python/ceval.c:5077
#27 _PyEval_EvalFrameDefault (tstate=<optimized out>, f=<optimized out>, throwflag=<optimized out>) at Python/ceval.c:3506
#28 0x00007f035379ea91 in _PyEval_EvalFrame (throwflag=0, f=0x7f032f13b5b0, tstate=0x9d3180) at ./Include/internal/pycore_ceval.h:40
#29 _PyEval_EvalCode (tstate=tstate
entry=0x9d3180, _co=<optimized out>, globals=<optimized out>, locals=locals
entry=0x0, args=<optimized out>, argcount=1, kwnames=0x7f035312e2f8, kwargs=0xa271b0, kwcount=1, kwstep=1, defs=0x7f034c5f7808, defcount=1, kwdefs=0x0, closure=0x0, name=0x7f0352f90730, qualname=0x7f03455496c0) at Python/ceval.c:4329
#30 0x00007f03536b769d in _PyFunction_Vectorcall (func=<optimized out>, stack=<optimized out>, nargsf=<optimized out>, kwnames=<optimized out>) at Objects/call.c:396
#31 0x00007f03536ba198 in _PyObject_VectorcallTstate (kwnames=0x7f035312e2e0, nargsf=1, args=0xa271a8, callable=0x7f034554cf70, tstate=0x9d3180) at ./Include/cpython/abstract.h:118
#32 method_vectorcall (method=<optimized out>, args=0xa271b0, nargsf=<optimized out>, kwnames=0x7f035312e2e0) at Objects/classobject.c:53
#33 0x00007f035366bde6 in _PyObject_VectorcallTstate (kwnames=0x7f035312e2e0, nargsf=9223372036854775808, args=0xa271b0, callable=0x7f0347530500, tstate=0x9d3180) at ./Include/cpython/abstract.h:118
#34 PyObject_Vectorcall (kwnames=0x7f035312e2e0, nargsf=9223372036854775808, args=0xa271b0, callable=<optimized out>) at ./Include/cpython/abstract.h:127
#35 call_function (kwnames=0x7f035312e2e0, oparg=<optimized out>, pp_stack=<synthetic pointer>, tstate=0x9d3180) at Python/ceval.c:5077
#36 _PyEval_EvalFrameDefault (tstate=<optimized out>, f=<optimized out>, throwflag=<optimized out>) at Python/ceval.c:3537
#37 0x00007f035379ea91 in _PyEval_EvalFrame (throwflag=0, f=0xa27040, tstate=0x9d3180) at ./Include/internal/pycore_ceval.h:40
#38 _PyEval_EvalCode (tstate=0x9d3180, _co=_co
entry=0x7f03531a33a0, globals=globals
entry=0x7f03531c53c0, locals=locals
entry=0x7f03531c53c0, args=args
entry=0x0, argcount=argcount
entry=0, kwnames=0x0, kwargs=0x0, kwcount=0, kwstep=2, defs=0x0, defcount=0, kwdefs=0x0, closure=0x0, name=0x0, qualname=0x0) at Python/ceval.c:4329
#39 0x00007f035379ee32 in _PyEval_EvalCodeWithName (_co=_co
entry=0x7f03531a33a0, globals=globals
entry=0x7f03531c53c0, locals=locals
entry=0x7f03531c53c0, args=args
entry=0x0, argcount=argcount
entry=0, kwnames=kwnames
entry=0x0, kwargs=0x0, kwcount=0, kwstep=2, defs=0x0, defcount=0, kwdefs=0x0, closure=0x0, name=0x0, qualname=0x0) at Python/ceval.c:4361
#40 0x00007f035379ee7b in PyEval_EvalCodeEx (_co=_co
entry=0x7f03531a33a0, globals=globals
entry=0x7f03531c53c0, locals=locals
entry=0x7f03531c53c0, args=args
entry=0x0, argcount=argcount
entry=0, kws=kws
entry=0x0, kwcount=0, defs=0x0, defcount=0, kwdefs=0x0, closure=0x0) at Python/ceval.c:4377
#41 0x00007f035379eeab in PyEval_EvalCode (co=co
entry=0x7f03531a33a0, globals=globals
entry=0x7f03531c53c0, locals=locals
entry=0x7f03531c53c0) at Python/ceval.c:828
#42 0x00007f03537de3a9 in run_eval_code_obj (locals=0x7f03531c53c0, globals=0x7f03531c53c0, co=0x7f03531a33a0, tstate=0x9d3180) at Python/pythonrun.c:1221
#43 run_mod (mod=<optimized out>, filename=filename
entry=0x7f0353130390, globals=globals
entry=0x7f03531c53c0, locals=locals
entry=0x7f03531c53c0, flags=flags
entry=0x7fff394aa408, arena=arena
entry=0x7f0352fe1fd0) at Python/pythonrun.c:1242
#44 0x00007f03537dfdf2 in pyrun_file (flags=0x7fff394aa408, closeit=1, locals=0x7f03531c53c0, globals=0x7f03531c53c0, start=257, filename=0x7f0353130390, fp=0xa260f0) at Python/pythonrun.c:1140
#45 pyrun_simple_file (flags=0x7fff394aa408, closeit=1, filename=0x7f0353130390, fp=0xa260f0) at Python/pythonrun.c:450
#46 PyRun_SimpleFileExFlags (fp=fp
entry=0xa260f0, filename=<optimized out>, closeit=closeit
entry=1, flags=flags
entry=0x7fff394aa408) at Python/pythonrun.c:483
#47 0x00007f03537e0453 in PyRun_AnyFileExFlags (fp=fp
entry=0xa260f0, filename=<optimized out>, closeit=closeit
entry=1, flags=flags
entry=0x7fff394aa408) at Python/pythonrun.c:92
#48 0x00007f03537fde28 in pymain_run_file (cf=0x7fff394aa408, config=0x9d0f60) at Modules/main.c:373
#49 pymain_run_python (exitcode=0x7fff394aa400) at Modules/main.c:598
#50 Py_RunMain () at Modules/main.c:677
#51 0x00007f03537fe347 in pymain_main (args=0x7fff394aa4f0) at Modules/main.c:707
#52 Py_BytesMain (argc=<optimized out>, argv=<optimized out>) at Modules/main.c:731
#53 0x00007f035330b590 in __libc_start_call_main () from /lib64/libc.so.6
#54 0x00007f035330b640 in __libc_start_main_impl () from /lib64/libc.so.6
#55 0x0000000000401075 in _start ()
===========================================================


Error when running the combination:
	File /home/submit/lavezzo/SUEP/CMSSW_14_1_0_pre4/src/SUEPLimits/cards/WH_11_20_fixed_noShape/cards-SUEP_mS125.000_mPhi2.000_T0.500_modegeneric/combined.root does not exist

 ----------------- 

/tmp/submit_higgsCombineSUEP_mS125.000_mPhi2.000_T1.000_modegeneric.AsymptoticLimits.mH125.sh: line 20: warning: here-document at line 7 delimited by end-of-file (wanted `EOF')
Traceback (most recent call last):
  File "/home/submit/lavezzo/SUEP/CMSSW_14_1_0_pre4/bin/el9_amd64_gcc12/combineCards.py", line 162, in <module>
    file = open(fname, "r")
FileNotFoundError: [Errno 2] No such file or directory: 'cards-SUEP_mS125.000_mPhi2.000_T1.000_modegeneric/shapes-GJHScrA2018.dat'
 *** Break *** segmentation violation



===========================================================
There was a crash.
This is the entire stack trace of all threads:
===========================================================

Thread 9 (Thread 0x7fa0d6c2e640 (LWP 1456075) "python3"):
#0  0x00007fa0f947d79a in __futex_abstimed_wait_common () from /lib64/libc.so.6
#1  0x00007fa0f947ffa0 in pthread_cond_wait

GLIBC_2.3.2 () from /lib64/libc.so.6
#2  0x00007fa0dbaf904f in th_worker (tidptr=<optimized out>) at numexpr/module.cpp:60
#3  0x00007fa0f9480c02 in start_thread () from /lib64/libc.so.6
#4  0x00007fa0f9505c40 in clone3 () from /lib64/libc.so.6

Thread 8 (Thread 0x7fa0d742f640 (LWP 1456067) "python3"):
#0  0x00007fa0f947d79a in __futex_abstimed_wait_common () from /lib64/libc.so.6
#1  0x00007fa0f947ffa0 in pthread_cond_wait

GLIBC_2.3.2 () from /lib64/libc.so.6
#2  0x00007fa0dbaf904f in th_worker (tidptr=<optimized out>) at numexpr/module.cpp:60
#3  0x00007fa0f9480c02 in start_thread () from /lib64/libc.so.6
#4  0x00007fa0f9505c40 in clone3 () from /lib64/libc.so.6

Thread 7 (Thread 0x7fa0d7c30640 (LWP 1456059) "python3"):
#0  0x00007fa0f947d79a in __futex_abstimed_wait_common () from /lib64/libc.so.6
#1  0x00007fa0f947ffa0 in pthread_cond_wait

GLIBC_2.3.2 () from /lib64/libc.so.6
#2  0x00007fa0dbaf904f in th_worker (tidptr=<optimized out>) at numexpr/module.cpp:60
#3  0x00007fa0f9480c02 in start_thread () from /lib64/libc.so.6
#4  0x00007fa0f9505c40 in clone3 () from /lib64/libc.so.6

Thread 6 (Thread 0x7fa0d8431640 (LWP 1456048) "python3"):
#0  0x00007fa0f947d79a in __futex_abstimed_wait_common () from /lib64/libc.so.6
#1  0x00007fa0f947ffa0 in pthread_cond_wait

GLIBC_2.3.2 () from /lib64/libc.so.6
#2  0x00007fa0dbaf904f in th_worker (tidptr=<optimized out>) at numexpr/module.cpp:60
#3  0x00007fa0f9480c02 in start_thread () from /lib64/libc.so.6
#4  0x00007fa0f9505c40 in clone3 () from /lib64/libc.so.6

Thread 5 (Thread 0x7fa0d8c32640 (LWP 1456034) "python3"):
#0  0x00007fa0f947d79a in __futex_abstimed_wait_common () from /lib64/libc.so.6
#1  0x00007fa0f947ffa0 in pthread_cond_wait

GLIBC_2.3.2 () from /lib64/libc.so.6
#2  0x00007fa0dbaf904f in th_worker (tidptr=<optimized out>) at numexpr/module.cpp:60
#3  0x00007fa0f9480c02 in start_thread () from /lib64/libc.so.6
#4  0x00007fa0f9505c40 in clone3 () from /lib64/libc.so.6

Thread 4 (Thread 0x7fa0d9433640 (LWP 1456023) "python3"):
#0  0x00007fa0f947d79a in __futex_abstimed_wait_common () from /lib64/libc.so.6
#1  0x00007fa0f947ffa0 in pthread_cond_wait

GLIBC_2.3.2 () from /lib64/libc.so.6
#2  0x00007fa0dbaf904f in th_worker (tidptr=<optimized out>) at numexpr/module.cpp:60
#3  0x00007fa0f9480c02 in start_thread () from /lib64/libc.so.6
#4  0x00007fa0f9505c40 in clone3 () from /lib64/libc.so.6

Thread 3 (Thread 0x7fa0d9c34640 (LWP 1456014) "python3"):
#0  0x00007fa0f947d79a in __futex_abstimed_wait_common () from /lib64/libc.so.6
#1  0x00007fa0f947ffa0 in pthread_cond_wait

GLIBC_2.3.2 () from /lib64/libc.so.6
#2  0x00007fa0dbaf904f in th_worker (tidptr=<optimized out>) at numexpr/module.cpp:60
#3  0x00007fa0f9480c02 in start_thread () from /lib64/libc.so.6
#4  0x00007fa0f9505c40 in clone3 () from /lib64/libc.so.6

Thread 2 (Thread 0x7fa0da435640 (LWP 1456004) "python3"):
#0  0x00007fa0f947d79a in __futex_abstimed_wait_common () from /lib64/libc.so.6
#1  0x00007fa0f947ffa0 in pthread_cond_wait

GLIBC_2.3.2 () from /lib64/libc.so.6
#2  0x00007fa0dbaf904f in th_worker (tidptr=<optimized out>) at numexpr/module.cpp:60
#3  0x00007fa0f9480c02 in start_thread () from /lib64/libc.so.6
#4  0x00007fa0f9505c40 in clone3 () from /lib64/libc.so.6

Thread 1 (Thread 0x7fa0f99d5740 (LWP 1449406) "python3"):
#0  0x00007fa0f94cfa3f in wait4 () from /lib64/libc.so.6
#1  0x00007fa0f9442243 in do_system () from /lib64/libc.so.6
#2  0x00007fa0f8b6743d in TUnixSystem::StackTrace() () from /cvmfs/cms.cern.ch/el9_amd64_gcc12/lcg/root/6.30.07-8b1a11e1ef0e074fdfd44e162b27e71c/lib/libCore.so
#3  0x00007fa0f8e4e5a3 in (anonymous namespace)::TExceptionHandlerImp::HandleException(int) () from /cvmfs/cms.cern.ch/el9_amd64_gcc12/lcg/root/6.30.07-8b1a11e1ef0e074fdfd44e162b27e71c/lib/libcppyy_backend3_9.so
#4  0x00007fa0f8b66c71 in TUnixSystem::DispatchSignals(ESignals) () from /cvmfs/cms.cern.ch/el9_amd64_gcc12/lcg/root/6.30.07-8b1a11e1ef0e074fdfd44e162b27e71c/lib/libCore.so
#5  <signal handler called>
#6  0x00007fa0d4d0364d in RooStats::ModelConfig::SetHasOnlyParameters(RooArgSet const&, char const*) () from /cvmfs/cms.cern.ch/el9_amd64_gcc12/lcg/root/6.30.07-8b1a11e1ef0e074fdfd44e162b27e71c/lib/libRooFitCore.so
#7  0x00007fa0d4d09d30 in RooStats::ModelConfig::SetObservables(RooArgSet const&) () from /cvmfs/cms.cern.ch/el9_amd64_gcc12/lcg/root/6.30.07-8b1a11e1ef0e074fdfd44e162b27e71c/lib/libRooFitCore.so
#8  0x00007fa0d561d013 in ?? ()
#9  0x0000000000000001 in ?? ()
#10 0x00007fa0f8e4f078 in WrapperCall(long, unsigned long, void*, void*, void*) () from /cvmfs/cms.cern.ch/el9_amd64_gcc12/lcg/root/6.30.07-8b1a11e1ef0e074fdfd44e162b27e71c/lib/libcppyy_backend3_9.so
#11 0x00007fa0f8ed0e97 in CPyCppyy::(anonymous namespace)::VoidExecutor::Execute(long, void*, CPyCppyy::CallContext*) () from /cvmfs/cms.cern.ch/el9_amd64_gcc12/lcg/root/6.30.07-8b1a11e1ef0e074fdfd44e162b27e71c/lib/libcppyy3_9.so
#12 0x00007fa0f8ebcf87 in CPyCppyy::CPPMethod::ExecuteFast(void*, long, CPyCppyy::CallContext*) [clone .isra.0] () from /cvmfs/cms.cern.ch/el9_amd64_gcc12/lcg/root/6.30.07-8b1a11e1ef0e074fdfd44e162b27e71c/lib/libcppyy3_9.so
#13 0x00007fa0f8ebe316 in CPyCppyy::CPPMethod::Execute(void*, long, CPyCppyy::CallContext*) () from /cvmfs/cms.cern.ch/el9_amd64_gcc12/lcg/root/6.30.07-8b1a11e1ef0e074fdfd44e162b27e71c/lib/libcppyy3_9.so
#14 0x00007fa0f8ebf0cf in CPyCppyy::CPPMethod::Call(CPyCppyy::CPPInstance*&, _object*, _object*, CPyCppyy::CallContext*) () from /cvmfs/cms.cern.ch/el9_amd64_gcc12/lcg/root/6.30.07-8b1a11e1ef0e074fdfd44e162b27e71c/lib/libcppyy3_9.so
#15 0x00007fa0f8ec3e9a in CPyCppyy::(anonymous namespace)::mp_call(CPyCppyy::CPPOverload*, _object*, _object*) () from /cvmfs/cms.cern.ch/el9_amd64_gcc12/lcg/root/6.30.07-8b1a11e1ef0e074fdfd44e162b27e71c/lib/libcppyy3_9.so
#16 0x00007fa0f96b786e in _PyObject_MakeTpCall (tstate=0x14f1180, callable=callable
entry=0x7fa0d5212a00, args=args
entry=0x9c15890, nargs=1, keywords=keywords
entry=0x0) at Objects/call.c:191
#17 0x00007fa0f966e50a in _PyObject_VectorcallTstate (kwnames=0x0, nargsf=9223372036854775809, args=0x9c15890, callable=0x7fa0d5212a00, tstate=<optimized out>) at ./Include/cpython/abstract.h:116
#18 _PyObject_VectorcallTstate (kwnames=0x0, nargsf=9223372036854775809, args=0x9c15890, callable=0x7fa0d5212a00, tstate=<optimized out>) at ./Include/cpython/abstract.h:103
#19 PyObject_Vectorcall (kwnames=0x0, nargsf=9223372036854775809, args=<optimized out>, callable=0x7fa0d5212a00) at ./Include/cpython/abstract.h:127
#20 call_function (kwnames=0x0, oparg=1, pp_stack=<synthetic pointer>, tstate=0x14f1180) at Python/ceval.c:5077
#21 _PyEval_EvalFrameDefault (tstate=<optimized out>, f=<optimized out>, throwflag=<optimized out>) at Python/ceval.c:3489
#22 0x00007fa0f96659fb in _PyEval_EvalFrame (throwflag=0, f=0x9c156b0, tstate=0x14f1180) at ./Include/internal/pycore_ceval.h:40
#23 function_code_fastcall (tstate=0x14f1180, co=<optimized out>, args=<optimized out>, nargs=1, globals=<optimized out>) at Objects/call.c:330
#24 0x00007fa0f966cd0f in _PyObject_VectorcallTstate (kwnames=0x0, nargsf=<optimized out>, args=0x7fa0d5221740, callable=0x7fa0f8f37700, tstate=0x14f1180) at ./Include/cpython/abstract.h:118
#25 PyObject_Vectorcall (kwnames=0x0, nargsf=<optimized out>, args=<optimized out>, callable=<optimized out>) at ./Include/cpython/abstract.h:127
#26 call_function (kwnames=0x0, oparg=<optimized out>, pp_stack=<synthetic pointer>, tstate=0x14f1180) at Python/ceval.c:5077
#27 _PyEval_EvalFrameDefault (tstate=<optimized out>, f=<optimized out>, throwflag=<optimized out>) at Python/ceval.c:3506
#28 0x00007fa0f979ea91 in _PyEval_EvalFrame (throwflag=0, f=0x7fa0d52215b0, tstate=0x14f1180) at ./Include/internal/pycore_ceval.h:40
#29 _PyEval_EvalCode (tstate=tstate
entry=0x14f1180, _co=<optimized out>, globals=<optimized out>, locals=locals
entry=0x0, args=<optimized out>, argcount=1, kwnames=0x7fa0f92432f8, kwargs=0x15451b0, kwcount=1, kwstep=1, defs=0x7fa0f25bb808, defcount=1, kwdefs=0x0, closure=0x0, name=0x7fa0f90ca730, qualname=0x7fa0e37b0760) at Python/ceval.c:4329
#30 0x00007fa0f96b769d in _PyFunction_Vectorcall (func=<optimized out>, stack=<optimized out>, nargsf=<optimized out>, kwnames=<optimized out>) at Objects/call.c:396
#31 0x00007fa0f96ba198 in _PyObject_VectorcallTstate (kwnames=0x7fa0f92432e0, nargsf=1, args=0x15451a8, callable=0x7fa0e37b3f70, tstate=0x14f1180) at ./Include/cpython/abstract.h:118
#32 method_vectorcall (method=<optimized out>, args=0x15451b0, nargsf=<optimized out>, kwnames=0x7fa0f92432e0) at Objects/classobject.c:53
#33 0x00007fa0f966bde6 in _PyObject_VectorcallTstate (kwnames=0x7fa0f92432e0, nargsf=9223372036854775808, args=0x15451b0, callable=0x7fa0dacf1680, tstate=0x14f1180) at ./Include/cpython/abstract.h:118
#34 PyObject_Vectorcall (kwnames=0x7fa0f92432e0, nargsf=9223372036854775808, args=0x15451b0, callable=<optimized out>) at ./Include/cpython/abstract.h:127
#35 call_function (kwnames=0x7fa0f92432e0, oparg=<optimized out>, pp_stack=<synthetic pointer>, tstate=0x14f1180) at Python/ceval.c:5077
#36 _PyEval_EvalFrameDefault (tstate=<optimized out>, f=<optimized out>, throwflag=<optimized out>) at Python/ceval.c:3537
#37 0x00007fa0f979ea91 in _PyEval_EvalFrame (throwflag=0, f=0x1545040, tstate=0x14f1180) at ./Include/internal/pycore_ceval.h:40
#38 _PyEval_EvalCode (tstate=0x14f1180, _co=_co
entry=0x7fa0f92b83a0, globals=globals
entry=0x7fa0f92da3c0, locals=locals
entry=0x7fa0f92da3c0, args=args
entry=0x0, argcount=argcount
entry=0, kwnames=0x0, kwargs=0x0, kwcount=0, kwstep=2, defs=0x0, defcount=0, kwdefs=0x0, closure=0x0, name=0x0, qualname=0x0) at Python/ceval.c:4329
#39 0x00007fa0f979ee32 in _PyEval_EvalCodeWithName (_co=_co
entry=0x7fa0f92b83a0, globals=globals
entry=0x7fa0f92da3c0, locals=locals
entry=0x7fa0f92da3c0, args=args
entry=0x0, argcount=argcount
entry=0, kwnames=kwnames
entry=0x0, kwargs=0x0, kwcount=0, kwstep=2, defs=0x0, defcount=0, kwdefs=0x0, closure=0x0, name=0x0, qualname=0x0) at Python/ceval.c:4361
#40 0x00007fa0f979ee7b in PyEval_EvalCodeEx (_co=_co
entry=0x7fa0f92b83a0, globals=globals
entry=0x7fa0f92da3c0, locals=locals
entry=0x7fa0f92da3c0, args=args
entry=0x0, argcount=argcount
entry=0, kws=kws
entry=0x0, kwcount=0, defs=0x0, defcount=0, kwdefs=0x0, closure=0x0) at Python/ceval.c:4377
#41 0x00007fa0f979eeab in PyEval_EvalCode (co=co
entry=0x7fa0f92b83a0, globals=globals
entry=0x7fa0f92da3c0, locals=locals
entry=0x7fa0f92da3c0) at Python/ceval.c:828
#42 0x00007fa0f97de3a9 in run_eval_code_obj (locals=0x7fa0f92da3c0, globals=0x7fa0f92da3c0, co=0x7fa0f92b83a0, tstate=0x14f1180) at Python/pythonrun.c:1221
#43 run_mod (mod=<optimized out>, filename=filename
entry=0x7fa0f9245390, globals=globals
entry=0x7fa0f92da3c0, locals=locals
entry=0x7fa0f92da3c0, flags=flags
entry=0x7ffe7a7ba038, arena=arena
entry=0x7fa0f911bfd0) at Python/pythonrun.c:1242
#44 0x00007fa0f97dfdf2 in pyrun_file (flags=0x7ffe7a7ba038, closeit=1, locals=0x7fa0f92da3c0, globals=0x7fa0f92da3c0, start=257, filename=0x7fa0f9245390, fp=0x15440f0) at Python/pythonrun.c:1140
#45 pyrun_simple_file (flags=0x7ffe7a7ba038, closeit=1, filename=0x7fa0f9245390, fp=0x15440f0) at Python/pythonrun.c:450
#46 PyRun_SimpleFileExFlags (fp=fp
entry=0x15440f0, filename=<optimized out>, closeit=closeit
entry=1, flags=flags
entry=0x7ffe7a7ba038) at Python/pythonrun.c:483
#47 0x00007fa0f97e0453 in PyRun_AnyFileExFlags (fp=fp
entry=0x15440f0, filename=<optimized out>, closeit=closeit
entry=1, flags=flags
entry=0x7ffe7a7ba038) at Python/pythonrun.c:92
#48 0x00007fa0f97fde28 in pymain_run_file (cf=0x7ffe7a7ba038, config=0x14eef60) at Modules/main.c:373
#49 pymain_run_python (exitcode=0x7ffe7a7ba030) at Modules/main.c:598
#50 Py_RunMain () at Modules/main.c:677
#51 0x00007fa0f97fe347 in pymain_main (args=0x7ffe7a7ba120) at Modules/main.c:707
#52 Py_BytesMain (argc=<optimized out>, argv=<optimized out>) at Modules/main.c:731
#53 0x00007fa0f9420590 in __libc_start_call_main () from /lib64/libc.so.6
#54 0x00007fa0f9420640 in __libc_start_main_impl () from /lib64/libc.so.6
#55 0x0000000000401075 in _start ()
===========================================================


The lines below might hint at the cause of the crash. If you see question
marks as part of the stack trace, try to recompile with debugging information
enabled and export CLING_DEBUG=1 environment variable before running.
You may get help by asking at the ROOT forum https://root.cern/forum
preferably using the command (.forum bug) in the ROOT prompt.
Only if you are really convinced it is a bug in ROOT then please submit a
report at https://root.cern/bugs or (preferably) using the command (.gh bug) in
the ROOT prompt. Please post the ENTIRE stack trace
from above as an attachment in addition to anything else
that might help us fixing this issue.
===========================================================
#6  0x00007fa0d4d0364d in RooStats::ModelConfig::SetHasOnlyParameters(RooArgSet const&, char const*) () from /cvmfs/cms.cern.ch/el9_amd64_gcc12/lcg/root/6.30.07-8b1a11e1ef0e074fdfd44e162b27e71c/lib/libRooFitCore.so
#7  0x00007fa0d4d09d30 in RooStats::ModelConfig::SetObservables(RooArgSet const&) () from /cvmfs/cms.cern.ch/el9_amd64_gcc12/lcg/root/6.30.07-8b1a11e1ef0e074fdfd44e162b27e71c/lib/libRooFitCore.so
#8  0x00007fa0d561d013 in ?? ()
#9  0x0000000000000001 in ?? ()
#10 0x00007fa0f8e4f078 in WrapperCall(long, unsigned long, void*, void*, void*) () from /cvmfs/cms.cern.ch/el9_amd64_gcc12/lcg/root/6.30.07-8b1a11e1ef0e074fdfd44e162b27e71c/lib/libcppyy_backend3_9.so
#11 0x00007fa0f8ed0e97 in CPyCppyy::(anonymous namespace)::VoidExecutor::Execute(long, void*, CPyCppyy::CallContext*) () from /cvmfs/cms.cern.ch/el9_amd64_gcc12/lcg/root/6.30.07-8b1a11e1ef0e074fdfd44e162b27e71c/lib/libcppyy3_9.so
#12 0x00007fa0f8ebcf87 in CPyCppyy::CPPMethod::ExecuteFast(void*, long, CPyCppyy::CallContext*) [clone .isra.0] () from /cvmfs/cms.cern.ch/el9_amd64_gcc12/lcg/root/6.30.07-8b1a11e1ef0e074fdfd44e162b27e71c/lib/libcppyy3_9.so
#13 0x00007fa0f8ebe316 in CPyCppyy::CPPMethod::Execute(void*, long, CPyCppyy::CallContext*) () from /cvmfs/cms.cern.ch/el9_amd64_gcc12/lcg/root/6.30.07-8b1a11e1ef0e074fdfd44e162b27e71c/lib/libcppyy3_9.so
#14 0x00007fa0f8ebf0cf in CPyCppyy::CPPMethod::Call(CPyCppyy::CPPInstance*&, _object*, _object*, CPyCppyy::CallContext*) () from /cvmfs/cms.cern.ch/el9_amd64_gcc12/lcg/root/6.30.07-8b1a11e1ef0e074fdfd44e162b27e71c/lib/libcppyy3_9.so
#15 0x00007fa0f8ec3e9a in CPyCppyy::(anonymous namespace)::mp_call(CPyCppyy::CPPOverload*, _object*, _object*) () from /cvmfs/cms.cern.ch/el9_amd64_gcc12/lcg/root/6.30.07-8b1a11e1ef0e074fdfd44e162b27e71c/lib/libcppyy3_9.so
#16 0x00007fa0f96b786e in _PyObject_MakeTpCall (tstate=0x14f1180, callable=callable
entry=0x7fa0d5212a00, args=args
entry=0x9c15890, nargs=1, keywords=keywords
entry=0x0) at Objects/call.c:191
#17 0x00007fa0f966e50a in _PyObject_VectorcallTstate (kwnames=0x0, nargsf=9223372036854775809, args=0x9c15890, callable=0x7fa0d5212a00, tstate=<optimized out>) at ./Include/cpython/abstract.h:116
#18 _PyObject_VectorcallTstate (kwnames=0x0, nargsf=9223372036854775809, args=0x9c15890, callable=0x7fa0d5212a00, tstate=<optimized out>) at ./Include/cpython/abstract.h:103
#19 PyObject_Vectorcall (kwnames=0x0, nargsf=9223372036854775809, args=<optimized out>, callable=0x7fa0d5212a00) at ./Include/cpython/abstract.h:127
#20 call_function (kwnames=0x0, oparg=1, pp_stack=<synthetic pointer>, tstate=0x14f1180) at Python/ceval.c:5077
#21 _PyEval_EvalFrameDefault (tstate=<optimized out>, f=<optimized out>, throwflag=<optimized out>) at Python/ceval.c:3489
#22 0x00007fa0f96659fb in _PyEval_EvalFrame (throwflag=0, f=0x9c156b0, tstate=0x14f1180) at ./Include/internal/pycore_ceval.h:40
#23 function_code_fastcall (tstate=0x14f1180, co=<optimized out>, args=<optimized out>, nargs=1, globals=<optimized out>) at Objects/call.c:330
#24 0x00007fa0f966cd0f in _PyObject_VectorcallTstate (kwnames=0x0, nargsf=<optimized out>, args=0x7fa0d5221740, callable=0x7fa0f8f37700, tstate=0x14f1180) at ./Include/cpython/abstract.h:118
#25 PyObject_Vectorcall (kwnames=0x0, nargsf=<optimized out>, args=<optimized out>, callable=<optimized out>) at ./Include/cpython/abstract.h:127
#26 call_function (kwnames=0x0, oparg=<optimized out>, pp_stack=<synthetic pointer>, tstate=0x14f1180) at Python/ceval.c:5077
#27 _PyEval_EvalFrameDefault (tstate=<optimized out>, f=<optimized out>, throwflag=<optimized out>) at Python/ceval.c:3506
#28 0x00007fa0f979ea91 in _PyEval_EvalFrame (throwflag=0, f=0x7fa0d52215b0, tstate=0x14f1180) at ./Include/internal/pycore_ceval.h:40
#29 _PyEval_EvalCode (tstate=tstate
entry=0x14f1180, _co=<optimized out>, globals=<optimized out>, locals=locals
entry=0x0, args=<optimized out>, argcount=1, kwnames=0x7fa0f92432f8, kwargs=0x15451b0, kwcount=1, kwstep=1, defs=0x7fa0f25bb808, defcount=1, kwdefs=0x0, closure=0x0, name=0x7fa0f90ca730, qualname=0x7fa0e37b0760) at Python/ceval.c:4329
#30 0x00007fa0f96b769d in _PyFunction_Vectorcall (func=<optimized out>, stack=<optimized out>, nargsf=<optimized out>, kwnames=<optimized out>) at Objects/call.c:396
#31 0x00007fa0f96ba198 in _PyObject_VectorcallTstate (kwnames=0x7fa0f92432e0, nargsf=1, args=0x15451a8, callable=0x7fa0e37b3f70, tstate=0x14f1180) at ./Include/cpython/abstract.h:118
#32 method_vectorcall (method=<optimized out>, args=0x15451b0, nargsf=<optimized out>, kwnames=0x7fa0f92432e0) at Objects/classobject.c:53
#33 0x00007fa0f966bde6 in _PyObject_VectorcallTstate (kwnames=0x7fa0f92432e0, nargsf=9223372036854775808, args=0x15451b0, callable=0x7fa0dacf1680, tstate=0x14f1180) at ./Include/cpython/abstract.h:118
#34 PyObject_Vectorcall (kwnames=0x7fa0f92432e0, nargsf=9223372036854775808, args=0x15451b0, callable=<optimized out>) at ./Include/cpython/abstract.h:127
#35 call_function (kwnames=0x7fa0f92432e0, oparg=<optimized out>, pp_stack=<synthetic pointer>, tstate=0x14f1180) at Python/ceval.c:5077
#36 _PyEval_EvalFrameDefault (tstate=<optimized out>, f=<optimized out>, throwflag=<optimized out>) at Python/ceval.c:3537
#37 0x00007fa0f979ea91 in _PyEval_EvalFrame (throwflag=0, f=0x1545040, tstate=0x14f1180) at ./Include/internal/pycore_ceval.h:40
#38 _PyEval_EvalCode (tstate=0x14f1180, _co=_co
entry=0x7fa0f92b83a0, globals=globals
entry=0x7fa0f92da3c0, locals=locals
entry=0x7fa0f92da3c0, args=args
entry=0x0, argcount=argcount
entry=0, kwnames=0x0, kwargs=0x0, kwcount=0, kwstep=2, defs=0x0, defcount=0, kwdefs=0x0, closure=0x0, name=0x0, qualname=0x0) at Python/ceval.c:4329
#39 0x00007fa0f979ee32 in _PyEval_EvalCodeWithName (_co=_co
entry=0x7fa0f92b83a0, globals=globals
entry=0x7fa0f92da3c0, locals=locals
entry=0x7fa0f92da3c0, args=args
entry=0x0, argcount=argcount
entry=0, kwnames=kwnames
entry=0x0, kwargs=0x0, kwcount=0, kwstep=2, defs=0x0, defcount=0, kwdefs=0x0, closure=0x0, name=0x0, qualname=0x0) at Python/ceval.c:4361
#40 0x00007fa0f979ee7b in PyEval_EvalCodeEx (_co=_co
entry=0x7fa0f92b83a0, globals=globals
entry=0x7fa0f92da3c0, locals=locals
entry=0x7fa0f92da3c0, args=args
entry=0x0, argcount=argcount
entry=0, kws=kws
entry=0x0, kwcount=0, defs=0x0, defcount=0, kwdefs=0x0, closure=0x0) at Python/ceval.c:4377
#41 0x00007fa0f979eeab in PyEval_EvalCode (co=co
entry=0x7fa0f92b83a0, globals=globals
entry=0x7fa0f92da3c0, locals=locals
entry=0x7fa0f92da3c0) at Python/ceval.c:828
#42 0x00007fa0f97de3a9 in run_eval_code_obj (locals=0x7fa0f92da3c0, globals=0x7fa0f92da3c0, co=0x7fa0f92b83a0, tstate=0x14f1180) at Python/pythonrun.c:1221
#43 run_mod (mod=<optimized out>, filename=filename
entry=0x7fa0f9245390, globals=globals
entry=0x7fa0f92da3c0, locals=locals
entry=0x7fa0f92da3c0, flags=flags
entry=0x7ffe7a7ba038, arena=arena
entry=0x7fa0f911bfd0) at Python/pythonrun.c:1242
#44 0x00007fa0f97dfdf2 in pyrun_file (flags=0x7ffe7a7ba038, closeit=1, locals=0x7fa0f92da3c0, globals=0x7fa0f92da3c0, start=257, filename=0x7fa0f9245390, fp=0x15440f0) at Python/pythonrun.c:1140
#45 pyrun_simple_file (flags=0x7ffe7a7ba038, closeit=1, filename=0x7fa0f9245390, fp=0x15440f0) at Python/pythonrun.c:450
#46 PyRun_SimpleFileExFlags (fp=fp
entry=0x15440f0, filename=<optimized out>, closeit=closeit
entry=1, flags=flags
entry=0x7ffe7a7ba038) at Python/pythonrun.c:483
#47 0x00007fa0f97e0453 in PyRun_AnyFileExFlags (fp=fp
entry=0x15440f0, filename=<optimized out>, closeit=closeit
entry=1, flags=flags
entry=0x7ffe7a7ba038) at Python/pythonrun.c:92
#48 0x00007fa0f97fde28 in pymain_run_file (cf=0x7ffe7a7ba038, config=0x14eef60) at Modules/main.c:373
#49 pymain_run_python (exitcode=0x7ffe7a7ba030) at Modules/main.c:598
#50 Py_RunMain () at Modules/main.c:677
#51 0x00007fa0f97fe347 in pymain_main (args=0x7ffe7a7ba120) at Modules/main.c:707
#52 Py_BytesMain (argc=<optimized out>, argv=<optimized out>) at Modules/main.c:731
#53 0x00007fa0f9420590 in __libc_start_call_main () from /lib64/libc.so.6
#54 0x00007fa0f9420640 in __libc_start_main_impl () from /lib64/libc.so.6
#55 0x0000000000401075 in _start ()
===========================================================


 *** Break *** segmentation violation



===========================================================
There was a crash.
This is the entire stack trace of all threads:
===========================================================

Thread 9 (Thread 0x7fa0d6c2e640 (LWP 1456075) "python3"):
#0  0x00007fa0f947d79a in __futex_abstimed_wait_common () from /lib64/libc.so.6
#1  0x00007fa0f947ffa0 in pthread_cond_wait

GLIBC_2.3.2 () from /lib64/libc.so.6
#2  0x00007fa0dbaf904f in th_worker (tidptr=<optimized out>) at numexpr/module.cpp:60
#3  0x00007fa0f9480c02 in start_thread () from /lib64/libc.so.6
#4  0x00007fa0f9505c40 in clone3 () from /lib64/libc.so.6

Thread 8 (Thread 0x7fa0d742f640 (LWP 1456067) "python3"):
#0  0x00007fa0f947d79a in __futex_abstimed_wait_common () from /lib64/libc.so.6
#1  0x00007fa0f947ffa0 in pthread_cond_wait

GLIBC_2.3.2 () from /lib64/libc.so.6
#2  0x00007fa0dbaf904f in th_worker (tidptr=<optimized out>) at numexpr/module.cpp:60
#3  0x00007fa0f9480c02 in start_thread () from /lib64/libc.so.6
#4  0x00007fa0f9505c40 in clone3 () from /lib64/libc.so.6

Thread 7 (Thread 0x7fa0d7c30640 (LWP 1456059) "python3"):
#0  0x00007fa0f947d79a in __futex_abstimed_wait_common () from /lib64/libc.so.6
#1  0x00007fa0f947ffa0 in pthread_cond_wait

GLIBC_2.3.2 () from /lib64/libc.so.6
#2  0x00007fa0dbaf904f in th_worker (tidptr=<optimized out>) at numexpr/module.cpp:60
#3  0x00007fa0f9480c02 in start_thread () from /lib64/libc.so.6
#4  0x00007fa0f9505c40 in clone3 () from /lib64/libc.so.6

Thread 6 (Thread 0x7fa0d8431640 (LWP 1456048) "python3"):
#0  0x00007fa0f947d79a in __futex_abstimed_wait_common () from /lib64/libc.so.6
#1  0x00007fa0f947ffa0 in pthread_cond_wait

GLIBC_2.3.2 () from /lib64/libc.so.6
#2  0x00007fa0dbaf904f in th_worker (tidptr=<optimized out>) at numexpr/module.cpp:60
#3  0x00007fa0f9480c02 in start_thread () from /lib64/libc.so.6
#4  0x00007fa0f9505c40 in clone3 () from /lib64/libc.so.6

Thread 5 (Thread 0x7fa0d8c32640 (LWP 1456034) "python3"):
#0  0x00007fa0f947d79a in __futex_abstimed_wait_common () from /lib64/libc.so.6
#1  0x00007fa0f947ffa0 in pthread_cond_wait

GLIBC_2.3.2 () from /lib64/libc.so.6
#2  0x00007fa0dbaf904f in th_worker (tidptr=<optimized out>) at numexpr/module.cpp:60
#3  0x00007fa0f9480c02 in start_thread () from /lib64/libc.so.6
#4  0x00007fa0f9505c40 in clone3 () from /lib64/libc.so.6

Thread 4 (Thread 0x7fa0d9433640 (LWP 1456023) "python3"):
#0  0x00007fa0f947d79a in __futex_abstimed_wait_common () from /lib64/libc.so.6
#1  0x00007fa0f947ffa0 in pthread_cond_wait

GLIBC_2.3.2 () from /lib64/libc.so.6
#2  0x00007fa0dbaf904f in th_worker (tidptr=<optimized out>) at numexpr/module.cpp:60
#3  0x00007fa0f9480c02 in start_thread () from /lib64/libc.so.6
#4  0x00007fa0f9505c40 in clone3 () from /lib64/libc.so.6

Thread 3 (Thread 0x7fa0d9c34640 (LWP 1456014) "python3"):
#0  0x00007fa0f947d79a in __futex_abstimed_wait_common () from /lib64/libc.so.6
#1  0x00007fa0f947ffa0 in pthread_cond_wait

GLIBC_2.3.2 () from /lib64/libc.so.6
#2  0x00007fa0dbaf904f in th_worker (tidptr=<optimized out>) at numexpr/module.cpp:60
#3  0x00007fa0f9480c02 in start_thread () from /lib64/libc.so.6
#4  0x00007fa0f9505c40 in clone3 () from /lib64/libc.so.6

Thread 2 (Thread 0x7fa0da435640 (LWP 1456004) "python3"):
#0  0x00007fa0f947d79a in __futex_abstimed_wait_common () from /lib64/libc.so.6
#1  0x00007fa0f947ffa0 in pthread_cond_wait

GLIBC_2.3.2 () from /lib64/libc.so.6
#2  0x00007fa0dbaf904f in th_worker (tidptr=<optimized out>) at numexpr/module.cpp:60
#3  0x00007fa0f9480c02 in start_thread () from /lib64/libc.so.6
#4  0x00007fa0f9505c40 in clone3 () from /lib64/libc.so.6

Thread 1 (Thread 0x7fa0f99d5740 (LWP 1449406) "python3"):
#0  0x00007fa0f94cfa3f in wait4 () from /lib64/libc.so.6
#1  0x00007fa0f9442243 in do_system () from /lib64/libc.so.6
#2  0x00007fa0f8b6743d in TUnixSystem::StackTrace() () from /cvmfs/cms.cern.ch/el9_amd64_gcc12/lcg/root/6.30.07-8b1a11e1ef0e074fdfd44e162b27e71c/lib/libCore.so
#3  0x00007fa0f8e4e423 in (anonymous namespace)::TExceptionHandlerImp::HandleException(int) () from /cvmfs/cms.cern.ch/el9_amd64_gcc12/lcg/root/6.30.07-8b1a11e1ef0e074fdfd44e162b27e71c/lib/libcppyy_backend3_9.so
#4  0x00007fa0f8b66c71 in TUnixSystem::DispatchSignals(ESignals) () from /cvmfs/cms.cern.ch/el9_amd64_gcc12/lcg/root/6.30.07-8b1a11e1ef0e074fdfd44e162b27e71c/lib/libCore.so
#5  <signal handler called>
#6  0x00007fa0d4d0364d in RooStats::ModelConfig::SetHasOnlyParameters(RooArgSet const&, char const*) () from /cvmfs/cms.cern.ch/el9_amd64_gcc12/lcg/root/6.30.07-8b1a11e1ef0e074fdfd44e162b27e71c/lib/libRooFitCore.so
#7  0x00007fa0d4d09d30 in RooStats::ModelConfig::SetObservables(RooArgSet const&) () from /cvmfs/cms.cern.ch/el9_amd64_gcc12/lcg/root/6.30.07-8b1a11e1ef0e074fdfd44e162b27e71c/lib/libRooFitCore.so
#8  0x00007fa0d561d013 in ?? ()
#9  0x0000000000000001 in ?? ()
#10 0x00007fa0f8e4f078 in WrapperCall(long, unsigned long, void*, void*, void*) () from /cvmfs/cms.cern.ch/el9_amd64_gcc12/lcg/root/6.30.07-8b1a11e1ef0e074fdfd44e162b27e71c/lib/libcppyy_backend3_9.so
#11 0x00007fa0f8ed0e97 in CPyCppyy::(anonymous namespace)::VoidExecutor::Execute(long, void*, CPyCppyy::CallContext*) () from /cvmfs/cms.cern.ch/el9_amd64_gcc12/lcg/root/6.30.07-8b1a11e1ef0e074fdfd44e162b27e71c/lib/libcppyy3_9.so
#12 0x00007fa0f8ebcf87 in CPyCppyy::CPPMethod::ExecuteFast(void*, long, CPyCppyy::CallContext*) [clone .isra.0] () from /cvmfs/cms.cern.ch/el9_amd64_gcc12/lcg/root/6.30.07-8b1a11e1ef0e074fdfd44e162b27e71c/lib/libcppyy3_9.so
#13 0x00007fa0f8ebe316 in CPyCppyy::CPPMethod::Execute(void*, long, CPyCppyy::CallContext*) () from /cvmfs/cms.cern.ch/el9_amd64_gcc12/lcg/root/6.30.07-8b1a11e1ef0e074fdfd44e162b27e71c/lib/libcppyy3_9.so
#14 0x00007fa0f8ebf0cf in CPyCppyy::CPPMethod::Call(CPyCppyy::CPPInstance*&, _object*, _object*, CPyCppyy::CallContext*) () from /cvmfs/cms.cern.ch/el9_amd64_gcc12/lcg/root/6.30.07-8b1a11e1ef0e074fdfd44e162b27e71c/lib/libcppyy3_9.so
#15 0x00007fa0f8ec3e9a in CPyCppyy::(anonymous namespace)::mp_call(CPyCppyy::CPPOverload*, _object*, _object*) () from /cvmfs/cms.cern.ch/el9_amd64_gcc12/lcg/root/6.30.07-8b1a11e1ef0e074fdfd44e162b27e71c/lib/libcppyy3_9.so
#16 0x00007fa0f96b786e in _PyObject_MakeTpCall (tstate=0x14f1180, callable=callable
entry=0x7fa0d5212a00, args=args
entry=0x9c15890, nargs=1, keywords=keywords
entry=0x0) at Objects/call.c:191
#17 0x00007fa0f966e50a in _PyObject_VectorcallTstate (kwnames=0x0, nargsf=9223372036854775809, args=0x9c15890, callable=0x7fa0d5212a00, tstate=<optimized out>) at ./Include/cpython/abstract.h:116
#18 _PyObject_VectorcallTstate (kwnames=0x0, nargsf=9223372036854775809, args=0x9c15890, callable=0x7fa0d5212a00, tstate=<optimized out>) at ./Include/cpython/abstract.h:103
#19 PyObject_Vectorcall (kwnames=0x0, nargsf=9223372036854775809, args=<optimized out>, callable=0x7fa0d5212a00) at ./Include/cpython/abstract.h:127
#20 call_function (kwnames=0x0, oparg=1, pp_stack=<synthetic pointer>, tstate=0x14f1180) at Python/ceval.c:5077
#21 _PyEval_EvalFrameDefault (tstate=<optimized out>, f=<optimized out>, throwflag=<optimized out>) at Python/ceval.c:3489
#22 0x00007fa0f96659fb in _PyEval_EvalFrame (throwflag=0, f=0x9c156b0, tstate=0x14f1180) at ./Include/internal/pycore_ceval.h:40
#23 function_code_fastcall (tstate=0x14f1180, co=<optimized out>, args=<optimized out>, nargs=1, globals=<optimized out>) at Objects/call.c:330
#24 0x00007fa0f966cd0f in _PyObject_VectorcallTstate (kwnames=0x0, nargsf=<optimized out>, args=0x7fa0d5221740, callable=0x7fa0f8f37700, tstate=0x14f1180) at ./Include/cpython/abstract.h:118
#25 PyObject_Vectorcall (kwnames=0x0, nargsf=<optimized out>, args=<optimized out>, callable=<optimized out>) at ./Include/cpython/abstract.h:127
#26 call_function (kwnames=0x0, oparg=<optimized out>, pp_stack=<synthetic pointer>, tstate=0x14f1180) at Python/ceval.c:5077
#27 _PyEval_EvalFrameDefault (tstate=<optimized out>, f=<optimized out>, throwflag=<optimized out>) at Python/ceval.c:3506
#28 0x00007fa0f979ea91 in _PyEval_EvalFrame (throwflag=0, f=0x7fa0d52215b0, tstate=0x14f1180) at ./Include/internal/pycore_ceval.h:40
#29 _PyEval_EvalCode (tstate=tstate
entry=0x14f1180, _co=<optimized out>, globals=<optimized out>, locals=locals
entry=0x0, args=<optimized out>, argcount=1, kwnames=0x7fa0f92432f8, kwargs=0x15451b0, kwcount=1, kwstep=1, defs=0x7fa0f25bb808, defcount=1, kwdefs=0x0, closure=0x0, name=0x7fa0f90ca730, qualname=0x7fa0e37b0760) at Python/ceval.c:4329
#30 0x00007fa0f96b769d in _PyFunction_Vectorcall (func=<optimized out>, stack=<optimized out>, nargsf=<optimized out>, kwnames=<optimized out>) at Objects/call.c:396
#31 0x00007fa0f96ba198 in _PyObject_VectorcallTstate (kwnames=0x7fa0f92432e0, nargsf=1, args=0x15451a8, callable=0x7fa0e37b3f70, tstate=0x14f1180) at ./Include/cpython/abstract.h:118
#32 method_vectorcall (method=<optimized out>, args=0x15451b0, nargsf=<optimized out>, kwnames=0x7fa0f92432e0) at Objects/classobject.c:53
#33 0x00007fa0f966bde6 in _PyObject_VectorcallTstate (kwnames=0x7fa0f92432e0, nargsf=9223372036854775808, args=0x15451b0, callable=0x7fa0dacf1680, tstate=0x14f1180) at ./Include/cpython/abstract.h:118
#34 PyObject_Vectorcall (kwnames=0x7fa0f92432e0, nargsf=9223372036854775808, args=0x15451b0, callable=<optimized out>) at ./Include/cpython/abstract.h:127
#35 call_function (kwnames=0x7fa0f92432e0, oparg=<optimized out>, pp_stack=<synthetic pointer>, tstate=0x14f1180) at Python/ceval.c:5077
#36 _PyEval_EvalFrameDefault (tstate=<optimized out>, f=<optimized out>, throwflag=<optimized out>) at Python/ceval.c:3537
#37 0x00007fa0f979ea91 in _PyEval_EvalFrame (throwflag=0, f=0x1545040, tstate=0x14f1180) at ./Include/internal/pycore_ceval.h:40
#38 _PyEval_EvalCode (tstate=0x14f1180, _co=_co
entry=0x7fa0f92b83a0, globals=globals
entry=0x7fa0f92da3c0, locals=locals
entry=0x7fa0f92da3c0, args=args
entry=0x0, argcount=argcount
entry=0, kwnames=0x0, kwargs=0x0, kwcount=0, kwstep=2, defs=0x0, defcount=0, kwdefs=0x0, closure=0x0, name=0x0, qualname=0x0) at Python/ceval.c:4329
#39 0x00007fa0f979ee32 in _PyEval_EvalCodeWithName (_co=_co
entry=0x7fa0f92b83a0, globals=globals
entry=0x7fa0f92da3c0, locals=locals
entry=0x7fa0f92da3c0, args=args
entry=0x0, argcount=argcount
entry=0, kwnames=kwnames
entry=0x0, kwargs=0x0, kwcount=0, kwstep=2, defs=0x0, defcount=0, kwdefs=0x0, closure=0x0, name=0x0, qualname=0x0) at Python/ceval.c:4361
#40 0x00007fa0f979ee7b in PyEval_EvalCodeEx (_co=_co
entry=0x7fa0f92b83a0, globals=globals
entry=0x7fa0f92da3c0, locals=locals
entry=0x7fa0f92da3c0, args=args
entry=0x0, argcount=argcount
entry=0, kws=kws
entry=0x0, kwcount=0, defs=0x0, defcount=0, kwdefs=0x0, closure=0x0) at Python/ceval.c:4377
#41 0x00007fa0f979eeab in PyEval_EvalCode (co=co
entry=0x7fa0f92b83a0, globals=globals
entry=0x7fa0f92da3c0, locals=locals
entry=0x7fa0f92da3c0) at Python/ceval.c:828
#42 0x00007fa0f97de3a9 in run_eval_code_obj (locals=0x7fa0f92da3c0, globals=0x7fa0f92da3c0, co=0x7fa0f92b83a0, tstate=0x14f1180) at Python/pythonrun.c:1221
#43 run_mod (mod=<optimized out>, filename=filename
entry=0x7fa0f9245390, globals=globals
entry=0x7fa0f92da3c0, locals=locals
entry=0x7fa0f92da3c0, flags=flags
entry=0x7ffe7a7ba038, arena=arena
entry=0x7fa0f911bfd0) at Python/pythonrun.c:1242
#44 0x00007fa0f97dfdf2 in pyrun_file (flags=0x7ffe7a7ba038, closeit=1, locals=0x7fa0f92da3c0, globals=0x7fa0f92da3c0, start=257, filename=0x7fa0f9245390, fp=0x15440f0) at Python/pythonrun.c:1140
#45 pyrun_simple_file (flags=0x7ffe7a7ba038, closeit=1, filename=0x7fa0f9245390, fp=0x15440f0) at Python/pythonrun.c:450
#46 PyRun_SimpleFileExFlags (fp=fp
entry=0x15440f0, filename=<optimized out>, closeit=closeit
entry=1, flags=flags
entry=0x7ffe7a7ba038) at Python/pythonrun.c:483
#47 0x00007fa0f97e0453 in PyRun_AnyFileExFlags (fp=fp
entry=0x15440f0, filename=<optimized out>, closeit=closeit
entry=1, flags=flags
entry=0x7ffe7a7ba038) at Python/pythonrun.c:92
#48 0x00007fa0f97fde28 in pymain_run_file (cf=0x7ffe7a7ba038, config=0x14eef60) at Modules/main.c:373
#49 pymain_run_python (exitcode=0x7ffe7a7ba030) at Modules/main.c:598
#50 Py_RunMain () at Modules/main.c:677
#51 0x00007fa0f97fe347 in pymain_main (args=0x7ffe7a7ba120) at Modules/main.c:707
#52 Py_BytesMain (argc=<optimized out>, argv=<optimized out>) at Modules/main.c:731
#53 0x00007fa0f9420590 in __libc_start_call_main () from /lib64/libc.so.6
#54 0x00007fa0f9420640 in __libc_start_main_impl () from /lib64/libc.so.6
#55 0x0000000000401075 in _start ()
===========================================================


The lines below might hint at the cause of the crash. If you see question
marks as part of the stack trace, try to recompile with debugging information
enabled and export CLING_DEBUG=1 environment variable before running.
You may get help by asking at the ROOT forum https://root.cern/forum
preferably using the command (.forum bug) in the ROOT prompt.
Only if you are really convinced it is a bug in ROOT then please submit a
report at https://root.cern/bugs or (preferably) using the command (.gh bug) in
the ROOT prompt. Please post the ENTIRE stack trace
from above as an attachment in addition to anything else
that might help us fixing this issue.
===========================================================
#6  0x00007fa0d4d0364d in RooStats::ModelConfig::SetHasOnlyParameters(RooArgSet const&, char const*) () from /cvmfs/cms.cern.ch/el9_amd64_gcc12/lcg/root/6.30.07-8b1a11e1ef0e074fdfd44e162b27e71c/lib/libRooFitCore.so
#7  0x00007fa0d4d09d30 in RooStats::ModelConfig::SetObservables(RooArgSet const&) () from /cvmfs/cms.cern.ch/el9_amd64_gcc12/lcg/root/6.30.07-8b1a11e1ef0e074fdfd44e162b27e71c/lib/libRooFitCore.so
#8  0x00007fa0d561d013 in ?? ()
#9  0x0000000000000001 in ?? ()
#10 0x00007fa0f8e4f078 in WrapperCall(long, unsigned long, void*, void*, void*) () from /cvmfs/cms.cern.ch/el9_amd64_gcc12/lcg/root/6.30.07-8b1a11e1ef0e074fdfd44e162b27e71c/lib/libcppyy_backend3_9.so
#11 0x00007fa0f8ed0e97 in CPyCppyy::(anonymous namespace)::VoidExecutor::Execute(long, void*, CPyCppyy::CallContext*) () from /cvmfs/cms.cern.ch/el9_amd64_gcc12/lcg/root/6.30.07-8b1a11e1ef0e074fdfd44e162b27e71c/lib/libcppyy3_9.so
#12 0x00007fa0f8ebcf87 in CPyCppyy::CPPMethod::ExecuteFast(void*, long, CPyCppyy::CallContext*) [clone .isra.0] () from /cvmfs/cms.cern.ch/el9_amd64_gcc12/lcg/root/6.30.07-8b1a11e1ef0e074fdfd44e162b27e71c/lib/libcppyy3_9.so
#13 0x00007fa0f8ebe316 in CPyCppyy::CPPMethod::Execute(void*, long, CPyCppyy::CallContext*) () from /cvmfs/cms.cern.ch/el9_amd64_gcc12/lcg/root/6.30.07-8b1a11e1ef0e074fdfd44e162b27e71c/lib/libcppyy3_9.so
#14 0x00007fa0f8ebf0cf in CPyCppyy::CPPMethod::Call(CPyCppyy::CPPInstance*&, _object*, _object*, CPyCppyy::CallContext*) () from /cvmfs/cms.cern.ch/el9_amd64_gcc12/lcg/root/6.30.07-8b1a11e1ef0e074fdfd44e162b27e71c/lib/libcppyy3_9.so
#15 0x00007fa0f8ec3e9a in CPyCppyy::(anonymous namespace)::mp_call(CPyCppyy::CPPOverload*, _object*, _object*) () from /cvmfs/cms.cern.ch/el9_amd64_gcc12/lcg/root/6.30.07-8b1a11e1ef0e074fdfd44e162b27e71c/lib/libcppyy3_9.so
#16 0x00007fa0f96b786e in _PyObject_MakeTpCall (tstate=0x14f1180, callable=callable
entry=0x7fa0d5212a00, args=args
entry=0x9c15890, nargs=1, keywords=keywords
entry=0x0) at Objects/call.c:191
#17 0x00007fa0f966e50a in _PyObject_VectorcallTstate (kwnames=0x0, nargsf=9223372036854775809, args=0x9c15890, callable=0x7fa0d5212a00, tstate=<optimized out>) at ./Include/cpython/abstract.h:116
#18 _PyObject_VectorcallTstate (kwnames=0x0, nargsf=9223372036854775809, args=0x9c15890, callable=0x7fa0d5212a00, tstate=<optimized out>) at ./Include/cpython/abstract.h:103
#19 PyObject_Vectorcall (kwnames=0x0, nargsf=9223372036854775809, args=<optimized out>, callable=0x7fa0d5212a00) at ./Include/cpython/abstract.h:127
#20 call_function (kwnames=0x0, oparg=1, pp_stack=<synthetic pointer>, tstate=0x14f1180) at Python/ceval.c:5077
#21 _PyEval_EvalFrameDefault (tstate=<optimized out>, f=<optimized out>, throwflag=<optimized out>) at Python/ceval.c:3489
#22 0x00007fa0f96659fb in _PyEval_EvalFrame (throwflag=0, f=0x9c156b0, tstate=0x14f1180) at ./Include/internal/pycore_ceval.h:40
#23 function_code_fastcall (tstate=0x14f1180, co=<optimized out>, args=<optimized out>, nargs=1, globals=<optimized out>) at Objects/call.c:330
#24 0x00007fa0f966cd0f in _PyObject_VectorcallTstate (kwnames=0x0, nargsf=<optimized out>, args=0x7fa0d5221740, callable=0x7fa0f8f37700, tstate=0x14f1180) at ./Include/cpython/abstract.h:118
#25 PyObject_Vectorcall (kwnames=0x0, nargsf=<optimized out>, args=<optimized out>, callable=<optimized out>) at ./Include/cpython/abstract.h:127
#26 call_function (kwnames=0x0, oparg=<optimized out>, pp_stack=<synthetic pointer>, tstate=0x14f1180) at Python/ceval.c:5077
#27 _PyEval_EvalFrameDefault (tstate=<optimized out>, f=<optimized out>, throwflag=<optimized out>) at Python/ceval.c:3506
#28 0x00007fa0f979ea91 in _PyEval_EvalFrame (throwflag=0, f=0x7fa0d52215b0, tstate=0x14f1180) at ./Include/internal/pycore_ceval.h:40
#29 _PyEval_EvalCode (tstate=tstate
entry=0x14f1180, _co=<optimized out>, globals=<optimized out>, locals=locals
entry=0x0, args=<optimized out>, argcount=1, kwnames=0x7fa0f92432f8, kwargs=0x15451b0, kwcount=1, kwstep=1, defs=0x7fa0f25bb808, defcount=1, kwdefs=0x0, closure=0x0, name=0x7fa0f90ca730, qualname=0x7fa0e37b0760) at Python/ceval.c:4329
#30 0x00007fa0f96b769d in _PyFunction_Vectorcall (func=<optimized out>, stack=<optimized out>, nargsf=<optimized out>, kwnames=<optimized out>) at Objects/call.c:396
#31 0x00007fa0f96ba198 in _PyObject_VectorcallTstate (kwnames=0x7fa0f92432e0, nargsf=1, args=0x15451a8, callable=0x7fa0e37b3f70, tstate=0x14f1180) at ./Include/cpython/abstract.h:118
#32 method_vectorcall (method=<optimized out>, args=0x15451b0, nargsf=<optimized out>, kwnames=0x7fa0f92432e0) at Objects/classobject.c:53
#33 0x00007fa0f966bde6 in _PyObject_VectorcallTstate (kwnames=0x7fa0f92432e0, nargsf=9223372036854775808, args=0x15451b0, callable=0x7fa0dacf1680, tstate=0x14f1180) at ./Include/cpython/abstract.h:118
#34 PyObject_Vectorcall (kwnames=0x7fa0f92432e0, nargsf=9223372036854775808, args=0x15451b0, callable=<optimized out>) at ./Include/cpython/abstract.h:127
#35 call_function (kwnames=0x7fa0f92432e0, oparg=<optimized out>, pp_stack=<synthetic pointer>, tstate=0x14f1180) at Python/ceval.c:5077
#36 _PyEval_EvalFrameDefault (tstate=<optimized out>, f=<optimized out>, throwflag=<optimized out>) at Python/ceval.c:3537
#37 0x00007fa0f979ea91 in _PyEval_EvalFrame (throwflag=0, f=0x1545040, tstate=0x14f1180) at ./Include/internal/pycore_ceval.h:40
#38 _PyEval_EvalCode (tstate=0x14f1180, _co=_co
entry=0x7fa0f92b83a0, globals=globals
entry=0x7fa0f92da3c0, locals=locals
entry=0x7fa0f92da3c0, args=args
entry=0x0, argcount=argcount
entry=0, kwnames=0x0, kwargs=0x0, kwcount=0, kwstep=2, defs=0x0, defcount=0, kwdefs=0x0, closure=0x0, name=0x0, qualname=0x0) at Python/ceval.c:4329
#39 0x00007fa0f979ee32 in _PyEval_EvalCodeWithName (_co=_co
entry=0x7fa0f92b83a0, globals=globals
entry=0x7fa0f92da3c0, locals=locals
entry=0x7fa0f92da3c0, args=args
entry=0x0, argcount=argcount
entry=0, kwnames=kwnames
entry=0x0, kwargs=0x0, kwcount=0, kwstep=2, defs=0x0, defcount=0, kwdefs=0x0, closure=0x0, name=0x0, qualname=0x0) at Python/ceval.c:4361
#40 0x00007fa0f979ee7b in PyEval_EvalCodeEx (_co=_co
entry=0x7fa0f92b83a0, globals=globals
entry=0x7fa0f92da3c0, locals=locals
entry=0x7fa0f92da3c0, args=args
entry=0x0, argcount=argcount
entry=0, kws=kws
entry=0x0, kwcount=0, defs=0x0, defcount=0, kwdefs=0x0, closure=0x0) at Python/ceval.c:4377
#41 0x00007fa0f979eeab in PyEval_EvalCode (co=co
entry=0x7fa0f92b83a0, globals=globals
entry=0x7fa0f92da3c0, locals=locals
entry=0x7fa0f92da3c0) at Python/ceval.c:828
#42 0x00007fa0f97de3a9 in run_eval_code_obj (locals=0x7fa0f92da3c0, globals=0x7fa0f92da3c0, co=0x7fa0f92b83a0, tstate=0x14f1180) at Python/pythonrun.c:1221
#43 run_mod (mod=<optimized out>, filename=filename
entry=0x7fa0f9245390, globals=globals
entry=0x7fa0f92da3c0, locals=locals
entry=0x7fa0f92da3c0, flags=flags
entry=0x7ffe7a7ba038, arena=arena
entry=0x7fa0f911bfd0) at Python/pythonrun.c:1242
#44 0x00007fa0f97dfdf2 in pyrun_file (flags=0x7ffe7a7ba038, closeit=1, locals=0x7fa0f92da3c0, globals=0x7fa0f92da3c0, start=257, filename=0x7fa0f9245390, fp=0x15440f0) at Python/pythonrun.c:1140
#45 pyrun_simple_file (flags=0x7ffe7a7ba038, closeit=1, filename=0x7fa0f9245390, fp=0x15440f0) at Python/pythonrun.c:450
#46 PyRun_SimpleFileExFlags (fp=fp
entry=0x15440f0, filename=<optimized out>, closeit=closeit
entry=1, flags=flags
entry=0x7ffe7a7ba038) at Python/pythonrun.c:483
#47 0x00007fa0f97e0453 in PyRun_AnyFileExFlags (fp=fp
entry=0x15440f0, filename=<optimized out>, closeit=closeit
entry=1, flags=flags
entry=0x7ffe7a7ba038) at Python/pythonrun.c:92
#48 0x00007fa0f97fde28 in pymain_run_file (cf=0x7ffe7a7ba038, config=0x14eef60) at Modules/main.c:373
#49 pymain_run_python (exitcode=0x7ffe7a7ba030) at Modules/main.c:598
#50 Py_RunMain () at Modules/main.c:677
#51 0x00007fa0f97fe347 in pymain_main (args=0x7ffe7a7ba120) at Modules/main.c:707
#52 Py_BytesMain (argc=<optimized out>, argv=<optimized out>) at Modules/main.c:731
#53 0x00007fa0f9420590 in __libc_start_call_main () from /lib64/libc.so.6
#54 0x00007fa0f9420640 in __libc_start_main_impl () from /lib64/libc.so.6
#55 0x0000000000401075 in _start ()
===========================================================


Error when running the combination:
	File /home/submit/lavezzo/SUEP/CMSSW_14_1_0_pre4/src/SUEPLimits/cards/WH_11_20_fixed_noShape/cards-SUEP_mS125.000_mPhi2.000_T1.000_modegeneric/combined.root does not exist

 ----------------- 

/tmp/submit_higgsCombineSUEP_mS125.000_mPhi3.000_T0.750_modegeneric.AsymptoticLimits.mH125.sh: line 20: warning: here-document at line 7 delimited by end-of-file (wanted `EOF')
Traceback (most recent call last):
  File "/home/submit/lavezzo/SUEP/CMSSW_14_1_0_pre4/bin/el9_amd64_gcc12/combineCards.py", line 162, in <module>
    file = open(fname, "r")
FileNotFoundError: [Errno 2] No such file or directory: 'cards-SUEP_mS125.000_mPhi3.000_T0.750_modegeneric/shapes-GJHScrA2018.dat'
 *** Break *** segmentation violation



===========================================================
There was a crash.
This is the entire stack trace of all threads:
===========================================================

Thread 9 (Thread 0x7f4865af0640 (LWP 1456109) "python3"):
#0  0x00007f488827d79a in __futex_abstimed_wait_common () from /lib64/libc.so.6
#1  0x00007f488827ffa0 in pthread_cond_wait

GLIBC_2.3.2 () from /lib64/libc.so.6
#2  0x00007f486939c04f in th_worker (tidptr=<optimized out>) at numexpr/module.cpp:60
#3  0x00007f4888280c02 in start_thread () from /lib64/libc.so.6
#4  0x00007f4888305c40 in clone3 () from /lib64/libc.so.6

Thread 8 (Thread 0x7f48662f1640 (LWP 1456103) "python3"):
#0  0x00007f488827d79a in __futex_abstimed_wait_common () from /lib64/libc.so.6
#1  0x00007f488827ffa0 in pthread_cond_wait

GLIBC_2.3.2 () from /lib64/libc.so.6
#2  0x00007f486939c04f in th_worker (tidptr=<optimized out>) at numexpr/module.cpp:60
#3  0x00007f4888280c02 in start_thread () from /lib64/libc.so.6
#4  0x00007f4888305c40 in clone3 () from /lib64/libc.so.6

Thread 7 (Thread 0x7f4866af2640 (LWP 1456098) "python3"):
#0  0x00007f488827d79a in __futex_abstimed_wait_common () from /lib64/libc.so.6
#1  0x00007f488827ffa0 in pthread_cond_wait

GLIBC_2.3.2 () from /lib64/libc.so.6
#2  0x00007f486939c04f in th_worker (tidptr=<optimized out>) at numexpr/module.cpp:60
#3  0x00007f4888280c02 in start_thread () from /lib64/libc.so.6
#4  0x00007f4888305c40 in clone3 () from /lib64/libc.so.6

Thread 6 (Thread 0x7f48672f3640 (LWP 1456093) "python3"):
#0  0x00007f488827d79a in __futex_abstimed_wait_common () from /lib64/libc.so.6
#1  0x00007f488827ffa0 in pthread_cond_wait

GLIBC_2.3.2 () from /lib64/libc.so.6
#2  0x00007f486939c04f in th_worker (tidptr=<optimized out>) at numexpr/module.cpp:60
#3  0x00007f4888280c02 in start_thread () from /lib64/libc.so.6
#4  0x00007f4888305c40 in clone3 () from /lib64/libc.so.6

Thread 5 (Thread 0x7f4867af4640 (LWP 1456091) "python3"):
#0  0x00007f488827d79a in __futex_abstimed_wait_common () from /lib64/libc.so.6
#1  0x00007f488827ffa0 in pthread_cond_wait

GLIBC_2.3.2 () from /lib64/libc.so.6
#2  0x00007f486939c04f in th_worker (tidptr=<optimized out>) at numexpr/module.cpp:60
#3  0x00007f4888280c02 in start_thread () from /lib64/libc.so.6
#4  0x00007f4888305c40 in clone3 () from /lib64/libc.so.6

Thread 4 (Thread 0x7f48682f5640 (LWP 1456089) "python3"):
#0  0x00007f488827d79a in __futex_abstimed_wait_common () from /lib64/libc.so.6
#1  0x00007f488827ffa0 in pthread_cond_wait

GLIBC_2.3.2 () from /lib64/libc.so.6
#2  0x00007f486939c04f in th_worker (tidptr=<optimized out>) at numexpr/module.cpp:60
#3  0x00007f4888280c02 in start_thread () from /lib64/libc.so.6
#4  0x00007f4888305c40 in clone3 () from /lib64/libc.so.6

Thread 3 (Thread 0x7f4868af6640 (LWP 1456087) "python3"):
#0  0x00007f488827d79a in __futex_abstimed_wait_common () from /lib64/libc.so.6
#1  0x00007f488827ffa0 in pthread_cond_wait

GLIBC_2.3.2 () from /lib64/libc.so.6
#2  0x00007f486939c04f in th_worker (tidptr=<optimized out>) at numexpr/module.cpp:60
#3  0x00007f4888280c02 in start_thread () from /lib64/libc.so.6
#4  0x00007f4888305c40 in clone3 () from /lib64/libc.so.6

Thread 2 (Thread 0x7f48692f7640 (LWP 1456086) "python3"):
#0  0x00007f488827d79a in __futex_abstimed_wait_common () from /lib64/libc.so.6
#1  0x00007f488827ffa0 in pthread_cond_wait

GLIBC_2.3.2 () from /lib64/libc.so.6
#2  0x00007f486939c04f in th_worker (tidptr=<optimized out>) at numexpr/module.cpp:60
#3  0x00007f4888280c02 in start_thread () from /lib64/libc.so.6
#4  0x00007f4888305c40 in clone3 () from /lib64/libc.so.6

Thread 1 (Thread 0x7f4888861740 (LWP 1449411) "python3"):
#0  0x00007f48882cfa3f in wait4 () from /lib64/libc.so.6
#1  0x00007f4888242243 in do_system () from /lib64/libc.so.6
#2  0x00007f4887b6743d in TUnixSystem::StackTrace() () from /cvmfs/cms.cern.ch/el9_amd64_gcc12/lcg/root/6.30.07-8b1a11e1ef0e074fdfd44e162b27e71c/lib/libCore.so
#3  0x00007f48887c55a3 in (anonymous namespace)::TExceptionHandlerImp::HandleException(int) () from /cvmfs/cms.cern.ch/el9_amd64_gcc12/lcg/root/6.30.07-8b1a11e1ef0e074fdfd44e162b27e71c/lib/libcppyy_backend3_9.so
#4  0x00007f4887b66c71 in TUnixSystem::DispatchSignals(ESignals) () from /cvmfs/cms.cern.ch/el9_amd64_gcc12/lcg/root/6.30.07-8b1a11e1ef0e074fdfd44e162b27e71c/lib/libCore.so
#5  <signal handler called>
#6  0x00007f4863b0364d in RooStats::ModelConfig::SetHasOnlyParameters(RooArgSet const&, char const*) () from /cvmfs/cms.cern.ch/el9_amd64_gcc12/lcg/root/6.30.07-8b1a11e1ef0e074fdfd44e162b27e71c/lib/libRooFitCore.so
#7  0x00007f4863b09d30 in RooStats::ModelConfig::SetObservables(RooArgSet const&) () from /cvmfs/cms.cern.ch/el9_amd64_gcc12/lcg/root/6.30.07-8b1a11e1ef0e074fdfd44e162b27e71c/lib/libRooFitCore.so
#8  0x00007f48620ca013 in ?? ()
#9  0x0000000000000001 in ?? ()
#10 0x00007f48887c6078 in WrapperCall(long, unsigned long, void*, void*, void*) () from /cvmfs/cms.cern.ch/el9_amd64_gcc12/lcg/root/6.30.07-8b1a11e1ef0e074fdfd44e162b27e71c/lib/libcppyy_backend3_9.so
#11 0x00007f4887d50e97 in CPyCppyy::(anonymous namespace)::VoidExecutor::Execute(long, void*, CPyCppyy::CallContext*) () from /cvmfs/cms.cern.ch/el9_amd64_gcc12/lcg/root/6.30.07-8b1a11e1ef0e074fdfd44e162b27e71c/lib/libcppyy3_9.so
#12 0x00007f4887d3cf87 in CPyCppyy::CPPMethod::ExecuteFast(void*, long, CPyCppyy::CallContext*) [clone .isra.0] () from /cvmfs/cms.cern.ch/el9_amd64_gcc12/lcg/root/6.30.07-8b1a11e1ef0e074fdfd44e162b27e71c/lib/libcppyy3_9.so
#13 0x00007f4887d3e316 in CPyCppyy::CPPMethod::Execute(void*, long, CPyCppyy::CallContext*) () from /cvmfs/cms.cern.ch/el9_amd64_gcc12/lcg/root/6.30.07-8b1a11e1ef0e074fdfd44e162b27e71c/lib/libcppyy3_9.so
#14 0x00007f4887d3f0cf in CPyCppyy::CPPMethod::Call(CPyCppyy::CPPInstance*&, _object*, _object*, CPyCppyy::CallContext*) () from /cvmfs/cms.cern.ch/el9_amd64_gcc12/lcg/root/6.30.07-8b1a11e1ef0e074fdfd44e162b27e71c/lib/libcppyy3_9.so
#15 0x00007f4887d43e9a in CPyCppyy::(anonymous namespace)::mp_call(CPyCppyy::CPPOverload*, _object*, _object*) () from /cvmfs/cms.cern.ch/el9_amd64_gcc12/lcg/root/6.30.07-8b1a11e1ef0e074fdfd44e162b27e71c/lib/libcppyy3_9.so
#16 0x00007f48884b786e in _PyObject_MakeTpCall (tstate=0xc0d180, callable=callable
entry=0x7f48640d2a00, args=args
entry=0x92b4b90, nargs=1, keywords=keywords
entry=0x0) at Objects/call.c:191
#17 0x00007f488846e50a in _PyObject_VectorcallTstate (kwnames=0x0, nargsf=9223372036854775809, args=0x92b4b90, callable=0x7f48640d2a00, tstate=<optimized out>) at ./Include/cpython/abstract.h:116
#18 _PyObject_VectorcallTstate (kwnames=0x0, nargsf=9223372036854775809, args=0x92b4b90, callable=0x7f48640d2a00, tstate=<optimized out>) at ./Include/cpython/abstract.h:103
#19 PyObject_Vectorcall (kwnames=0x0, nargsf=9223372036854775809, args=<optimized out>, callable=0x7f48640d2a00) at ./Include/cpython/abstract.h:127
#20 call_function (kwnames=0x0, oparg=1, pp_stack=<synthetic pointer>, tstate=0xc0d180) at Python/ceval.c:5077
#21 _PyEval_EvalFrameDefault (tstate=<optimized out>, f=<optimized out>, throwflag=<optimized out>) at Python/ceval.c:3489
#22 0x00007f48884659fb in _PyEval_EvalFrame (throwflag=0, f=0x92b49b0, tstate=0xc0d180) at ./Include/internal/pycore_ceval.h:40
#23 function_code_fastcall (tstate=0xc0d180, co=<optimized out>, args=<optimized out>, nargs=1, globals=<optimized out>) at Objects/call.c:330
#24 0x00007f488846cd0f in _PyObject_VectorcallTstate (kwnames=0x0, nargsf=<optimized out>, args=0x7f48640e0740, callable=0x7f4887db7700, tstate=0xc0d180) at ./Include/cpython/abstract.h:118
#25 PyObject_Vectorcall (kwnames=0x0, nargsf=<optimized out>, args=<optimized out>, callable=<optimized out>) at ./Include/cpython/abstract.h:127
#26 call_function (kwnames=0x0, oparg=<optimized out>, pp_stack=<synthetic pointer>, tstate=0xc0d180) at Python/ceval.c:5077
#27 _PyEval_EvalFrameDefault (tstate=<optimized out>, f=<optimized out>, throwflag=<optimized out>) at Python/ceval.c:3506
#28 0x00007f488859ea91 in _PyEval_EvalFrame (throwflag=0, f=0x7f48640e05b0, tstate=0xc0d180) at ./Include/internal/pycore_ceval.h:40
#29 _PyEval_EvalCode (tstate=tstate
entry=0xc0d180, _co=<optimized out>, globals=<optimized out>, locals=locals
entry=0x0, args=<optimized out>, argcount=1, kwnames=0x7f48880c32f8, kwargs=0xc611b0, kwcount=1, kwstep=1, defs=0x7f48815b6808, defcount=1, kwdefs=0x0, closure=0x0, name=0x7f4887f4a7f0, qualname=0x7f48798c3760) at Python/ceval.c:4329
#30 0x00007f48884b769d in _PyFunction_Vectorcall (func=<optimized out>, stack=<optimized out>, nargsf=<optimized out>, kwnames=<optimized out>) at Objects/call.c:396
#31 0x00007f48884ba198 in _PyObject_VectorcallTstate (kwnames=0x7f48880c32e0, nargsf=1, args=0xc611a8, callable=0x7f48798c7f70, tstate=0xc0d180) at ./Include/cpython/abstract.h:118
#32 method_vectorcall (method=<optimized out>, args=0xc611b0, nargsf=<optimized out>, kwnames=0x7f48880c32e0) at Objects/classobject.c:53
#33 0x00007f488846bde6 in _PyObject_VectorcallTstate (kwnames=0x7f48880c32e0, nargsf=9223372036854775808, args=0xc611b0, callable=0x7f48640f2800, tstate=0xc0d180) at ./Include/cpython/abstract.h:118
#34 PyObject_Vectorcall (kwnames=0x7f48880c32e0, nargsf=9223372036854775808, args=0xc611b0, callable=<optimized out>) at ./Include/cpython/abstract.h:127
#35 call_function (kwnames=0x7f48880c32e0, oparg=<optimized out>, pp_stack=<synthetic pointer>, tstate=0xc0d180) at Python/ceval.c:5077
#36 _PyEval_EvalFrameDefault (tstate=<optimized out>, f=<optimized out>, throwflag=<optimized out>) at Python/ceval.c:3537
#37 0x00007f488859ea91 in _PyEval_EvalFrame (throwflag=0, f=0xc61040, tstate=0xc0d180) at ./Include/internal/pycore_ceval.h:40
#38 _PyEval_EvalCode (tstate=0xc0d180, _co=_co
entry=0x7f48881383a0, globals=globals
entry=0x7f488815a3c0, locals=locals
entry=0x7f488815a3c0, args=args
entry=0x0, argcount=argcount
entry=0, kwnames=0x0, kwargs=0x0, kwcount=0, kwstep=2, defs=0x0, defcount=0, kwdefs=0x0, closure=0x0, name=0x0, qualname=0x0) at Python/ceval.c:4329
#39 0x00007f488859ee32 in _PyEval_EvalCodeWithName (_co=_co
entry=0x7f48881383a0, globals=globals
entry=0x7f488815a3c0, locals=locals
entry=0x7f488815a3c0, args=args
entry=0x0, argcount=argcount
entry=0, kwnames=kwnames
entry=0x0, kwargs=0x0, kwcount=0, kwstep=2, defs=0x0, defcount=0, kwdefs=0x0, closure=0x0, name=0x0, qualname=0x0) at Python/ceval.c:4361
#40 0x00007f488859ee7b in PyEval_EvalCodeEx (_co=_co
entry=0x7f48881383a0, globals=globals
entry=0x7f488815a3c0, locals=locals
entry=0x7f488815a3c0, args=args
entry=0x0, argcount=argcount
entry=0, kws=kws
entry=0x0, kwcount=0, defs=0x0, defcount=0, kwdefs=0x0, closure=0x0) at Python/ceval.c:4377
#41 0x00007f488859eeab in PyEval_EvalCode (co=co
entry=0x7f48881383a0, globals=globals
entry=0x7f488815a3c0, locals=locals
entry=0x7f488815a3c0) at Python/ceval.c:828
#42 0x00007f48885de3a9 in run_eval_code_obj (locals=0x7f488815a3c0, globals=0x7f488815a3c0, co=0x7f48881383a0, tstate=0xc0d180) at Python/pythonrun.c:1221
#43 run_mod (mod=<optimized out>, filename=filename
entry=0x7f48880c5390, globals=globals
entry=0x7f488815a3c0, locals=locals
entry=0x7f488815a3c0, flags=flags
entry=0x7ffd9d5262c8, arena=arena
entry=0x7f4887f9afd0) at Python/pythonrun.c:1242
#44 0x00007f48885dfdf2 in pyrun_file (flags=0x7ffd9d5262c8, closeit=1, locals=0x7f488815a3c0, globals=0x7f488815a3c0, start=257, filename=0x7f48880c5390, fp=0xc600f0) at Python/pythonrun.c:1140
#45 pyrun_simple_file (flags=0x7ffd9d5262c8, closeit=1, filename=0x7f48880c5390, fp=0xc600f0) at Python/pythonrun.c:450
#46 PyRun_SimpleFileExFlags (fp=fp
entry=0xc600f0, filename=<optimized out>, closeit=closeit
entry=1, flags=flags
entry=0x7ffd9d5262c8) at Python/pythonrun.c:483
#47 0x00007f48885e0453 in PyRun_AnyFileExFlags (fp=fp
entry=0xc600f0, filename=<optimized out>, closeit=closeit
entry=1, flags=flags
entry=0x7ffd9d5262c8) at Python/pythonrun.c:92
#48 0x00007f48885fde28 in pymain_run_file (cf=0x7ffd9d5262c8, config=0xc0af60) at Modules/main.c:373
#49 pymain_run_python (exitcode=0x7ffd9d5262c0) at Modules/main.c:598
#50 Py_RunMain () at Modules/main.c:677
#51 0x00007f48885fe347 in pymain_main (args=0x7ffd9d5263b0) at Modules/main.c:707
#52 Py_BytesMain (argc=<optimized out>, argv=<optimized out>) at Modules/main.c:731
#53 0x00007f4888220590 in __libc_start_call_main () from /lib64/libc.so.6
#54 0x00007f4888220640 in __libc_start_main_impl () from /lib64/libc.so.6
#55 0x0000000000401075 in _start ()
===========================================================


The lines below might hint at the cause of the crash. If you see question
marks as part of the stack trace, try to recompile with debugging information
enabled and export CLING_DEBUG=1 environment variable before running.
You may get help by asking at the ROOT forum https://root.cern/forum
preferably using the command (.forum bug) in the ROOT prompt.
Only if you are really convinced it is a bug in ROOT then please submit a
report at https://root.cern/bugs or (preferably) using the command (.gh bug) in
the ROOT prompt. Please post the ENTIRE stack trace
from above as an attachment in addition to anything else
that might help us fixing this issue.
===========================================================
#6  0x00007f4863b0364d in RooStats::ModelConfig::SetHasOnlyParameters(RooArgSet const&, char const*) () from /cvmfs/cms.cern.ch/el9_amd64_gcc12/lcg/root/6.30.07-8b1a11e1ef0e074fdfd44e162b27e71c/lib/libRooFitCore.so
#7  0x00007f4863b09d30 in RooStats::ModelConfig::SetObservables(RooArgSet const&) () from /cvmfs/cms.cern.ch/el9_amd64_gcc12/lcg/root/6.30.07-8b1a11e1ef0e074fdfd44e162b27e71c/lib/libRooFitCore.so
#8  0x00007f48620ca013 in ?? ()
#9  0x0000000000000001 in ?? ()
#10 0x00007f48887c6078 in WrapperCall(long, unsigned long, void*, void*, void*) () from /cvmfs/cms.cern.ch/el9_amd64_gcc12/lcg/root/6.30.07-8b1a11e1ef0e074fdfd44e162b27e71c/lib/libcppyy_backend3_9.so
#11 0x00007f4887d50e97 in CPyCppyy::(anonymous namespace)::VoidExecutor::Execute(long, void*, CPyCppyy::CallContext*) () from /cvmfs/cms.cern.ch/el9_amd64_gcc12/lcg/root/6.30.07-8b1a11e1ef0e074fdfd44e162b27e71c/lib/libcppyy3_9.so
#12 0x00007f4887d3cf87 in CPyCppyy::CPPMethod::ExecuteFast(void*, long, CPyCppyy::CallContext*) [clone .isra.0] () from /cvmfs/cms.cern.ch/el9_amd64_gcc12/lcg/root/6.30.07-8b1a11e1ef0e074fdfd44e162b27e71c/lib/libcppyy3_9.so
#13 0x00007f4887d3e316 in CPyCppyy::CPPMethod::Execute(void*, long, CPyCppyy::CallContext*) () from /cvmfs/cms.cern.ch/el9_amd64_gcc12/lcg/root/6.30.07-8b1a11e1ef0e074fdfd44e162b27e71c/lib/libcppyy3_9.so
#14 0x00007f4887d3f0cf in CPyCppyy::CPPMethod::Call(CPyCppyy::CPPInstance*&, _object*, _object*, CPyCppyy::CallContext*) () from /cvmfs/cms.cern.ch/el9_amd64_gcc12/lcg/root/6.30.07-8b1a11e1ef0e074fdfd44e162b27e71c/lib/libcppyy3_9.so
#15 0x00007f4887d43e9a in CPyCppyy::(anonymous namespace)::mp_call(CPyCppyy::CPPOverload*, _object*, _object*) () from /cvmfs/cms.cern.ch/el9_amd64_gcc12/lcg/root/6.30.07-8b1a11e1ef0e074fdfd44e162b27e71c/lib/libcppyy3_9.so
#16 0x00007f48884b786e in _PyObject_MakeTpCall (tstate=0xc0d180, callable=callable
entry=0x7f48640d2a00, args=args
entry=0x92b4b90, nargs=1, keywords=keywords
entry=0x0) at Objects/call.c:191
#17 0x00007f488846e50a in _PyObject_VectorcallTstate (kwnames=0x0, nargsf=9223372036854775809, args=0x92b4b90, callable=0x7f48640d2a00, tstate=<optimized out>) at ./Include/cpython/abstract.h:116
#18 _PyObject_VectorcallTstate (kwnames=0x0, nargsf=9223372036854775809, args=0x92b4b90, callable=0x7f48640d2a00, tstate=<optimized out>) at ./Include/cpython/abstract.h:103
#19 PyObject_Vectorcall (kwnames=0x0, nargsf=9223372036854775809, args=<optimized out>, callable=0x7f48640d2a00) at ./Include/cpython/abstract.h:127
#20 call_function (kwnames=0x0, oparg=1, pp_stack=<synthetic pointer>, tstate=0xc0d180) at Python/ceval.c:5077
#21 _PyEval_EvalFrameDefault (tstate=<optimized out>, f=<optimized out>, throwflag=<optimized out>) at Python/ceval.c:3489
#22 0x00007f48884659fb in _PyEval_EvalFrame (throwflag=0, f=0x92b49b0, tstate=0xc0d180) at ./Include/internal/pycore_ceval.h:40
#23 function_code_fastcall (tstate=0xc0d180, co=<optimized out>, args=<optimized out>, nargs=1, globals=<optimized out>) at Objects/call.c:330
#24 0x00007f488846cd0f in _PyObject_VectorcallTstate (kwnames=0x0, nargsf=<optimized out>, args=0x7f48640e0740, callable=0x7f4887db7700, tstate=0xc0d180) at ./Include/cpython/abstract.h:118
#25 PyObject_Vectorcall (kwnames=0x0, nargsf=<optimized out>, args=<optimized out>, callable=<optimized out>) at ./Include/cpython/abstract.h:127
#26 call_function (kwnames=0x0, oparg=<optimized out>, pp_stack=<synthetic pointer>, tstate=0xc0d180) at Python/ceval.c:5077
#27 _PyEval_EvalFrameDefault (tstate=<optimized out>, f=<optimized out>, throwflag=<optimized out>) at Python/ceval.c:3506
#28 0x00007f488859ea91 in _PyEval_EvalFrame (throwflag=0, f=0x7f48640e05b0, tstate=0xc0d180) at ./Include/internal/pycore_ceval.h:40
#29 _PyEval_EvalCode (tstate=tstate
entry=0xc0d180, _co=<optimized out>, globals=<optimized out>, locals=locals
entry=0x0, args=<optimized out>, argcount=1, kwnames=0x7f48880c32f8, kwargs=0xc611b0, kwcount=1, kwstep=1, defs=0x7f48815b6808, defcount=1, kwdefs=0x0, closure=0x0, name=0x7f4887f4a7f0, qualname=0x7f48798c3760) at Python/ceval.c:4329
#30 0x00007f48884b769d in _PyFunction_Vectorcall (func=<optimized out>, stack=<optimized out>, nargsf=<optimized out>, kwnames=<optimized out>) at Objects/call.c:396
#31 0x00007f48884ba198 in _PyObject_VectorcallTstate (kwnames=0x7f48880c32e0, nargsf=1, args=0xc611a8, callable=0x7f48798c7f70, tstate=0xc0d180) at ./Include/cpython/abstract.h:118
#32 method_vectorcall (method=<optimized out>, args=0xc611b0, nargsf=<optimized out>, kwnames=0x7f48880c32e0) at Objects/classobject.c:53
#33 0x00007f488846bde6 in _PyObject_VectorcallTstate (kwnames=0x7f48880c32e0, nargsf=9223372036854775808, args=0xc611b0, callable=0x7f48640f2800, tstate=0xc0d180) at ./Include/cpython/abstract.h:118
#34 PyObject_Vectorcall (kwnames=0x7f48880c32e0, nargsf=9223372036854775808, args=0xc611b0, callable=<optimized out>) at ./Include/cpython/abstract.h:127
#35 call_function (kwnames=0x7f48880c32e0, oparg=<optimized out>, pp_stack=<synthetic pointer>, tstate=0xc0d180) at Python/ceval.c:5077
#36 _PyEval_EvalFrameDefault (tstate=<optimized out>, f=<optimized out>, throwflag=<optimized out>) at Python/ceval.c:3537
#37 0x00007f488859ea91 in _PyEval_EvalFrame (throwflag=0, f=0xc61040, tstate=0xc0d180) at ./Include/internal/pycore_ceval.h:40
#38 _PyEval_EvalCode (tstate=0xc0d180, _co=_co
entry=0x7f48881383a0, globals=globals
entry=0x7f488815a3c0, locals=locals
entry=0x7f488815a3c0, args=args
entry=0x0, argcount=argcount
entry=0, kwnames=0x0, kwargs=0x0, kwcount=0, kwstep=2, defs=0x0, defcount=0, kwdefs=0x0, closure=0x0, name=0x0, qualname=0x0) at Python/ceval.c:4329
#39 0x00007f488859ee32 in _PyEval_EvalCodeWithName (_co=_co
entry=0x7f48881383a0, globals=globals
entry=0x7f488815a3c0, locals=locals
entry=0x7f488815a3c0, args=args
entry=0x0, argcount=argcount
entry=0, kwnames=kwnames
entry=0x0, kwargs=0x0, kwcount=0, kwstep=2, defs=0x0, defcount=0, kwdefs=0x0, closure=0x0, name=0x0, qualname=0x0) at Python/ceval.c:4361
#40 0x00007f488859ee7b in PyEval_EvalCodeEx (_co=_co
entry=0x7f48881383a0, globals=globals
entry=0x7f488815a3c0, locals=locals
entry=0x7f488815a3c0, args=args
entry=0x0, argcount=argcount
entry=0, kws=kws
entry=0x0, kwcount=0, defs=0x0, defcount=0, kwdefs=0x0, closure=0x0) at Python/ceval.c:4377
#41 0x00007f488859eeab in PyEval_EvalCode (co=co
entry=0x7f48881383a0, globals=globals
entry=0x7f488815a3c0, locals=locals
entry=0x7f488815a3c0) at Python/ceval.c:828
#42 0x00007f48885de3a9 in run_eval_code_obj (locals=0x7f488815a3c0, globals=0x7f488815a3c0, co=0x7f48881383a0, tstate=0xc0d180) at Python/pythonrun.c:1221
#43 run_mod (mod=<optimized out>, filename=filename
entry=0x7f48880c5390, globals=globals
entry=0x7f488815a3c0, locals=locals
entry=0x7f488815a3c0, flags=flags
entry=0x7ffd9d5262c8, arena=arena
entry=0x7f4887f9afd0) at Python/pythonrun.c:1242
#44 0x00007f48885dfdf2 in pyrun_file (flags=0x7ffd9d5262c8, closeit=1, locals=0x7f488815a3c0, globals=0x7f488815a3c0, start=257, filename=0x7f48880c5390, fp=0xc600f0) at Python/pythonrun.c:1140
#45 pyrun_simple_file (flags=0x7ffd9d5262c8, closeit=1, filename=0x7f48880c5390, fp=0xc600f0) at Python/pythonrun.c:450
#46 PyRun_SimpleFileExFlags (fp=fp
entry=0xc600f0, filename=<optimized out>, closeit=closeit
entry=1, flags=flags
entry=0x7ffd9d5262c8) at Python/pythonrun.c:483
#47 0x00007f48885e0453 in PyRun_AnyFileExFlags (fp=fp
entry=0xc600f0, filename=<optimized out>, closeit=closeit
entry=1, flags=flags
entry=0x7ffd9d5262c8) at Python/pythonrun.c:92
#48 0x00007f48885fde28 in pymain_run_file (cf=0x7ffd9d5262c8, config=0xc0af60) at Modules/main.c:373
#49 pymain_run_python (exitcode=0x7ffd9d5262c0) at Modules/main.c:598
#50 Py_RunMain () at Modules/main.c:677
#51 0x00007f48885fe347 in pymain_main (args=0x7ffd9d5263b0) at Modules/main.c:707
#52 Py_BytesMain (argc=<optimized out>, argv=<optimized out>) at Modules/main.c:731
#53 0x00007f4888220590 in __libc_start_call_main () from /lib64/libc.so.6
#54 0x00007f4888220640 in __libc_start_main_impl () from /lib64/libc.so.6
#55 0x0000000000401075 in _start ()
===========================================================


 *** Break *** segmentation violation



===========================================================
There was a crash.
This is the entire stack trace of all threads:
===========================================================

Thread 9 (Thread 0x7f4865af0640 (LWP 1456109) "python3"):
#0  0x00007f488827d79a in __futex_abstimed_wait_common () from /lib64/libc.so.6
#1  0x00007f488827ffa0 in pthread_cond_wait

GLIBC_2.3.2 () from /lib64/libc.so.6
#2  0x00007f486939c04f in th_worker (tidptr=<optimized out>) at numexpr/module.cpp:60
#3  0x00007f4888280c02 in start_thread () from /lib64/libc.so.6
#4  0x00007f4888305c40 in clone3 () from /lib64/libc.so.6

Thread 8 (Thread 0x7f48662f1640 (LWP 1456103) "python3"):
#0  0x00007f488827d79a in __futex_abstimed_wait_common () from /lib64/libc.so.6
#1  0x00007f488827ffa0 in pthread_cond_wait

GLIBC_2.3.2 () from /lib64/libc.so.6
#2  0x00007f486939c04f in th_worker (tidptr=<optimized out>) at numexpr/module.cpp:60
#3  0x00007f4888280c02 in start_thread () from /lib64/libc.so.6
#4  0x00007f4888305c40 in clone3 () from /lib64/libc.so.6

Thread 7 (Thread 0x7f4866af2640 (LWP 1456098) "python3"):
#0  0x00007f488827d79a in __futex_abstimed_wait_common () from /lib64/libc.so.6
#1  0x00007f488827ffa0 in pthread_cond_wait

GLIBC_2.3.2 () from /lib64/libc.so.6
#2  0x00007f486939c04f in th_worker (tidptr=<optimized out>) at numexpr/module.cpp:60
#3  0x00007f4888280c02 in start_thread () from /lib64/libc.so.6
#4  0x00007f4888305c40 in clone3 () from /lib64/libc.so.6

Thread 6 (Thread 0x7f48672f3640 (LWP 1456093) "python3"):
#0  0x00007f488827d79a in __futex_abstimed_wait_common () from /lib64/libc.so.6
#1  0x00007f488827ffa0 in pthread_cond_wait

GLIBC_2.3.2 () from /lib64/libc.so.6
#2  0x00007f486939c04f in th_worker (tidptr=<optimized out>) at numexpr/module.cpp:60
#3  0x00007f4888280c02 in start_thread () from /lib64/libc.so.6
#4  0x00007f4888305c40 in clone3 () from /lib64/libc.so.6

Thread 5 (Thread 0x7f4867af4640 (LWP 1456091) "python3"):
#0  0x00007f488827d79a in __futex_abstimed_wait_common () from /lib64/libc.so.6
#1  0x00007f488827ffa0 in pthread_cond_wait

GLIBC_2.3.2 () from /lib64/libc.so.6
#2  0x00007f486939c04f in th_worker (tidptr=<optimized out>) at numexpr/module.cpp:60
#3  0x00007f4888280c02 in start_thread () from /lib64/libc.so.6
#4  0x00007f4888305c40 in clone3 () from /lib64/libc.so.6

Thread 4 (Thread 0x7f48682f5640 (LWP 1456089) "python3"):
#0  0x00007f488827d79a in __futex_abstimed_wait_common () from /lib64/libc.so.6
#1  0x00007f488827ffa0 in pthread_cond_wait

GLIBC_2.3.2 () from /lib64/libc.so.6
#2  0x00007f486939c04f in th_worker (tidptr=<optimized out>) at numexpr/module.cpp:60
#3  0x00007f4888280c02 in start_thread () from /lib64/libc.so.6
#4  0x00007f4888305c40 in clone3 () from /lib64/libc.so.6

Thread 3 (Thread 0x7f4868af6640 (LWP 1456087) "python3"):
#0  0x00007f488827d79a in __futex_abstimed_wait_common () from /lib64/libc.so.6
#1  0x00007f488827ffa0 in pthread_cond_wait

GLIBC_2.3.2 () from /lib64/libc.so.6
#2  0x00007f486939c04f in th_worker (tidptr=<optimized out>) at numexpr/module.cpp:60
#3  0x00007f4888280c02 in start_thread () from /lib64/libc.so.6
#4  0x00007f4888305c40 in clone3 () from /lib64/libc.so.6

Thread 2 (Thread 0x7f48692f7640 (LWP 1456086) "python3"):
#0  0x00007f488827d79a in __futex_abstimed_wait_common () from /lib64/libc.so.6
#1  0x00007f488827ffa0 in pthread_cond_wait

GLIBC_2.3.2 () from /lib64/libc.so.6
#2  0x00007f486939c04f in th_worker (tidptr=<optimized out>) at numexpr/module.cpp:60
#3  0x00007f4888280c02 in start_thread () from /lib64/libc.so.6
#4  0x00007f4888305c40 in clone3 () from /lib64/libc.so.6

Thread 1 (Thread 0x7f4888861740 (LWP 1449411) "python3"):
#0  0x00007f48882cfa3f in wait4 () from /lib64/libc.so.6
#1  0x00007f4888242243 in do_system () from /lib64/libc.so.6
#2  0x00007f4887b6743d in TUnixSystem::StackTrace() () from /cvmfs/cms.cern.ch/el9_amd64_gcc12/lcg/root/6.30.07-8b1a11e1ef0e074fdfd44e162b27e71c/lib/libCore.so
#3  0x00007f48887c5423 in (anonymous namespace)::TExceptionHandlerImp::HandleException(int) () from /cvmfs/cms.cern.ch/el9_amd64_gcc12/lcg/root/6.30.07-8b1a11e1ef0e074fdfd44e162b27e71c/lib/libcppyy_backend3_9.so
#4  0x00007f4887b66c71 in TUnixSystem::DispatchSignals(ESignals) () from /cvmfs/cms.cern.ch/el9_amd64_gcc12/lcg/root/6.30.07-8b1a11e1ef0e074fdfd44e162b27e71c/lib/libCore.so
#5  <signal handler called>
#6  0x00007f4863b0364d in RooStats::ModelConfig::SetHasOnlyParameters(RooArgSet const&, char const*) () from /cvmfs/cms.cern.ch/el9_amd64_gcc12/lcg/root/6.30.07-8b1a11e1ef0e074fdfd44e162b27e71c/lib/libRooFitCore.so
#7  0x00007f4863b09d30 in RooStats::ModelConfig::SetObservables(RooArgSet const&) () from /cvmfs/cms.cern.ch/el9_amd64_gcc12/lcg/root/6.30.07-8b1a11e1ef0e074fdfd44e162b27e71c/lib/libRooFitCore.so
#8  0x00007f48620ca013 in ?? ()
#9  0x0000000000000001 in ?? ()
#10 0x00007f48887c6078 in WrapperCall(long, unsigned long, void*, void*, void*) () from /cvmfs/cms.cern.ch/el9_amd64_gcc12/lcg/root/6.30.07-8b1a11e1ef0e074fdfd44e162b27e71c/lib/libcppyy_backend3_9.so
#11 0x00007f4887d50e97 in CPyCppyy::(anonymous namespace)::VoidExecutor::Execute(long, void*, CPyCppyy::CallContext*) () from /cvmfs/cms.cern.ch/el9_amd64_gcc12/lcg/root/6.30.07-8b1a11e1ef0e074fdfd44e162b27e71c/lib/libcppyy3_9.so
#12 0x00007f4887d3cf87 in CPyCppyy::CPPMethod::ExecuteFast(void*, long, CPyCppyy::CallContext*) [clone .isra.0] () from /cvmfs/cms.cern.ch/el9_amd64_gcc12/lcg/root/6.30.07-8b1a11e1ef0e074fdfd44e162b27e71c/lib/libcppyy3_9.so
#13 0x00007f4887d3e316 in CPyCppyy::CPPMethod::Execute(void*, long, CPyCppyy::CallContext*) () from /cvmfs/cms.cern.ch/el9_amd64_gcc12/lcg/root/6.30.07-8b1a11e1ef0e074fdfd44e162b27e71c/lib/libcppyy3_9.so
#14 0x00007f4887d3f0cf in CPyCppyy::CPPMethod::Call(CPyCppyy::CPPInstance*&, _object*, _object*, CPyCppyy::CallContext*) () from /cvmfs/cms.cern.ch/el9_amd64_gcc12/lcg/root/6.30.07-8b1a11e1ef0e074fdfd44e162b27e71c/lib/libcppyy3_9.so
#15 0x00007f4887d43e9a in CPyCppyy::(anonymous namespace)::mp_call(CPyCppyy::CPPOverload*, _object*, _object*) () from /cvmfs/cms.cern.ch/el9_amd64_gcc12/lcg/root/6.30.07-8b1a11e1ef0e074fdfd44e162b27e71c/lib/libcppyy3_9.so
#16 0x00007f48884b786e in _PyObject_MakeTpCall (tstate=0xc0d180, callable=callable
entry=0x7f48640d2a00, args=args
entry=0x92b4b90, nargs=1, keywords=keywords
entry=0x0) at Objects/call.c:191
#17 0x00007f488846e50a in _PyObject_VectorcallTstate (kwnames=0x0, nargsf=9223372036854775809, args=0x92b4b90, callable=0x7f48640d2a00, tstate=<optimized out>) at ./Include/cpython/abstract.h:116
#18 _PyObject_VectorcallTstate (kwnames=0x0, nargsf=9223372036854775809, args=0x92b4b90, callable=0x7f48640d2a00, tstate=<optimized out>) at ./Include/cpython/abstract.h:103
#19 PyObject_Vectorcall (kwnames=0x0, nargsf=9223372036854775809, args=<optimized out>, callable=0x7f48640d2a00) at ./Include/cpython/abstract.h:127
#20 call_function (kwnames=0x0, oparg=1, pp_stack=<synthetic pointer>, tstate=0xc0d180) at Python/ceval.c:5077
#21 _PyEval_EvalFrameDefault (tstate=<optimized out>, f=<optimized out>, throwflag=<optimized out>) at Python/ceval.c:3489
#22 0x00007f48884659fb in _PyEval_EvalFrame (throwflag=0, f=0x92b49b0, tstate=0xc0d180) at ./Include/internal/pycore_ceval.h:40
#23 function_code_fastcall (tstate=0xc0d180, co=<optimized out>, args=<optimized out>, nargs=1, globals=<optimized out>) at Objects/call.c:330
#24 0x00007f488846cd0f in _PyObject_VectorcallTstate (kwnames=0x0, nargsf=<optimized out>, args=0x7f48640e0740, callable=0x7f4887db7700, tstate=0xc0d180) at ./Include/cpython/abstract.h:118
#25 PyObject_Vectorcall (kwnames=0x0, nargsf=<optimized out>, args=<optimized out>, callable=<optimized out>) at ./Include/cpython/abstract.h:127
#26 call_function (kwnames=0x0, oparg=<optimized out>, pp_stack=<synthetic pointer>, tstate=0xc0d180) at Python/ceval.c:5077
#27 _PyEval_EvalFrameDefault (tstate=<optimized out>, f=<optimized out>, throwflag=<optimized out>) at Python/ceval.c:3506
#28 0x00007f488859ea91 in _PyEval_EvalFrame (throwflag=0, f=0x7f48640e05b0, tstate=0xc0d180) at ./Include/internal/pycore_ceval.h:40
#29 _PyEval_EvalCode (tstate=tstate
entry=0xc0d180, _co=<optimized out>, globals=<optimized out>, locals=locals
entry=0x0, args=<optimized out>, argcount=1, kwnames=0x7f48880c32f8, kwargs=0xc611b0, kwcount=1, kwstep=1, defs=0x7f48815b6808, defcount=1, kwdefs=0x0, closure=0x0, name=0x7f4887f4a7f0, qualname=0x7f48798c3760) at Python/ceval.c:4329
#30 0x00007f48884b769d in _PyFunction_Vectorcall (func=<optimized out>, stack=<optimized out>, nargsf=<optimized out>, kwnames=<optimized out>) at Objects/call.c:396
#31 0x00007f48884ba198 in _PyObject_VectorcallTstate (kwnames=0x7f48880c32e0, nargsf=1, args=0xc611a8, callable=0x7f48798c7f70, tstate=0xc0d180) at ./Include/cpython/abstract.h:118
#32 method_vectorcall (method=<optimized out>, args=0xc611b0, nargsf=<optimized out>, kwnames=0x7f48880c32e0) at Objects/classobject.c:53
#33 0x00007f488846bde6 in _PyObject_VectorcallTstate (kwnames=0x7f48880c32e0, nargsf=9223372036854775808, args=0xc611b0, callable=0x7f48640f2800, tstate=0xc0d180) at ./Include/cpython/abstract.h:118
#34 PyObject_Vectorcall (kwnames=0x7f48880c32e0, nargsf=9223372036854775808, args=0xc611b0, callable=<optimized out>) at ./Include/cpython/abstract.h:127
#35 call_function (kwnames=0x7f48880c32e0, oparg=<optimized out>, pp_stack=<synthetic pointer>, tstate=0xc0d180) at Python/ceval.c:5077
#36 _PyEval_EvalFrameDefault (tstate=<optimized out>, f=<optimized out>, throwflag=<optimized out>) at Python/ceval.c:3537
#37 0x00007f488859ea91 in _PyEval_EvalFrame (throwflag=0, f=0xc61040, tstate=0xc0d180) at ./Include/internal/pycore_ceval.h:40
#38 _PyEval_EvalCode (tstate=0xc0d180, _co=_co
entry=0x7f48881383a0, globals=globals
entry=0x7f488815a3c0, locals=locals
entry=0x7f488815a3c0, args=args
entry=0x0, argcount=argcount
entry=0, kwnames=0x0, kwargs=0x0, kwcount=0, kwstep=2, defs=0x0, defcount=0, kwdefs=0x0, closure=0x0, name=0x0, qualname=0x0) at Python/ceval.c:4329
#39 0x00007f488859ee32 in _PyEval_EvalCodeWithName (_co=_co
entry=0x7f48881383a0, globals=globals
entry=0x7f488815a3c0, locals=locals
entry=0x7f488815a3c0, args=args
entry=0x0, argcount=argcount
entry=0, kwnames=kwnames
entry=0x0, kwargs=0x0, kwcount=0, kwstep=2, defs=0x0, defcount=0, kwdefs=0x0, closure=0x0, name=0x0, qualname=0x0) at Python/ceval.c:4361
#40 0x00007f488859ee7b in PyEval_EvalCodeEx (_co=_co
entry=0x7f48881383a0, globals=globals
entry=0x7f488815a3c0, locals=locals
entry=0x7f488815a3c0, args=args
entry=0x0, argcount=argcount
entry=0, kws=kws
entry=0x0, kwcount=0, defs=0x0, defcount=0, kwdefs=0x0, closure=0x0) at Python/ceval.c:4377
#41 0x00007f488859eeab in PyEval_EvalCode (co=co
entry=0x7f48881383a0, globals=globals
entry=0x7f488815a3c0, locals=locals
entry=0x7f488815a3c0) at Python/ceval.c:828
#42 0x00007f48885de3a9 in run_eval_code_obj (locals=0x7f488815a3c0, globals=0x7f488815a3c0, co=0x7f48881383a0, tstate=0xc0d180) at Python/pythonrun.c:1221
#43 run_mod (mod=<optimized out>, filename=filename
entry=0x7f48880c5390, globals=globals
entry=0x7f488815a3c0, locals=locals
entry=0x7f488815a3c0, flags=flags
entry=0x7ffd9d5262c8, arena=arena
entry=0x7f4887f9afd0) at Python/pythonrun.c:1242
#44 0x00007f48885dfdf2 in pyrun_file (flags=0x7ffd9d5262c8, closeit=1, locals=0x7f488815a3c0, globals=0x7f488815a3c0, start=257, filename=0x7f48880c5390, fp=0xc600f0) at Python/pythonrun.c:1140
#45 pyrun_simple_file (flags=0x7ffd9d5262c8, closeit=1, filename=0x7f48880c5390, fp=0xc600f0) at Python/pythonrun.c:450
#46 PyRun_SimpleFileExFlags (fp=fp
entry=0xc600f0, filename=<optimized out>, closeit=closeit
entry=1, flags=flags
entry=0x7ffd9d5262c8) at Python/pythonrun.c:483
#47 0x00007f48885e0453 in PyRun_AnyFileExFlags (fp=fp
entry=0xc600f0, filename=<optimized out>, closeit=closeit
entry=1, flags=flags
entry=0x7ffd9d5262c8) at Python/pythonrun.c:92
#48 0x00007f48885fde28 in pymain_run_file (cf=0x7ffd9d5262c8, config=0xc0af60) at Modules/main.c:373
#49 pymain_run_python (exitcode=0x7ffd9d5262c0) at Modules/main.c:598
#50 Py_RunMain () at Modules/main.c:677
#51 0x00007f48885fe347 in pymain_main (args=0x7ffd9d5263b0) at Modules/main.c:707
#52 Py_BytesMain (argc=<optimized out>, argv=<optimized out>) at Modules/main.c:731
#53 0x00007f4888220590 in __libc_start_call_main () from /lib64/libc.so.6
#54 0x00007f4888220640 in __libc_start_main_impl () from /lib64/libc.so.6
#55 0x0000000000401075 in _start ()
===========================================================


The lines below might hint at the cause of the crash. If you see question
marks as part of the stack trace, try to recompile with debugging information
enabled and export CLING_DEBUG=1 environment variable before running.
You may get help by asking at the ROOT forum https://root.cern/forum
preferably using the command (.forum bug) in the ROOT prompt.
Only if you are really convinced it is a bug in ROOT then please submit a
report at https://root.cern/bugs or (preferably) using the command (.gh bug) in
the ROOT prompt. Please post the ENTIRE stack trace
from above as an attachment in addition to anything else
that might help us fixing this issue.
===========================================================
#6  0x00007f4863b0364d in RooStats::ModelConfig::SetHasOnlyParameters(RooArgSet const&, char const*) () from /cvmfs/cms.cern.ch/el9_amd64_gcc12/lcg/root/6.30.07-8b1a11e1ef0e074fdfd44e162b27e71c/lib/libRooFitCore.so
#7  0x00007f4863b09d30 in RooStats::ModelConfig::SetObservables(RooArgSet const&) () from /cvmfs/cms.cern.ch/el9_amd64_gcc12/lcg/root/6.30.07-8b1a11e1ef0e074fdfd44e162b27e71c/lib/libRooFitCore.so
#8  0x00007f48620ca013 in ?? ()
#9  0x0000000000000001 in ?? ()
#10 0x00007f48887c6078 in WrapperCall(long, unsigned long, void*, void*, void*) () from /cvmfs/cms.cern.ch/el9_amd64_gcc12/lcg/root/6.30.07-8b1a11e1ef0e074fdfd44e162b27e71c/lib/libcppyy_backend3_9.so
#11 0x00007f4887d50e97 in CPyCppyy::(anonymous namespace)::VoidExecutor::Execute(long, void*, CPyCppyy::CallContext*) () from /cvmfs/cms.cern.ch/el9_amd64_gcc12/lcg/root/6.30.07-8b1a11e1ef0e074fdfd44e162b27e71c/lib/libcppyy3_9.so
#12 0x00007f4887d3cf87 in CPyCppyy::CPPMethod::ExecuteFast(void*, long, CPyCppyy::CallContext*) [clone .isra.0] () from /cvmfs/cms.cern.ch/el9_amd64_gcc12/lcg/root/6.30.07-8b1a11e1ef0e074fdfd44e162b27e71c/lib/libcppyy3_9.so
#13 0x00007f4887d3e316 in CPyCppyy::CPPMethod::Execute(void*, long, CPyCppyy::CallContext*) () from /cvmfs/cms.cern.ch/el9_amd64_gcc12/lcg/root/6.30.07-8b1a11e1ef0e074fdfd44e162b27e71c/lib/libcppyy3_9.so
#14 0x00007f4887d3f0cf in CPyCppyy::CPPMethod::Call(CPyCppyy::CPPInstance*&, _object*, _object*, CPyCppyy::CallContext*) () from /cvmfs/cms.cern.ch/el9_amd64_gcc12/lcg/root/6.30.07-8b1a11e1ef0e074fdfd44e162b27e71c/lib/libcppyy3_9.so
#15 0x00007f4887d43e9a in CPyCppyy::(anonymous namespace)::mp_call(CPyCppyy::CPPOverload*, _object*, _object*) () from /cvmfs/cms.cern.ch/el9_amd64_gcc12/lcg/root/6.30.07-8b1a11e1ef0e074fdfd44e162b27e71c/lib/libcppyy3_9.so
#16 0x00007f48884b786e in _PyObject_MakeTpCall (tstate=0xc0d180, callable=callable
entry=0x7f48640d2a00, args=args
entry=0x92b4b90, nargs=1, keywords=keywords
entry=0x0) at Objects/call.c:191
#17 0x00007f488846e50a in _PyObject_VectorcallTstate (kwnames=0x0, nargsf=9223372036854775809, args=0x92b4b90, callable=0x7f48640d2a00, tstate=<optimized out>) at ./Include/cpython/abstract.h:116
#18 _PyObject_VectorcallTstate (kwnames=0x0, nargsf=9223372036854775809, args=0x92b4b90, callable=0x7f48640d2a00, tstate=<optimized out>) at ./Include/cpython/abstract.h:103
#19 PyObject_Vectorcall (kwnames=0x0, nargsf=9223372036854775809, args=<optimized out>, callable=0x7f48640d2a00) at ./Include/cpython/abstract.h:127
#20 call_function (kwnames=0x0, oparg=1, pp_stack=<synthetic pointer>, tstate=0xc0d180) at Python/ceval.c:5077
#21 _PyEval_EvalFrameDefault (tstate=<optimized out>, f=<optimized out>, throwflag=<optimized out>) at Python/ceval.c:3489
#22 0x00007f48884659fb in _PyEval_EvalFrame (throwflag=0, f=0x92b49b0, tstate=0xc0d180) at ./Include/internal/pycore_ceval.h:40
#23 function_code_fastcall (tstate=0xc0d180, co=<optimized out>, args=<optimized out>, nargs=1, globals=<optimized out>) at Objects/call.c:330
#24 0x00007f488846cd0f in _PyObject_VectorcallTstate (kwnames=0x0, nargsf=<optimized out>, args=0x7f48640e0740, callable=0x7f4887db7700, tstate=0xc0d180) at ./Include/cpython/abstract.h:118
#25 PyObject_Vectorcall (kwnames=0x0, nargsf=<optimized out>, args=<optimized out>, callable=<optimized out>) at ./Include/cpython/abstract.h:127
#26 call_function (kwnames=0x0, oparg=<optimized out>, pp_stack=<synthetic pointer>, tstate=0xc0d180) at Python/ceval.c:5077
#27 _PyEval_EvalFrameDefault (tstate=<optimized out>, f=<optimized out>, throwflag=<optimized out>) at Python/ceval.c:3506
#28 0x00007f488859ea91 in _PyEval_EvalFrame (throwflag=0, f=0x7f48640e05b0, tstate=0xc0d180) at ./Include/internal/pycore_ceval.h:40
#29 _PyEval_EvalCode (tstate=tstate
entry=0xc0d180, _co=<optimized out>, globals=<optimized out>, locals=locals
entry=0x0, args=<optimized out>, argcount=1, kwnames=0x7f48880c32f8, kwargs=0xc611b0, kwcount=1, kwstep=1, defs=0x7f48815b6808, defcount=1, kwdefs=0x0, closure=0x0, name=0x7f4887f4a7f0, qualname=0x7f48798c3760) at Python/ceval.c:4329
#30 0x00007f48884b769d in _PyFunction_Vectorcall (func=<optimized out>, stack=<optimized out>, nargsf=<optimized out>, kwnames=<optimized out>) at Objects/call.c:396
#31 0x00007f48884ba198 in _PyObject_VectorcallTstate (kwnames=0x7f48880c32e0, nargsf=1, args=0xc611a8, callable=0x7f48798c7f70, tstate=0xc0d180) at ./Include/cpython/abstract.h:118
#32 method_vectorcall (method=<optimized out>, args=0xc611b0, nargsf=<optimized out>, kwnames=0x7f48880c32e0) at Objects/classobject.c:53
#33 0x00007f488846bde6 in _PyObject_VectorcallTstate (kwnames=0x7f48880c32e0, nargsf=9223372036854775808, args=0xc611b0, callable=0x7f48640f2800, tstate=0xc0d180) at ./Include/cpython/abstract.h:118
#34 PyObject_Vectorcall (kwnames=0x7f48880c32e0, nargsf=9223372036854775808, args=0xc611b0, callable=<optimized out>) at ./Include/cpython/abstract.h:127
#35 call_function (kwnames=0x7f48880c32e0, oparg=<optimized out>, pp_stack=<synthetic pointer>, tstate=0xc0d180) at Python/ceval.c:5077
#36 _PyEval_EvalFrameDefault (tstate=<optimized out>, f=<optimized out>, throwflag=<optimized out>) at Python/ceval.c:3537
#37 0x00007f488859ea91 in _PyEval_EvalFrame (throwflag=0, f=0xc61040, tstate=0xc0d180) at ./Include/internal/pycore_ceval.h:40
#38 _PyEval_EvalCode (tstate=0xc0d180, _co=_co
entry=0x7f48881383a0, globals=globals
entry=0x7f488815a3c0, locals=locals
entry=0x7f488815a3c0, args=args
entry=0x0, argcount=argcount
entry=0, kwnames=0x0, kwargs=0x0, kwcount=0, kwstep=2, defs=0x0, defcount=0, kwdefs=0x0, closure=0x0, name=0x0, qualname=0x0) at Python/ceval.c:4329
#39 0x00007f488859ee32 in _PyEval_EvalCodeWithName (_co=_co
entry=0x7f48881383a0, globals=globals
entry=0x7f488815a3c0, locals=locals
entry=0x7f488815a3c0, args=args
entry=0x0, argcount=argcount
entry=0, kwnames=kwnames
entry=0x0, kwargs=0x0, kwcount=0, kwstep=2, defs=0x0, defcount=0, kwdefs=0x0, closure=0x0, name=0x0, qualname=0x0) at Python/ceval.c:4361
#40 0x00007f488859ee7b in PyEval_EvalCodeEx (_co=_co
entry=0x7f48881383a0, globals=globals
entry=0x7f488815a3c0, locals=locals
entry=0x7f488815a3c0, args=args
entry=0x0, argcount=argcount
entry=0, kws=kws
entry=0x0, kwcount=0, defs=0x0, defcount=0, kwdefs=0x0, closure=0x0) at Python/ceval.c:4377
#41 0x00007f488859eeab in PyEval_EvalCode (co=co
entry=0x7f48881383a0, globals=globals
entry=0x7f488815a3c0, locals=locals
entry=0x7f488815a3c0) at Python/ceval.c:828
#42 0x00007f48885de3a9 in run_eval_code_obj (locals=0x7f488815a3c0, globals=0x7f488815a3c0, co=0x7f48881383a0, tstate=0xc0d180) at Python/pythonrun.c:1221
#43 run_mod (mod=<optimized out>, filename=filename
entry=0x7f48880c5390, globals=globals
entry=0x7f488815a3c0, locals=locals
entry=0x7f488815a3c0, flags=flags
entry=0x7ffd9d5262c8, arena=arena
entry=0x7f4887f9afd0) at Python/pythonrun.c:1242
#44 0x00007f48885dfdf2 in pyrun_file (flags=0x7ffd9d5262c8, closeit=1, locals=0x7f488815a3c0, globals=0x7f488815a3c0, start=257, filename=0x7f48880c5390, fp=0xc600f0) at Python/pythonrun.c:1140
#45 pyrun_simple_file (flags=0x7ffd9d5262c8, closeit=1, filename=0x7f48880c5390, fp=0xc600f0) at Python/pythonrun.c:450
#46 PyRun_SimpleFileExFlags (fp=fp
entry=0xc600f0, filename=<optimized out>, closeit=closeit
entry=1, flags=flags
entry=0x7ffd9d5262c8) at Python/pythonrun.c:483
#47 0x00007f48885e0453 in PyRun_AnyFileExFlags (fp=fp
entry=0xc600f0, filename=<optimized out>, closeit=closeit
entry=1, flags=flags
entry=0x7ffd9d5262c8) at Python/pythonrun.c:92
#48 0x00007f48885fde28 in pymain_run_file (cf=0x7ffd9d5262c8, config=0xc0af60) at Modules/main.c:373
#49 pymain_run_python (exitcode=0x7ffd9d5262c0) at Modules/main.c:598
#50 Py_RunMain () at Modules/main.c:677
#51 0x00007f48885fe347 in pymain_main (args=0x7ffd9d5263b0) at Modules/main.c:707
#52 Py_BytesMain (argc=<optimized out>, argv=<optimized out>) at Modules/main.c:731
#53 0x00007f4888220590 in __libc_start_call_main () from /lib64/libc.so.6
#54 0x00007f4888220640 in __libc_start_main_impl () from /lib64/libc.so.6
#55 0x0000000000401075 in _start ()
===========================================================


Error when running the combination:
	File /home/submit/lavezzo/SUEP/CMSSW_14_1_0_pre4/src/SUEPLimits/cards/WH_11_20_fixed_noShape/cards-SUEP_mS125.000_mPhi3.000_T0.750_modegeneric/combined.root does not exist

 ----------------- 

/tmp/submit_higgsCombineSUEP_mS125.000_mPhi2.000_T4.000_modegeneric.AsymptoticLimits.mH125.sh: line 20: warning: here-document at line 7 delimited by end-of-file (wanted `EOF')
Traceback (most recent call last):
  File "/home/submit/lavezzo/SUEP/CMSSW_14_1_0_pre4/bin/el9_amd64_gcc12/combineCards.py", line 162, in <module>
    file = open(fname, "r")
FileNotFoundError: [Errno 2] No such file or directory: 'cards-SUEP_mS125.000_mPhi2.000_T4.000_modegeneric/shapes-GJHScrA2018.dat'
 *** Break *** segmentation violation



===========================================================
There was a crash.
This is the entire stack trace of all threads:
===========================================================

Thread 9 (Thread 0x7f6fb9768640 (LWP 1456064) "python3"):
#0  0x00007f6fdbf6879a in __futex_abstimed_wait_common () from /lib64/libc.so.6
#1  0x00007f6fdbf6afa0 in pthread_cond_wait

GLIBC_2.3.2 () from /lib64/libc.so.6
#2  0x00007f6fc171304f in th_worker (tidptr=<optimized out>) at numexpr/module.cpp:60
#3  0x00007f6fdbf6bc02 in start_thread () from /lib64/libc.so.6
#4  0x00007f6fdbff0c40 in clone3 () from /lib64/libc.so.6

Thread 8 (Thread 0x7f6fb9f69640 (LWP 1456053) "python3"):
#0  0x00007f6fdbf6879a in __futex_abstimed_wait_common () from /lib64/libc.so.6
#1  0x00007f6fdbf6afa0 in pthread_cond_wait

GLIBC_2.3.2 () from /lib64/libc.so.6
#2  0x00007f6fc171304f in th_worker (tidptr=<optimized out>) at numexpr/module.cpp:60
#3  0x00007f6fdbf6bc02 in start_thread () from /lib64/libc.so.6
#4  0x00007f6fdbff0c40 in clone3 () from /lib64/libc.so.6

Thread 7 (Thread 0x7f6fba76a640 (LWP 1456044) "python3"):
#0  0x00007f6fdbf6879a in __futex_abstimed_wait_common () from /lib64/libc.so.6
#1  0x00007f6fdbf6afa0 in pthread_cond_wait

GLIBC_2.3.2 () from /lib64/libc.so.6
#2  0x00007f6fc171304f in th_worker (tidptr=<optimized out>) at numexpr/module.cpp:60
#3  0x00007f6fdbf6bc02 in start_thread () from /lib64/libc.so.6
#4  0x00007f6fdbff0c40 in clone3 () from /lib64/libc.so.6

Thread 6 (Thread 0x7f6fbaf6b640 (LWP 1456033) "python3"):
#0  0x00007f6fdbf6879a in __futex_abstimed_wait_common () from /lib64/libc.so.6
#1  0x00007f6fdbf6afa0 in pthread_cond_wait

GLIBC_2.3.2 () from /lib64/libc.so.6
#2  0x00007f6fc171304f in th_worker (tidptr=<optimized out>) at numexpr/module.cpp:60
#3  0x00007f6fdbf6bc02 in start_thread () from /lib64/libc.so.6
#4  0x00007f6fdbff0c40 in clone3 () from /lib64/libc.so.6

Thread 5 (Thread 0x7f6fbb76c640 (LWP 1456022) "python3"):
#0  0x00007f6fdbf6879a in __futex_abstimed_wait_common () from /lib64/libc.so.6
#1  0x00007f6fdbf6afa0 in pthread_cond_wait

GLIBC_2.3.2 () from /lib64/libc.so.6
#2  0x00007f6fc171304f in th_worker (tidptr=<optimized out>) at numexpr/module.cpp:60
#3  0x00007f6fdbf6bc02 in start_thread () from /lib64/libc.so.6
#4  0x00007f6fdbff0c40 in clone3 () from /lib64/libc.so.6

Thread 4 (Thread 0x7f6fbbf6d640 (LWP 1456013) "python3"):
#0  0x00007f6fdbf6879a in __futex_abstimed_wait_common () from /lib64/libc.so.6
#1  0x00007f6fdbf6afa0 in pthread_cond_wait

GLIBC_2.3.2 () from /lib64/libc.so.6
#2  0x00007f6fc171304f in th_worker (tidptr=<optimized out>) at numexpr/module.cpp:60
#3  0x00007f6fdbf6bc02 in start_thread () from /lib64/libc.so.6
#4  0x00007f6fdbff0c40 in clone3 () from /lib64/libc.so.6

Thread 3 (Thread 0x7f6fbc76e640 (LWP 1456005) "python3"):
#0  0x00007f6fdbf6879a in __futex_abstimed_wait_common () from /lib64/libc.so.6
#1  0x00007f6fdbf6afa0 in pthread_cond_wait

GLIBC_2.3.2 () from /lib64/libc.so.6
#2  0x00007f6fc171304f in th_worker (tidptr=<optimized out>) at numexpr/module.cpp:60
#3  0x00007f6fdbf6bc02 in start_thread () from /lib64/libc.so.6
#4  0x00007f6fdbff0c40 in clone3 () from /lib64/libc.so.6

Thread 2 (Thread 0x7f6fbcf6f640 (LWP 1455996) "python3"):
#0  0x00007f6fdbf6879a in __futex_abstimed_wait_common () from /lib64/libc.so.6
#1  0x00007f6fdbf6afa0 in pthread_cond_wait

GLIBC_2.3.2 () from /lib64/libc.so.6
#2  0x00007f6fc171304f in th_worker (tidptr=<optimized out>) at numexpr/module.cpp:60
#3  0x00007f6fdbf6bc02 in start_thread () from /lib64/libc.so.6
#4  0x00007f6fdbff0c40 in clone3 () from /lib64/libc.so.6

Thread 1 (Thread 0x7f6fdc5e2740 (LWP 1449412) "python3"):
#0  0x00007f6fdbfbaa3f in wait4 () from /lib64/libc.so.6
#1  0x00007f6fdbf2d243 in do_system () from /lib64/libc.so.6
#2  0x00007f6fdb76743d in TUnixSystem::StackTrace() () from /cvmfs/cms.cern.ch/el9_amd64_gcc12/lcg/root/6.30.07-8b1a11e1ef0e074fdfd44e162b27e71c/lib/libCore.so
#3  0x00007f6fdc5c65a3 in (anonymous namespace)::TExceptionHandlerImp::HandleException(int) () from /cvmfs/cms.cern.ch/el9_amd64_gcc12/lcg/root/6.30.07-8b1a11e1ef0e074fdfd44e162b27e71c/lib/libcppyy_backend3_9.so
#4  0x00007f6fdb766c71 in TUnixSystem::DispatchSignals(ESignals) () from /cvmfs/cms.cern.ch/el9_amd64_gcc12/lcg/root/6.30.07-8b1a11e1ef0e074fdfd44e162b27e71c/lib/libCore.so
#5  <signal handler called>
#6  0x00007f6fb770364d in RooStats::ModelConfig::SetHasOnlyParameters(RooArgSet const&, char const*) () from /cvmfs/cms.cern.ch/el9_amd64_gcc12/lcg/root/6.30.07-8b1a11e1ef0e074fdfd44e162b27e71c/lib/libRooFitCore.so
#7  0x00007f6fb7709d30 in RooStats::ModelConfig::SetObservables(RooArgSet const&) () from /cvmfs/cms.cern.ch/el9_amd64_gcc12/lcg/root/6.30.07-8b1a11e1ef0e074fdfd44e162b27e71c/lib/libRooFitCore.so
#8  0x00007f6fb636a013 in ?? ()
#9  0x0000000000000001 in ?? ()
#10 0x00007f6fdc5c7078 in WrapperCall(long, unsigned long, void*, void*, void*) () from /cvmfs/cms.cern.ch/el9_amd64_gcc12/lcg/root/6.30.07-8b1a11e1ef0e074fdfd44e162b27e71c/lib/libcppyy_backend3_9.so
#11 0x00007f6fdb9bbe97 in CPyCppyy::(anonymous namespace)::VoidExecutor::Execute(long, void*, CPyCppyy::CallContext*) () from /cvmfs/cms.cern.ch/el9_amd64_gcc12/lcg/root/6.30.07-8b1a11e1ef0e074fdfd44e162b27e71c/lib/libcppyy3_9.so
#12 0x00007f6fdb9a7f87 in CPyCppyy::CPPMethod::ExecuteFast(void*, long, CPyCppyy::CallContext*) [clone .isra.0] () from /cvmfs/cms.cern.ch/el9_amd64_gcc12/lcg/root/6.30.07-8b1a11e1ef0e074fdfd44e162b27e71c/lib/libcppyy3_9.so
#13 0x00007f6fdb9a9316 in CPyCppyy::CPPMethod::Execute(void*, long, CPyCppyy::CallContext*) () from /cvmfs/cms.cern.ch/el9_amd64_gcc12/lcg/root/6.30.07-8b1a11e1ef0e074fdfd44e162b27e71c/lib/libcppyy3_9.so
#14 0x00007f6fdb9aa0cf in CPyCppyy::CPPMethod::Call(CPyCppyy::CPPInstance*&, _object*, _object*, CPyCppyy::CallContext*) () from /cvmfs/cms.cern.ch/el9_amd64_gcc12/lcg/root/6.30.07-8b1a11e1ef0e074fdfd44e162b27e71c/lib/libcppyy3_9.so
#15 0x00007f6fdb9aee9a in CPyCppyy::(anonymous namespace)::mp_call(CPyCppyy::CPPOverload*, _object*, _object*) () from /cvmfs/cms.cern.ch/el9_amd64_gcc12/lcg/root/6.30.07-8b1a11e1ef0e074fdfd44e162b27e71c/lib/libcppyy3_9.so
#16 0x00007f6fdc2b786e in _PyObject_MakeTpCall (tstate=0x1906180, callable=callable
entry=0x7f6fb7d43a00, args=args
entry=0x9cd2b10, nargs=1, keywords=keywords
entry=0x0) at Objects/call.c:191
#17 0x00007f6fdc26e50a in _PyObject_VectorcallTstate (kwnames=0x0, nargsf=9223372036854775809, args=0x9cd2b10, callable=0x7f6fb7d43a00, tstate=<optimized out>) at ./Include/cpython/abstract.h:116
#18 _PyObject_VectorcallTstate (kwnames=0x0, nargsf=9223372036854775809, args=0x9cd2b10, callable=0x7f6fb7d43a00, tstate=<optimized out>) at ./Include/cpython/abstract.h:103
#19 PyObject_Vectorcall (kwnames=0x0, nargsf=9223372036854775809, args=<optimized out>, callable=0x7f6fb7d43a00) at ./Include/cpython/abstract.h:127
#20 call_function (kwnames=0x0, oparg=1, pp_stack=<synthetic pointer>, tstate=0x1906180) at Python/ceval.c:5077
#21 _PyEval_EvalFrameDefault (tstate=<optimized out>, f=<optimized out>, throwflag=<optimized out>) at Python/ceval.c:3489
#22 0x00007f6fdc2659fb in _PyEval_EvalFrame (throwflag=0, f=0x9cd2930, tstate=0x1906180) at ./Include/internal/pycore_ceval.h:40
#23 function_code_fastcall (tstate=0x1906180, co=<optimized out>, args=<optimized out>, nargs=1, globals=<optimized out>) at Objects/call.c:330
#24 0x00007f6fdc26cd0f in _PyObject_VectorcallTstate (kwnames=0x0, nargsf=<optimized out>, args=0x7f6fb7d52740, callable=0x7f6fdba22700, tstate=0x1906180) at ./Include/cpython/abstract.h:118
#25 PyObject_Vectorcall (kwnames=0x0, nargsf=<optimized out>, args=<optimized out>, callable=<optimized out>) at ./Include/cpython/abstract.h:127
#26 call_function (kwnames=0x0, oparg=<optimized out>, pp_stack=<synthetic pointer>, tstate=0x1906180) at Python/ceval.c:5077
#27 _PyEval_EvalFrameDefault (tstate=<optimized out>, f=<optimized out>, throwflag=<optimized out>) at Python/ceval.c:3506
#28 0x00007f6fdc39ea91 in _PyEval_EvalFrame (throwflag=0, f=0x7f6fb7d525b0, tstate=0x1906180) at ./Include/internal/pycore_ceval.h:40
#29 _PyEval_EvalCode (tstate=tstate
entry=0x1906180, _co=<optimized out>, globals=<optimized out>, locals=locals
entry=0x0, args=<optimized out>, argcount=1, kwnames=0x7f6fdbd2e2f8, kwargs=0x195a1b0, kwcount=1, kwstep=1, defs=0x7f6fd51b6808, defcount=1, kwdefs=0x0, closure=0x0, name=0x7f6fdbbb5770, qualname=0x7f6fc31a26c0) at Python/ceval.c:4329
#30 0x00007f6fdc2b769d in _PyFunction_Vectorcall (func=<optimized out>, stack=<optimized out>, nargsf=<optimized out>, kwnames=<optimized out>) at Objects/call.c:396
#31 0x00007f6fdc2ba198 in _PyObject_VectorcallTstate (kwnames=0x7f6fdbd2e2e0, nargsf=1, args=0x195a1a8, callable=0x7f6fc31a4f70, tstate=0x1906180) at ./Include/cpython/abstract.h:118
#32 method_vectorcall (method=<optimized out>, args=0x195a1b0, nargsf=<optimized out>, kwnames=0x7f6fdbd2e2e0) at Objects/classobject.c:53
#33 0x00007f6fdc26bde6 in _PyObject_VectorcallTstate (kwnames=0x7f6fdbd2e2e0, nargsf=9223372036854775808, args=0x195a1b0, callable=0x7f6fb7d5d940, tstate=0x1906180) at ./Include/cpython/abstract.h:118
#34 PyObject_Vectorcall (kwnames=0x7f6fdbd2e2e0, nargsf=9223372036854775808, args=0x195a1b0, callable=<optimized out>) at ./Include/cpython/abstract.h:127
#35 call_function (kwnames=0x7f6fdbd2e2e0, oparg=<optimized out>, pp_stack=<synthetic pointer>, tstate=0x1906180) at Python/ceval.c:5077
#36 _PyEval_EvalFrameDefault (tstate=<optimized out>, f=<optimized out>, throwflag=<optimized out>) at Python/ceval.c:3537
#37 0x00007f6fdc39ea91 in _PyEval_EvalFrame (throwflag=0, f=0x195a040, tstate=0x1906180) at ./Include/internal/pycore_ceval.h:40
#38 _PyEval_EvalCode (tstate=0x1906180, _co=_co
entry=0x7f6fdbda33a0, globals=globals
entry=0x7f6fdbdc53c0, locals=locals
entry=0x7f6fdbdc53c0, args=args
entry=0x0, argcount=argcount
entry=0, kwnames=0x0, kwargs=0x0, kwcount=0, kwstep=2, defs=0x0, defcount=0, kwdefs=0x0, closure=0x0, name=0x0, qualname=0x0) at Python/ceval.c:4329
#39 0x00007f6fdc39ee32 in _PyEval_EvalCodeWithName (_co=_co
entry=0x7f6fdbda33a0, globals=globals
entry=0x7f6fdbdc53c0, locals=locals
entry=0x7f6fdbdc53c0, args=args
entry=0x0, argcount=argcount
entry=0, kwnames=kwnames
entry=0x0, kwargs=0x0, kwcount=0, kwstep=2, defs=0x0, defcount=0, kwdefs=0x0, closure=0x0, name=0x0, qualname=0x0) at Python/ceval.c:4361
#40 0x00007f6fdc39ee7b in PyEval_EvalCodeEx (_co=_co
entry=0x7f6fdbda33a0, globals=globals
entry=0x7f6fdbdc53c0, locals=locals
entry=0x7f6fdbdc53c0, args=args
entry=0x0, argcount=argcount
entry=0, kws=kws
entry=0x0, kwcount=0, defs=0x0, defcount=0, kwdefs=0x0, closure=0x0) at Python/ceval.c:4377
#41 0x00007f6fdc39eeab in PyEval_EvalCode (co=co
entry=0x7f6fdbda33a0, globals=globals
entry=0x7f6fdbdc53c0, locals=locals
entry=0x7f6fdbdc53c0) at Python/ceval.c:828
#42 0x00007f6fdc3de3a9 in run_eval_code_obj (locals=0x7f6fdbdc53c0, globals=0x7f6fdbdc53c0, co=0x7f6fdbda33a0, tstate=0x1906180) at Python/pythonrun.c:1221
#43 run_mod (mod=<optimized out>, filename=filename
entry=0x7f6fdbd30390, globals=globals
entry=0x7f6fdbdc53c0, locals=locals
entry=0x7f6fdbdc53c0, flags=flags
entry=0x7ffc90e32278, arena=arena
entry=0x7f6fdbc05fd0) at Python/pythonrun.c:1242
#44 0x00007f6fdc3dfdf2 in pyrun_file (flags=0x7ffc90e32278, closeit=1, locals=0x7f6fdbdc53c0, globals=0x7f6fdbdc53c0, start=257, filename=0x7f6fdbd30390, fp=0x19590f0) at Python/pythonrun.c:1140
#45 pyrun_simple_file (flags=0x7ffc90e32278, closeit=1, filename=0x7f6fdbd30390, fp=0x19590f0) at Python/pythonrun.c:450
#46 PyRun_SimpleFileExFlags (fp=fp
entry=0x19590f0, filename=<optimized out>, closeit=closeit
entry=1, flags=flags
entry=0x7ffc90e32278) at Python/pythonrun.c:483
#47 0x00007f6fdc3e0453 in PyRun_AnyFileExFlags (fp=fp
entry=0x19590f0, filename=<optimized out>, closeit=closeit
entry=1, flags=flags
entry=0x7ffc90e32278) at Python/pythonrun.c:92
#48 0x00007f6fdc3fde28 in pymain_run_file (cf=0x7ffc90e32278, config=0x1903f60) at Modules/main.c:373
#49 pymain_run_python (exitcode=0x7ffc90e32270) at Modules/main.c:598
#50 Py_RunMain () at Modules/main.c:677
#51 0x00007f6fdc3fe347 in pymain_main (args=0x7ffc90e32360) at Modules/main.c:707
#52 Py_BytesMain (argc=<optimized out>, argv=<optimized out>) at Modules/main.c:731
#53 0x00007f6fdbf0b590 in __libc_start_call_main () from /lib64/libc.so.6
#54 0x00007f6fdbf0b640 in __libc_start_main_impl () from /lib64/libc.so.6
#55 0x0000000000401075 in _start ()
===========================================================


The lines below might hint at the cause of the crash. If you see question
marks as part of the stack trace, try to recompile with debugging information
enabled and export CLING_DEBUG=1 environment variable before running.
You may get help by asking at the ROOT forum https://root.cern/forum
preferably using the command (.forum bug) in the ROOT prompt.
Only if you are really convinced it is a bug in ROOT then please submit a
report at https://root.cern/bugs or (preferably) using the command (.gh bug) in
the ROOT prompt. Please post the ENTIRE stack trace
from above as an attachment in addition to anything else
that might help us fixing this issue.
===========================================================
#6  0x00007f6fb770364d in RooStats::ModelConfig::SetHasOnlyParameters(RooArgSet const&, char const*) () from /cvmfs/cms.cern.ch/el9_amd64_gcc12/lcg/root/6.30.07-8b1a11e1ef0e074fdfd44e162b27e71c/lib/libRooFitCore.so
#7  0x00007f6fb7709d30 in RooStats::ModelConfig::SetObservables(RooArgSet const&) () from /cvmfs/cms.cern.ch/el9_amd64_gcc12/lcg/root/6.30.07-8b1a11e1ef0e074fdfd44e162b27e71c/lib/libRooFitCore.so
#8  0x00007f6fb636a013 in ?? ()
#9  0x0000000000000001 in ?? ()
#10 0x00007f6fdc5c7078 in WrapperCall(long, unsigned long, void*, void*, void*) () from /cvmfs/cms.cern.ch/el9_amd64_gcc12/lcg/root/6.30.07-8b1a11e1ef0e074fdfd44e162b27e71c/lib/libcppyy_backend3_9.so
#11 0x00007f6fdb9bbe97 in CPyCppyy::(anonymous namespace)::VoidExecutor::Execute(long, void*, CPyCppyy::CallContext*) () from /cvmfs/cms.cern.ch/el9_amd64_gcc12/lcg/root/6.30.07-8b1a11e1ef0e074fdfd44e162b27e71c/lib/libcppyy3_9.so
#12 0x00007f6fdb9a7f87 in CPyCppyy::CPPMethod::ExecuteFast(void*, long, CPyCppyy::CallContext*) [clone .isra.0] () from /cvmfs/cms.cern.ch/el9_amd64_gcc12/lcg/root/6.30.07-8b1a11e1ef0e074fdfd44e162b27e71c/lib/libcppyy3_9.so
#13 0x00007f6fdb9a9316 in CPyCppyy::CPPMethod::Execute(void*, long, CPyCppyy::CallContext*) () from /cvmfs/cms.cern.ch/el9_amd64_gcc12/lcg/root/6.30.07-8b1a11e1ef0e074fdfd44e162b27e71c/lib/libcppyy3_9.so
#14 0x00007f6fdb9aa0cf in CPyCppyy::CPPMethod::Call(CPyCppyy::CPPInstance*&, _object*, _object*, CPyCppyy::CallContext*) () from /cvmfs/cms.cern.ch/el9_amd64_gcc12/lcg/root/6.30.07-8b1a11e1ef0e074fdfd44e162b27e71c/lib/libcppyy3_9.so
#15 0x00007f6fdb9aee9a in CPyCppyy::(anonymous namespace)::mp_call(CPyCppyy::CPPOverload*, _object*, _object*) () from /cvmfs/cms.cern.ch/el9_amd64_gcc12/lcg/root/6.30.07-8b1a11e1ef0e074fdfd44e162b27e71c/lib/libcppyy3_9.so
#16 0x00007f6fdc2b786e in _PyObject_MakeTpCall (tstate=0x1906180, callable=callable
entry=0x7f6fb7d43a00, args=args
entry=0x9cd2b10, nargs=1, keywords=keywords
entry=0x0) at Objects/call.c:191
#17 0x00007f6fdc26e50a in _PyObject_VectorcallTstate (kwnames=0x0, nargsf=9223372036854775809, args=0x9cd2b10, callable=0x7f6fb7d43a00, tstate=<optimized out>) at ./Include/cpython/abstract.h:116
#18 _PyObject_VectorcallTstate (kwnames=0x0, nargsf=9223372036854775809, args=0x9cd2b10, callable=0x7f6fb7d43a00, tstate=<optimized out>) at ./Include/cpython/abstract.h:103
#19 PyObject_Vectorcall (kwnames=0x0, nargsf=9223372036854775809, args=<optimized out>, callable=0x7f6fb7d43a00) at ./Include/cpython/abstract.h:127
#20 call_function (kwnames=0x0, oparg=1, pp_stack=<synthetic pointer>, tstate=0x1906180) at Python/ceval.c:5077
#21 _PyEval_EvalFrameDefault (tstate=<optimized out>, f=<optimized out>, throwflag=<optimized out>) at Python/ceval.c:3489
#22 0x00007f6fdc2659fb in _PyEval_EvalFrame (throwflag=0, f=0x9cd2930, tstate=0x1906180) at ./Include/internal/pycore_ceval.h:40
#23 function_code_fastcall (tstate=0x1906180, co=<optimized out>, args=<optimized out>, nargs=1, globals=<optimized out>) at Objects/call.c:330
#24 0x00007f6fdc26cd0f in _PyObject_VectorcallTstate (kwnames=0x0, nargsf=<optimized out>, args=0x7f6fb7d52740, callable=0x7f6fdba22700, tstate=0x1906180) at ./Include/cpython/abstract.h:118
#25 PyObject_Vectorcall (kwnames=0x0, nargsf=<optimized out>, args=<optimized out>, callable=<optimized out>) at ./Include/cpython/abstract.h:127
#26 call_function (kwnames=0x0, oparg=<optimized out>, pp_stack=<synthetic pointer>, tstate=0x1906180) at Python/ceval.c:5077
#27 _PyEval_EvalFrameDefault (tstate=<optimized out>, f=<optimized out>, throwflag=<optimized out>) at Python/ceval.c:3506
#28 0x00007f6fdc39ea91 in _PyEval_EvalFrame (throwflag=0, f=0x7f6fb7d525b0, tstate=0x1906180) at ./Include/internal/pycore_ceval.h:40
#29 _PyEval_EvalCode (tstate=tstate
entry=0x1906180, _co=<optimized out>, globals=<optimized out>, locals=locals
entry=0x0, args=<optimized out>, argcount=1, kwnames=0x7f6fdbd2e2f8, kwargs=0x195a1b0, kwcount=1, kwstep=1, defs=0x7f6fd51b6808, defcount=1, kwdefs=0x0, closure=0x0, name=0x7f6fdbbb5770, qualname=0x7f6fc31a26c0) at Python/ceval.c:4329
#30 0x00007f6fdc2b769d in _PyFunction_Vectorcall (func=<optimized out>, stack=<optimized out>, nargsf=<optimized out>, kwnames=<optimized out>) at Objects/call.c:396
#31 0x00007f6fdc2ba198 in _PyObject_VectorcallTstate (kwnames=0x7f6fdbd2e2e0, nargsf=1, args=0x195a1a8, callable=0x7f6fc31a4f70, tstate=0x1906180) at ./Include/cpython/abstract.h:118
#32 method_vectorcall (method=<optimized out>, args=0x195a1b0, nargsf=<optimized out>, kwnames=0x7f6fdbd2e2e0) at Objects/classobject.c:53
#33 0x00007f6fdc26bde6 in _PyObject_VectorcallTstate (kwnames=0x7f6fdbd2e2e0, nargsf=9223372036854775808, args=0x195a1b0, callable=0x7f6fb7d5d940, tstate=0x1906180) at ./Include/cpython/abstract.h:118
#34 PyObject_Vectorcall (kwnames=0x7f6fdbd2e2e0, nargsf=9223372036854775808, args=0x195a1b0, callable=<optimized out>) at ./Include/cpython/abstract.h:127
#35 call_function (kwnames=0x7f6fdbd2e2e0, oparg=<optimized out>, pp_stack=<synthetic pointer>, tstate=0x1906180) at Python/ceval.c:5077
#36 _PyEval_EvalFrameDefault (tstate=<optimized out>, f=<optimized out>, throwflag=<optimized out>) at Python/ceval.c:3537
#37 0x00007f6fdc39ea91 in _PyEval_EvalFrame (throwflag=0, f=0x195a040, tstate=0x1906180) at ./Include/internal/pycore_ceval.h:40
#38 _PyEval_EvalCode (tstate=0x1906180, _co=_co
entry=0x7f6fdbda33a0, globals=globals
entry=0x7f6fdbdc53c0, locals=locals
entry=0x7f6fdbdc53c0, args=args
entry=0x0, argcount=argcount
entry=0, kwnames=0x0, kwargs=0x0, kwcount=0, kwstep=2, defs=0x0, defcount=0, kwdefs=0x0, closure=0x0, name=0x0, qualname=0x0) at Python/ceval.c:4329
#39 0x00007f6fdc39ee32 in _PyEval_EvalCodeWithName (_co=_co
entry=0x7f6fdbda33a0, globals=globals
entry=0x7f6fdbdc53c0, locals=locals
entry=0x7f6fdbdc53c0, args=args
entry=0x0, argcount=argcount
entry=0, kwnames=kwnames
entry=0x0, kwargs=0x0, kwcount=0, kwstep=2, defs=0x0, defcount=0, kwdefs=0x0, closure=0x0, name=0x0, qualname=0x0) at Python/ceval.c:4361
#40 0x00007f6fdc39ee7b in PyEval_EvalCodeEx (_co=_co
entry=0x7f6fdbda33a0, globals=globals
entry=0x7f6fdbdc53c0, locals=locals
entry=0x7f6fdbdc53c0, args=args
entry=0x0, argcount=argcount
entry=0, kws=kws
entry=0x0, kwcount=0, defs=0x0, defcount=0, kwdefs=0x0, closure=0x0) at Python/ceval.c:4377
#41 0x00007f6fdc39eeab in PyEval_EvalCode (co=co
entry=0x7f6fdbda33a0, globals=globals
entry=0x7f6fdbdc53c0, locals=locals
entry=0x7f6fdbdc53c0) at Python/ceval.c:828
#42 0x00007f6fdc3de3a9 in run_eval_code_obj (locals=0x7f6fdbdc53c0, globals=0x7f6fdbdc53c0, co=0x7f6fdbda33a0, tstate=0x1906180) at Python/pythonrun.c:1221
#43 run_mod (mod=<optimized out>, filename=filename
entry=0x7f6fdbd30390, globals=globals
entry=0x7f6fdbdc53c0, locals=locals
entry=0x7f6fdbdc53c0, flags=flags
entry=0x7ffc90e32278, arena=arena
entry=0x7f6fdbc05fd0) at Python/pythonrun.c:1242
#44 0x00007f6fdc3dfdf2 in pyrun_file (flags=0x7ffc90e32278, closeit=1, locals=0x7f6fdbdc53c0, globals=0x7f6fdbdc53c0, start=257, filename=0x7f6fdbd30390, fp=0x19590f0) at Python/pythonrun.c:1140
#45 pyrun_simple_file (flags=0x7ffc90e32278, closeit=1, filename=0x7f6fdbd30390, fp=0x19590f0) at Python/pythonrun.c:450
#46 PyRun_SimpleFileExFlags (fp=fp
entry=0x19590f0, filename=<optimized out>, closeit=closeit
entry=1, flags=flags
entry=0x7ffc90e32278) at Python/pythonrun.c:483
#47 0x00007f6fdc3e0453 in PyRun_AnyFileExFlags (fp=fp
entry=0x19590f0, filename=<optimized out>, closeit=closeit
entry=1, flags=flags
entry=0x7ffc90e32278) at Python/pythonrun.c:92
#48 0x00007f6fdc3fde28 in pymain_run_file (cf=0x7ffc90e32278, config=0x1903f60) at Modules/main.c:373
#49 pymain_run_python (exitcode=0x7ffc90e32270) at Modules/main.c:598
#50 Py_RunMain () at Modules/main.c:677
#51 0x00007f6fdc3fe347 in pymain_main (args=0x7ffc90e32360) at Modules/main.c:707
#52 Py_BytesMain (argc=<optimized out>, argv=<optimized out>) at Modules/main.c:731
#53 0x00007f6fdbf0b590 in __libc_start_call_main () from /lib64/libc.so.6
#54 0x00007f6fdbf0b640 in __libc_start_main_impl () from /lib64/libc.so.6
#55 0x0000000000401075 in _start ()
===========================================================


 *** Break *** segmentation violation



===========================================================
There was a crash.
This is the entire stack trace of all threads:
===========================================================

Thread 9 (Thread 0x7f6fb9768640 (LWP 1456064) "python3"):
#0  0x00007f6fdbf6879a in __futex_abstimed_wait_common () from /lib64/libc.so.6
#1  0x00007f6fdbf6afa0 in pthread_cond_wait

GLIBC_2.3.2 () from /lib64/libc.so.6
#2  0x00007f6fc171304f in th_worker (tidptr=<optimized out>) at numexpr/module.cpp:60
#3  0x00007f6fdbf6bc02 in start_thread () from /lib64/libc.so.6
#4  0x00007f6fdbff0c40 in clone3 () from /lib64/libc.so.6

Thread 8 (Thread 0x7f6fb9f69640 (LWP 1456053) "python3"):
#0  0x00007f6fdbf6879a in __futex_abstimed_wait_common () from /lib64/libc.so.6
#1  0x00007f6fdbf6afa0 in pthread_cond_wait

GLIBC_2.3.2 () from /lib64/libc.so.6
#2  0x00007f6fc171304f in th_worker (tidptr=<optimized out>) at numexpr/module.cpp:60
#3  0x00007f6fdbf6bc02 in start_thread () from /lib64/libc.so.6
#4  0x00007f6fdbff0c40 in clone3 () from /lib64/libc.so.6

Thread 7 (Thread 0x7f6fba76a640 (LWP 1456044) "python3"):
#0  0x00007f6fdbf6879a in __futex_abstimed_wait_common () from /lib64/libc.so.6
#1  0x00007f6fdbf6afa0 in pthread_cond_wait

GLIBC_2.3.2 () from /lib64/libc.so.6
#2  0x00007f6fc171304f in th_worker (tidptr=<optimized out>) at numexpr/module.cpp:60
#3  0x00007f6fdbf6bc02 in start_thread () from /lib64/libc.so.6
#4  0x00007f6fdbff0c40 in clone3 () from /lib64/libc.so.6

Thread 6 (Thread 0x7f6fbaf6b640 (LWP 1456033) "python3"):
#0  0x00007f6fdbf6879a in __futex_abstimed_wait_common () from /lib64/libc.so.6
#1  0x00007f6fdbf6afa0 in pthread_cond_wait

GLIBC_2.3.2 () from /lib64/libc.so.6
#2  0x00007f6fc171304f in th_worker (tidptr=<optimized out>) at numexpr/module.cpp:60
#3  0x00007f6fdbf6bc02 in start_thread () from /lib64/libc.so.6
#4  0x00007f6fdbff0c40 in clone3 () from /lib64/libc.so.6

Thread 5 (Thread 0x7f6fbb76c640 (LWP 1456022) "python3"):
#0  0x00007f6fdbf6879a in __futex_abstimed_wait_common () from /lib64/libc.so.6
#1  0x00007f6fdbf6afa0 in pthread_cond_wait

GLIBC_2.3.2 () from /lib64/libc.so.6
#2  0x00007f6fc171304f in th_worker (tidptr=<optimized out>) at numexpr/module.cpp:60
#3  0x00007f6fdbf6bc02 in start_thread () from /lib64/libc.so.6
#4  0x00007f6fdbff0c40 in clone3 () from /lib64/libc.so.6

Thread 4 (Thread 0x7f6fbbf6d640 (LWP 1456013) "python3"):
#0  0x00007f6fdbf6879a in __futex_abstimed_wait_common () from /lib64/libc.so.6
#1  0x00007f6fdbf6afa0 in pthread_cond_wait

GLIBC_2.3.2 () from /lib64/libc.so.6
#2  0x00007f6fc171304f in th_worker (tidptr=<optimized out>) at numexpr/module.cpp:60
#3  0x00007f6fdbf6bc02 in start_thread () from /lib64/libc.so.6
#4  0x00007f6fdbff0c40 in clone3 () from /lib64/libc.so.6

Thread 3 (Thread 0x7f6fbc76e640 (LWP 1456005) "python3"):
#0  0x00007f6fdbf6879a in __futex_abstimed_wait_common () from /lib64/libc.so.6
#1  0x00007f6fdbf6afa0 in pthread_cond_wait

GLIBC_2.3.2 () from /lib64/libc.so.6
#2  0x00007f6fc171304f in th_worker (tidptr=<optimized out>) at numexpr/module.cpp:60
#3  0x00007f6fdbf6bc02 in start_thread () from /lib64/libc.so.6
#4  0x00007f6fdbff0c40 in clone3 () from /lib64/libc.so.6

Thread 2 (Thread 0x7f6fbcf6f640 (LWP 1455996) "python3"):
#0  0x00007f6fdbf6879a in __futex_abstimed_wait_common () from /lib64/libc.so.6
#1  0x00007f6fdbf6afa0 in pthread_cond_wait

GLIBC_2.3.2 () from /lib64/libc.so.6
#2  0x00007f6fc171304f in th_worker (tidptr=<optimized out>) at numexpr/module.cpp:60
#3  0x00007f6fdbf6bc02 in start_thread () from /lib64/libc.so.6
#4  0x00007f6fdbff0c40 in clone3 () from /lib64/libc.so.6

Thread 1 (Thread 0x7f6fdc5e2740 (LWP 1449412) "python3"):
#0  0x00007f6fdbfbaa3f in wait4 () from /lib64/libc.so.6
#1  0x00007f6fdbf2d243 in do_system () from /lib64/libc.so.6
#2  0x00007f6fdb76743d in TUnixSystem::StackTrace() () from /cvmfs/cms.cern.ch/el9_amd64_gcc12/lcg/root/6.30.07-8b1a11e1ef0e074fdfd44e162b27e71c/lib/libCore.so
#3  0x00007f6fdc5c6423 in (anonymous namespace)::TExceptionHandlerImp::HandleException(int) () from /cvmfs/cms.cern.ch/el9_amd64_gcc12/lcg/root/6.30.07-8b1a11e1ef0e074fdfd44e162b27e71c/lib/libcppyy_backend3_9.so
#4  0x00007f6fdb766c71 in TUnixSystem::DispatchSignals(ESignals) () from /cvmfs/cms.cern.ch/el9_amd64_gcc12/lcg/root/6.30.07-8b1a11e1ef0e074fdfd44e162b27e71c/lib/libCore.so
#5  <signal handler called>
#6  0x00007f6fb770364d in RooStats::ModelConfig::SetHasOnlyParameters(RooArgSet const&, char const*) () from /cvmfs/cms.cern.ch/el9_amd64_gcc12/lcg/root/6.30.07-8b1a11e1ef0e074fdfd44e162b27e71c/lib/libRooFitCore.so
#7  0x00007f6fb7709d30 in RooStats::ModelConfig::SetObservables(RooArgSet const&) () from /cvmfs/cms.cern.ch/el9_amd64_gcc12/lcg/root/6.30.07-8b1a11e1ef0e074fdfd44e162b27e71c/lib/libRooFitCore.so
#8  0x00007f6fb636a013 in ?? ()
#9  0x0000000000000001 in ?? ()
#10 0x00007f6fdc5c7078 in WrapperCall(long, unsigned long, void*, void*, void*) () from /cvmfs/cms.cern.ch/el9_amd64_gcc12/lcg/root/6.30.07-8b1a11e1ef0e074fdfd44e162b27e71c/lib/libcppyy_backend3_9.so
#11 0x00007f6fdb9bbe97 in CPyCppyy::(anonymous namespace)::VoidExecutor::Execute(long, void*, CPyCppyy::CallContext*) () from /cvmfs/cms.cern.ch/el9_amd64_gcc12/lcg/root/6.30.07-8b1a11e1ef0e074fdfd44e162b27e71c/lib/libcppyy3_9.so
#12 0x00007f6fdb9a7f87 in CPyCppyy::CPPMethod::ExecuteFast(void*, long, CPyCppyy::CallContext*) [clone .isra.0] () from /cvmfs/cms.cern.ch/el9_amd64_gcc12/lcg/root/6.30.07-8b1a11e1ef0e074fdfd44e162b27e71c/lib/libcppyy3_9.so
#13 0x00007f6fdb9a9316 in CPyCppyy::CPPMethod::Execute(void*, long, CPyCppyy::CallContext*) () from /cvmfs/cms.cern.ch/el9_amd64_gcc12/lcg/root/6.30.07-8b1a11e1ef0e074fdfd44e162b27e71c/lib/libcppyy3_9.so
#14 0x00007f6fdb9aa0cf in CPyCppyy::CPPMethod::Call(CPyCppyy::CPPInstance*&, _object*, _object*, CPyCppyy::CallContext*) () from /cvmfs/cms.cern.ch/el9_amd64_gcc12/lcg/root/6.30.07-8b1a11e1ef0e074fdfd44e162b27e71c/lib/libcppyy3_9.so
#15 0x00007f6fdb9aee9a in CPyCppyy::(anonymous namespace)::mp_call(CPyCppyy::CPPOverload*, _object*, _object*) () from /cvmfs/cms.cern.ch/el9_amd64_gcc12/lcg/root/6.30.07-8b1a11e1ef0e074fdfd44e162b27e71c/lib/libcppyy3_9.so
#16 0x00007f6fdc2b786e in _PyObject_MakeTpCall (tstate=0x1906180, callable=callable
entry=0x7f6fb7d43a00, args=args
entry=0x9cd2b10, nargs=1, keywords=keywords
entry=0x0) at Objects/call.c:191
#17 0x00007f6fdc26e50a in _PyObject_VectorcallTstate (kwnames=0x0, nargsf=9223372036854775809, args=0x9cd2b10, callable=0x7f6fb7d43a00, tstate=<optimized out>) at ./Include/cpython/abstract.h:116
#18 _PyObject_VectorcallTstate (kwnames=0x0, nargsf=9223372036854775809, args=0x9cd2b10, callable=0x7f6fb7d43a00, tstate=<optimized out>) at ./Include/cpython/abstract.h:103
#19 PyObject_Vectorcall (kwnames=0x0, nargsf=9223372036854775809, args=<optimized out>, callable=0x7f6fb7d43a00) at ./Include/cpython/abstract.h:127
#20 call_function (kwnames=0x0, oparg=1, pp_stack=<synthetic pointer>, tstate=0x1906180) at Python/ceval.c:5077
#21 _PyEval_EvalFrameDefault (tstate=<optimized out>, f=<optimized out>, throwflag=<optimized out>) at Python/ceval.c:3489
#22 0x00007f6fdc2659fb in _PyEval_EvalFrame (throwflag=0, f=0x9cd2930, tstate=0x1906180) at ./Include/internal/pycore_ceval.h:40
#23 function_code_fastcall (tstate=0x1906180, co=<optimized out>, args=<optimized out>, nargs=1, globals=<optimized out>) at Objects/call.c:330
#24 0x00007f6fdc26cd0f in _PyObject_VectorcallTstate (kwnames=0x0, nargsf=<optimized out>, args=0x7f6fb7d52740, callable=0x7f6fdba22700, tstate=0x1906180) at ./Include/cpython/abstract.h:118
#25 PyObject_Vectorcall (kwnames=0x0, nargsf=<optimized out>, args=<optimized out>, callable=<optimized out>) at ./Include/cpython/abstract.h:127
#26 call_function (kwnames=0x0, oparg=<optimized out>, pp_stack=<synthetic pointer>, tstate=0x1906180) at Python/ceval.c:5077
#27 _PyEval_EvalFrameDefault (tstate=<optimized out>, f=<optimized out>, throwflag=<optimized out>) at Python/ceval.c:3506
#28 0x00007f6fdc39ea91 in _PyEval_EvalFrame (throwflag=0, f=0x7f6fb7d525b0, tstate=0x1906180) at ./Include/internal/pycore_ceval.h:40
#29 _PyEval_EvalCode (tstate=tstate
entry=0x1906180, _co=<optimized out>, globals=<optimized out>, locals=locals
entry=0x0, args=<optimized out>, argcount=1, kwnames=0x7f6fdbd2e2f8, kwargs=0x195a1b0, kwcount=1, kwstep=1, defs=0x7f6fd51b6808, defcount=1, kwdefs=0x0, closure=0x0, name=0x7f6fdbbb5770, qualname=0x7f6fc31a26c0) at Python/ceval.c:4329
#30 0x00007f6fdc2b769d in _PyFunction_Vectorcall (func=<optimized out>, stack=<optimized out>, nargsf=<optimized out>, kwnames=<optimized out>) at Objects/call.c:396
#31 0x00007f6fdc2ba198 in _PyObject_VectorcallTstate (kwnames=0x7f6fdbd2e2e0, nargsf=1, args=0x195a1a8, callable=0x7f6fc31a4f70, tstate=0x1906180) at ./Include/cpython/abstract.h:118
#32 method_vectorcall (method=<optimized out>, args=0x195a1b0, nargsf=<optimized out>, kwnames=0x7f6fdbd2e2e0) at Objects/classobject.c:53
#33 0x00007f6fdc26bde6 in _PyObject_VectorcallTstate (kwnames=0x7f6fdbd2e2e0, nargsf=9223372036854775808, args=0x195a1b0, callable=0x7f6fb7d5d940, tstate=0x1906180) at ./Include/cpython/abstract.h:118
#34 PyObject_Vectorcall (kwnames=0x7f6fdbd2e2e0, nargsf=9223372036854775808, args=0x195a1b0, callable=<optimized out>) at ./Include/cpython/abstract.h:127
#35 call_function (kwnames=0x7f6fdbd2e2e0, oparg=<optimized out>, pp_stack=<synthetic pointer>, tstate=0x1906180) at Python/ceval.c:5077
#36 _PyEval_EvalFrameDefault (tstate=<optimized out>, f=<optimized out>, throwflag=<optimized out>) at Python/ceval.c:3537
#37 0x00007f6fdc39ea91 in _PyEval_EvalFrame (throwflag=0, f=0x195a040, tstate=0x1906180) at ./Include/internal/pycore_ceval.h:40
#38 _PyEval_EvalCode (tstate=0x1906180, _co=_co
entry=0x7f6fdbda33a0, globals=globals
entry=0x7f6fdbdc53c0, locals=locals
entry=0x7f6fdbdc53c0, args=args
entry=0x0, argcount=argcount
entry=0, kwnames=0x0, kwargs=0x0, kwcount=0, kwstep=2, defs=0x0, defcount=0, kwdefs=0x0, closure=0x0, name=0x0, qualname=0x0) at Python/ceval.c:4329
#39 0x00007f6fdc39ee32 in _PyEval_EvalCodeWithName (_co=_co
entry=0x7f6fdbda33a0, globals=globals
entry=0x7f6fdbdc53c0, locals=locals
entry=0x7f6fdbdc53c0, args=args
entry=0x0, argcount=argcount
entry=0, kwnames=kwnames
entry=0x0, kwargs=0x0, kwcount=0, kwstep=2, defs=0x0, defcount=0, kwdefs=0x0, closure=0x0, name=0x0, qualname=0x0) at Python/ceval.c:4361
#40 0x00007f6fdc39ee7b in PyEval_EvalCodeEx (_co=_co
entry=0x7f6fdbda33a0, globals=globals
entry=0x7f6fdbdc53c0, locals=locals
entry=0x7f6fdbdc53c0, args=args
entry=0x0, argcount=argcount
entry=0, kws=kws
entry=0x0, kwcount=0, defs=0x0, defcount=0, kwdefs=0x0, closure=0x0) at Python/ceval.c:4377
#41 0x00007f6fdc39eeab in PyEval_EvalCode (co=co
entry=0x7f6fdbda33a0, globals=globals
entry=0x7f6fdbdc53c0, locals=locals
entry=0x7f6fdbdc53c0) at Python/ceval.c:828
#42 0x00007f6fdc3de3a9 in run_eval_code_obj (locals=0x7f6fdbdc53c0, globals=0x7f6fdbdc53c0, co=0x7f6fdbda33a0, tstate=0x1906180) at Python/pythonrun.c:1221
#43 run_mod (mod=<optimized out>, filename=filename
entry=0x7f6fdbd30390, globals=globals
entry=0x7f6fdbdc53c0, locals=locals
entry=0x7f6fdbdc53c0, flags=flags
entry=0x7ffc90e32278, arena=arena
entry=0x7f6fdbc05fd0) at Python/pythonrun.c:1242
#44 0x00007f6fdc3dfdf2 in pyrun_file (flags=0x7ffc90e32278, closeit=1, locals=0x7f6fdbdc53c0, globals=0x7f6fdbdc53c0, start=257, filename=0x7f6fdbd30390, fp=0x19590f0) at Python/pythonrun.c:1140
#45 pyrun_simple_file (flags=0x7ffc90e32278, closeit=1, filename=0x7f6fdbd30390, fp=0x19590f0) at Python/pythonrun.c:450
#46 PyRun_SimpleFileExFlags (fp=fp
entry=0x19590f0, filename=<optimized out>, closeit=closeit
entry=1, flags=flags
entry=0x7ffc90e32278) at Python/pythonrun.c:483
#47 0x00007f6fdc3e0453 in PyRun_AnyFileExFlags (fp=fp
entry=0x19590f0, filename=<optimized out>, closeit=closeit
entry=1, flags=flags
entry=0x7ffc90e32278) at Python/pythonrun.c:92
#48 0x00007f6fdc3fde28 in pymain_run_file (cf=0x7ffc90e32278, config=0x1903f60) at Modules/main.c:373
#49 pymain_run_python (exitcode=0x7ffc90e32270) at Modules/main.c:598
#50 Py_RunMain () at Modules/main.c:677
#51 0x00007f6fdc3fe347 in pymain_main (args=0x7ffc90e32360) at Modules/main.c:707
#52 Py_BytesMain (argc=<optimized out>, argv=<optimized out>) at Modules/main.c:731
#53 0x00007f6fdbf0b590 in __libc_start_call_main () from /lib64/libc.so.6
#54 0x00007f6fdbf0b640 in __libc_start_main_impl () from /lib64/libc.so.6
#55 0x0000000000401075 in _start ()
===========================================================


The lines below might hint at the cause of the crash. If you see question
marks as part of the stack trace, try to recompile with debugging information
enabled and export CLING_DEBUG=1 environment variable before running.
You may get help by asking at the ROOT forum https://root.cern/forum
preferably using the command (.forum bug) in the ROOT prompt.
Only if you are really convinced it is a bug in ROOT then please submit a
report at https://root.cern/bugs or (preferably) using the command (.gh bug) in
the ROOT prompt. Please post the ENTIRE stack trace
from above as an attachment in addition to anything else
that might help us fixing this issue.
===========================================================
#6  0x00007f6fb770364d in RooStats::ModelConfig::SetHasOnlyParameters(RooArgSet const&, char const*) () from /cvmfs/cms.cern.ch/el9_amd64_gcc12/lcg/root/6.30.07-8b1a11e1ef0e074fdfd44e162b27e71c/lib/libRooFitCore.so
#7  0x00007f6fb7709d30 in RooStats::ModelConfig::SetObservables(RooArgSet const&) () from /cvmfs/cms.cern.ch/el9_amd64_gcc12/lcg/root/6.30.07-8b1a11e1ef0e074fdfd44e162b27e71c/lib/libRooFitCore.so
#8  0x00007f6fb636a013 in ?? ()
#9  0x0000000000000001 in ?? ()
#10 0x00007f6fdc5c7078 in WrapperCall(long, unsigned long, void*, void*, void*) () from /cvmfs/cms.cern.ch/el9_amd64_gcc12/lcg/root/6.30.07-8b1a11e1ef0e074fdfd44e162b27e71c/lib/libcppyy_backend3_9.so
#11 0x00007f6fdb9bbe97 in CPyCppyy::(anonymous namespace)::VoidExecutor::Execute(long, void*, CPyCppyy::CallContext*) () from /cvmfs/cms.cern.ch/el9_amd64_gcc12/lcg/root/6.30.07-8b1a11e1ef0e074fdfd44e162b27e71c/lib/libcppyy3_9.so
#12 0x00007f6fdb9a7f87 in CPyCppyy::CPPMethod::ExecuteFast(void*, long, CPyCppyy::CallContext*) [clone .isra.0] () from /cvmfs/cms.cern.ch/el9_amd64_gcc12/lcg/root/6.30.07-8b1a11e1ef0e074fdfd44e162b27e71c/lib/libcppyy3_9.so
#13 0x00007f6fdb9a9316 in CPyCppyy::CPPMethod::Execute(void*, long, CPyCppyy::CallContext*) () from /cvmfs/cms.cern.ch/el9_amd64_gcc12/lcg/root/6.30.07-8b1a11e1ef0e074fdfd44e162b27e71c/lib/libcppyy3_9.so
#14 0x00007f6fdb9aa0cf in CPyCppyy::CPPMethod::Call(CPyCppyy::CPPInstance*&, _object*, _object*, CPyCppyy::CallContext*) () from /cvmfs/cms.cern.ch/el9_amd64_gcc12/lcg/root/6.30.07-8b1a11e1ef0e074fdfd44e162b27e71c/lib/libcppyy3_9.so
#15 0x00007f6fdb9aee9a in CPyCppyy::(anonymous namespace)::mp_call(CPyCppyy::CPPOverload*, _object*, _object*) () from /cvmfs/cms.cern.ch/el9_amd64_gcc12/lcg/root/6.30.07-8b1a11e1ef0e074fdfd44e162b27e71c/lib/libcppyy3_9.so
#16 0x00007f6fdc2b786e in _PyObject_MakeTpCall (tstate=0x1906180, callable=callable
entry=0x7f6fb7d43a00, args=args
entry=0x9cd2b10, nargs=1, keywords=keywords
entry=0x0) at Objects/call.c:191
#17 0x00007f6fdc26e50a in _PyObject_VectorcallTstate (kwnames=0x0, nargsf=9223372036854775809, args=0x9cd2b10, callable=0x7f6fb7d43a00, tstate=<optimized out>) at ./Include/cpython/abstract.h:116
#18 _PyObject_VectorcallTstate (kwnames=0x0, nargsf=9223372036854775809, args=0x9cd2b10, callable=0x7f6fb7d43a00, tstate=<optimized out>) at ./Include/cpython/abstract.h:103
#19 PyObject_Vectorcall (kwnames=0x0, nargsf=9223372036854775809, args=<optimized out>, callable=0x7f6fb7d43a00) at ./Include/cpython/abstract.h:127
#20 call_function (kwnames=0x0, oparg=1, pp_stack=<synthetic pointer>, tstate=0x1906180) at Python/ceval.c:5077
#21 _PyEval_EvalFrameDefault (tstate=<optimized out>, f=<optimized out>, throwflag=<optimized out>) at Python/ceval.c:3489
#22 0x00007f6fdc2659fb in _PyEval_EvalFrame (throwflag=0, f=0x9cd2930, tstate=0x1906180) at ./Include/internal/pycore_ceval.h:40
#23 function_code_fastcall (tstate=0x1906180, co=<optimized out>, args=<optimized out>, nargs=1, globals=<optimized out>) at Objects/call.c:330
#24 0x00007f6fdc26cd0f in _PyObject_VectorcallTstate (kwnames=0x0, nargsf=<optimized out>, args=0x7f6fb7d52740, callable=0x7f6fdba22700, tstate=0x1906180) at ./Include/cpython/abstract.h:118
#25 PyObject_Vectorcall (kwnames=0x0, nargsf=<optimized out>, args=<optimized out>, callable=<optimized out>) at ./Include/cpython/abstract.h:127
#26 call_function (kwnames=0x0, oparg=<optimized out>, pp_stack=<synthetic pointer>, tstate=0x1906180) at Python/ceval.c:5077
#27 _PyEval_EvalFrameDefault (tstate=<optimized out>, f=<optimized out>, throwflag=<optimized out>) at Python/ceval.c:3506
#28 0x00007f6fdc39ea91 in _PyEval_EvalFrame (throwflag=0, f=0x7f6fb7d525b0, tstate=0x1906180) at ./Include/internal/pycore_ceval.h:40
#29 _PyEval_EvalCode (tstate=tstate
entry=0x1906180, _co=<optimized out>, globals=<optimized out>, locals=locals
entry=0x0, args=<optimized out>, argcount=1, kwnames=0x7f6fdbd2e2f8, kwargs=0x195a1b0, kwcount=1, kwstep=1, defs=0x7f6fd51b6808, defcount=1, kwdefs=0x0, closure=0x0, name=0x7f6fdbbb5770, qualname=0x7f6fc31a26c0) at Python/ceval.c:4329
#30 0x00007f6fdc2b769d in _PyFunction_Vectorcall (func=<optimized out>, stack=<optimized out>, nargsf=<optimized out>, kwnames=<optimized out>) at Objects/call.c:396
#31 0x00007f6fdc2ba198 in _PyObject_VectorcallTstate (kwnames=0x7f6fdbd2e2e0, nargsf=1, args=0x195a1a8, callable=0x7f6fc31a4f70, tstate=0x1906180) at ./Include/cpython/abstract.h:118
#32 method_vectorcall (method=<optimized out>, args=0x195a1b0, nargsf=<optimized out>, kwnames=0x7f6fdbd2e2e0) at Objects/classobject.c:53
#33 0x00007f6fdc26bde6 in _PyObject_VectorcallTstate (kwnames=0x7f6fdbd2e2e0, nargsf=9223372036854775808, args=0x195a1b0, callable=0x7f6fb7d5d940, tstate=0x1906180) at ./Include/cpython/abstract.h:118
#34 PyObject_Vectorcall (kwnames=0x7f6fdbd2e2e0, nargsf=9223372036854775808, args=0x195a1b0, callable=<optimized out>) at ./Include/cpython/abstract.h:127
#35 call_function (kwnames=0x7f6fdbd2e2e0, oparg=<optimized out>, pp_stack=<synthetic pointer>, tstate=0x1906180) at Python/ceval.c:5077
#36 _PyEval_EvalFrameDefault (tstate=<optimized out>, f=<optimized out>, throwflag=<optimized out>) at Python/ceval.c:3537
#37 0x00007f6fdc39ea91 in _PyEval_EvalFrame (throwflag=0, f=0x195a040, tstate=0x1906180) at ./Include/internal/pycore_ceval.h:40
#38 _PyEval_EvalCode (tstate=0x1906180, _co=_co
entry=0x7f6fdbda33a0, globals=globals
entry=0x7f6fdbdc53c0, locals=locals
entry=0x7f6fdbdc53c0, args=args
entry=0x0, argcount=argcount
entry=0, kwnames=0x0, kwargs=0x0, kwcount=0, kwstep=2, defs=0x0, defcount=0, kwdefs=0x0, closure=0x0, name=0x0, qualname=0x0) at Python/ceval.c:4329
#39 0x00007f6fdc39ee32 in _PyEval_EvalCodeWithName (_co=_co
entry=0x7f6fdbda33a0, globals=globals
entry=0x7f6fdbdc53c0, locals=locals
entry=0x7f6fdbdc53c0, args=args
entry=0x0, argcount=argcount
entry=0, kwnames=kwnames
entry=0x0, kwargs=0x0, kwcount=0, kwstep=2, defs=0x0, defcount=0, kwdefs=0x0, closure=0x0, name=0x0, qualname=0x0) at Python/ceval.c:4361
#40 0x00007f6fdc39ee7b in PyEval_EvalCodeEx (_co=_co
entry=0x7f6fdbda33a0, globals=globals
entry=0x7f6fdbdc53c0, locals=locals
entry=0x7f6fdbdc53c0, args=args
entry=0x0, argcount=argcount
entry=0, kws=kws
entry=0x0, kwcount=0, defs=0x0, defcount=0, kwdefs=0x0, closure=0x0) at Python/ceval.c:4377
#41 0x00007f6fdc39eeab in PyEval_EvalCode (co=co
entry=0x7f6fdbda33a0, globals=globals
entry=0x7f6fdbdc53c0, locals=locals
entry=0x7f6fdbdc53c0) at Python/ceval.c:828
#42 0x00007f6fdc3de3a9 in run_eval_code_obj (locals=0x7f6fdbdc53c0, globals=0x7f6fdbdc53c0, co=0x7f6fdbda33a0, tstate=0x1906180) at Python/pythonrun.c:1221
#43 run_mod (mod=<optimized out>, filename=filename
entry=0x7f6fdbd30390, globals=globals
entry=0x7f6fdbdc53c0, locals=locals
entry=0x7f6fdbdc53c0, flags=flags
entry=0x7ffc90e32278, arena=arena
entry=0x7f6fdbc05fd0) at Python/pythonrun.c:1242
#44 0x00007f6fdc3dfdf2 in pyrun_file (flags=0x7ffc90e32278, closeit=1, locals=0x7f6fdbdc53c0, globals=0x7f6fdbdc53c0, start=257, filename=0x7f6fdbd30390, fp=0x19590f0) at Python/pythonrun.c:1140
#45 pyrun_simple_file (flags=0x7ffc90e32278, closeit=1, filename=0x7f6fdbd30390, fp=0x19590f0) at Python/pythonrun.c:450
#46 PyRun_SimpleFileExFlags (fp=fp
entry=0x19590f0, filename=<optimized out>, closeit=closeit
entry=1, flags=flags
entry=0x7ffc90e32278) at Python/pythonrun.c:483
#47 0x00007f6fdc3e0453 in PyRun_AnyFileExFlags (fp=fp
entry=0x19590f0, filename=<optimized out>, closeit=closeit
entry=1, flags=flags
entry=0x7ffc90e32278) at Python/pythonrun.c:92
#48 0x00007f6fdc3fde28 in pymain_run_file (cf=0x7ffc90e32278, config=0x1903f60) at Modules/main.c:373
#49 pymain_run_python (exitcode=0x7ffc90e32270) at Modules/main.c:598
#50 Py_RunMain () at Modules/main.c:677
#51 0x00007f6fdc3fe347 in pymain_main (args=0x7ffc90e32360) at Modules/main.c:707
#52 Py_BytesMain (argc=<optimized out>, argv=<optimized out>) at Modules/main.c:731
#53 0x00007f6fdbf0b590 in __libc_start_call_main () from /lib64/libc.so.6
#54 0x00007f6fdbf0b640 in __libc_start_main_impl () from /lib64/libc.so.6
#55 0x0000000000401075 in _start ()
===========================================================


Error when running the combination:
	File /home/submit/lavezzo/SUEP/CMSSW_14_1_0_pre4/src/SUEPLimits/cards/WH_11_20_fixed_noShape/cards-SUEP_mS125.000_mPhi2.000_T4.000_modegeneric/combined.root does not exist

 ----------------- 

/tmp/submit_higgsCombineSUEP_mS125.000_mPhi2.000_T8.000_modegeneric.AsymptoticLimits.mH125.sh: line 20: warning: here-document at line 7 delimited by end-of-file (wanted `EOF')
Traceback (most recent call last):
  File "/home/submit/lavezzo/SUEP/CMSSW_14_1_0_pre4/bin/el9_amd64_gcc12/combineCards.py", line 162, in <module>
    file = open(fname, "r")
FileNotFoundError: [Errno 2] No such file or directory: 'cards-SUEP_mS125.000_mPhi2.000_T8.000_modegeneric/shapes-GJHScrA2018.dat'
 *** Break *** segmentation violation



===========================================================
There was a crash.
This is the entire stack trace of all threads:
===========================================================

Thread 9 (Thread 0x7fa6ac26e640 (LWP 1456074) "python3"):
#0  0x00007fa6cea7d79a in __futex_abstimed_wait_common () from /lib64/libc.so.6
#1  0x00007fa6cea7ffa0 in pthread_cond_wait

GLIBC_2.3.2 () from /lib64/libc.so.6
#2  0x00007fa6b10f904f in th_worker (tidptr=<optimized out>) at numexpr/module.cpp:60
#3  0x00007fa6cea80c02 in start_thread () from /lib64/libc.so.6
#4  0x00007fa6ceb05c40 in clone3 () from /lib64/libc.so.6

Thread 8 (Thread 0x7fa6aca6f640 (LWP 1456062) "python3"):
#0  0x00007fa6cea7d79a in __futex_abstimed_wait_common () from /lib64/libc.so.6
#1  0x00007fa6cea7ffa0 in pthread_cond_wait

GLIBC_2.3.2 () from /lib64/libc.so.6
#2  0x00007fa6b10f904f in th_worker (tidptr=<optimized out>) at numexpr/module.cpp:60
#3  0x00007fa6cea80c02 in start_thread () from /lib64/libc.so.6
#4  0x00007fa6ceb05c40 in clone3 () from /lib64/libc.so.6

Thread 7 (Thread 0x7fa6ad270640 (LWP 1456051) "python3"):
#0  0x00007fa6cea7d79a in __futex_abstimed_wait_common () from /lib64/libc.so.6
#1  0x00007fa6cea7ffa0 in pthread_cond_wait

GLIBC_2.3.2 () from /lib64/libc.so.6
#2  0x00007fa6b10f904f in th_worker (tidptr=<optimized out>) at numexpr/module.cpp:60
#3  0x00007fa6cea80c02 in start_thread () from /lib64/libc.so.6
#4  0x00007fa6ceb05c40 in clone3 () from /lib64/libc.so.6

Thread 6 (Thread 0x7fa6ada71640 (LWP 1456040) "python3"):
#0  0x00007fa6cea7d79a in __futex_abstimed_wait_common () from /lib64/libc.so.6
#1  0x00007fa6cea7ffa0 in pthread_cond_wait

GLIBC_2.3.2 () from /lib64/libc.so.6
#2  0x00007fa6b10f904f in th_worker (tidptr=<optimized out>) at numexpr/module.cpp:60
#3  0x00007fa6cea80c02 in start_thread () from /lib64/libc.so.6
#4  0x00007fa6ceb05c40 in clone3 () from /lib64/libc.so.6

Thread 5 (Thread 0x7fa6ae272640 (LWP 1456030) "python3"):
#0  0x00007fa6cea7d79a in __futex_abstimed_wait_common () from /lib64/libc.so.6
#1  0x00007fa6cea7ffa0 in pthread_cond_wait

GLIBC_2.3.2 () from /lib64/libc.so.6
#2  0x00007fa6b10f904f in th_worker (tidptr=<optimized out>) at numexpr/module.cpp:60
#3  0x00007fa6cea80c02 in start_thread () from /lib64/libc.so.6
#4  0x00007fa6ceb05c40 in clone3 () from /lib64/libc.so.6

Thread 4 (Thread 0x7fa6aea73640 (LWP 1456018) "python3"):
#0  0x00007fa6cea7d79a in __futex_abstimed_wait_common () from /lib64/libc.so.6
#1  0x00007fa6cea7ffa0 in pthread_cond_wait

GLIBC_2.3.2 () from /lib64/libc.so.6
#2  0x00007fa6b10f904f in th_worker (tidptr=<optimized out>) at numexpr/module.cpp:60
#3  0x00007fa6cea80c02 in start_thread () from /lib64/libc.so.6
#4  0x00007fa6ceb05c40 in clone3 () from /lib64/libc.so.6

Thread 3 (Thread 0x7fa6af274640 (LWP 1456007) "python3"):
#0  0x00007fa6cea7d79a in __futex_abstimed_wait_common () from /lib64/libc.so.6
#1  0x00007fa6cea7ffa0 in pthread_cond_wait

GLIBC_2.3.2 () from /lib64/libc.so.6
#2  0x00007fa6b10f904f in th_worker (tidptr=<optimized out>) at numexpr/module.cpp:60
#3  0x00007fa6cea80c02 in start_thread () from /lib64/libc.so.6
#4  0x00007fa6ceb05c40 in clone3 () from /lib64/libc.so.6

Thread 2 (Thread 0x7fa6afa75640 (LWP 1456000) "python3"):
#0  0x00007fa6cea7d79a in __futex_abstimed_wait_common () from /lib64/libc.so.6
#1  0x00007fa6cea7ffa0 in pthread_cond_wait

GLIBC_2.3.2 () from /lib64/libc.so.6
#2  0x00007fa6b10f904f in th_worker (tidptr=<optimized out>) at numexpr/module.cpp:60
#3  0x00007fa6cea80c02 in start_thread () from /lib64/libc.so.6
#4  0x00007fa6ceb05c40 in clone3 () from /lib64/libc.so.6

Thread 1 (Thread 0x7fa6ceff8740 (LWP 1449408) "python3"):
#0  0x00007fa6ceacfa3f in wait4 () from /lib64/libc.so.6
#1  0x00007fa6cea42243 in do_system () from /lib64/libc.so.6
#2  0x00007fa6ce16743d in TUnixSystem::StackTrace() () from /cvmfs/cms.cern.ch/el9_amd64_gcc12/lcg/root/6.30.07-8b1a11e1ef0e074fdfd44e162b27e71c/lib/libCore.so
#3  0x00007fa6ce4695a3 in (anonymous namespace)::TExceptionHandlerImp::HandleException(int) () from /cvmfs/cms.cern.ch/el9_amd64_gcc12/lcg/root/6.30.07-8b1a11e1ef0e074fdfd44e162b27e71c/lib/libcppyy_backend3_9.so
#4  0x00007fa6ce166c71 in TUnixSystem::DispatchSignals(ESignals) () from /cvmfs/cms.cern.ch/el9_amd64_gcc12/lcg/root/6.30.07-8b1a11e1ef0e074fdfd44e162b27e71c/lib/libCore.so
#5  <signal handler called>
#6  0x00007fa6aa30364d in RooStats::ModelConfig::SetHasOnlyParameters(RooArgSet const&, char const*) () from /cvmfs/cms.cern.ch/el9_amd64_gcc12/lcg/root/6.30.07-8b1a11e1ef0e074fdfd44e162b27e71c/lib/libRooFitCore.so
#7  0x00007fa6aa309d30 in RooStats::ModelConfig::SetObservables(RooArgSet const&) () from /cvmfs/cms.cern.ch/el9_amd64_gcc12/lcg/root/6.30.07-8b1a11e1ef0e074fdfd44e162b27e71c/lib/libRooFitCore.so
#8  0x00007fa6a9c6a013 in ?? ()
#9  0x0000000000000001 in ?? ()
#10 0x00007fa6ce46a078 in WrapperCall(long, unsigned long, void*, void*, void*) () from /cvmfs/cms.cern.ch/el9_amd64_gcc12/lcg/root/6.30.07-8b1a11e1ef0e074fdfd44e162b27e71c/lib/libcppyy_backend3_9.so
#11 0x00007fa6ce4ebe97 in CPyCppyy::(anonymous namespace)::VoidExecutor::Execute(long, void*, CPyCppyy::CallContext*) () from /cvmfs/cms.cern.ch/el9_amd64_gcc12/lcg/root/6.30.07-8b1a11e1ef0e074fdfd44e162b27e71c/lib/libcppyy3_9.so
#12 0x00007fa6ce4d7f87 in CPyCppyy::CPPMethod::ExecuteFast(void*, long, CPyCppyy::CallContext*) [clone .isra.0] () from /cvmfs/cms.cern.ch/el9_amd64_gcc12/lcg/root/6.30.07-8b1a11e1ef0e074fdfd44e162b27e71c/lib/libcppyy3_9.so
#13 0x00007fa6ce4d9316 in CPyCppyy::CPPMethod::Execute(void*, long, CPyCppyy::CallContext*) () from /cvmfs/cms.cern.ch/el9_amd64_gcc12/lcg/root/6.30.07-8b1a11e1ef0e074fdfd44e162b27e71c/lib/libcppyy3_9.so
#14 0x00007fa6ce4da0cf in CPyCppyy::CPPMethod::Call(CPyCppyy::CPPInstance*&, _object*, _object*, CPyCppyy::CallContext*) () from /cvmfs/cms.cern.ch/el9_amd64_gcc12/lcg/root/6.30.07-8b1a11e1ef0e074fdfd44e162b27e71c/lib/libcppyy3_9.so
#15 0x00007fa6ce4dee9a in CPyCppyy::(anonymous namespace)::mp_call(CPyCppyy::CPPOverload*, _object*, _object*) () from /cvmfs/cms.cern.ch/el9_amd64_gcc12/lcg/root/6.30.07-8b1a11e1ef0e074fdfd44e162b27e71c/lib/libcppyy3_9.so
#16 0x00007fa6cecb786e in _PyObject_MakeTpCall (tstate=0x4d2180, callable=callable
entry=0x7fa6aa852a00, args=args
entry=0x8f5fc60, nargs=1, keywords=keywords
entry=0x0) at Objects/call.c:191
#17 0x00007fa6cec6e50a in _PyObject_VectorcallTstate (kwnames=0x0, nargsf=9223372036854775809, args=0x8f5fc60, callable=0x7fa6aa852a00, tstate=<optimized out>) at ./Include/cpython/abstract.h:116
#18 _PyObject_VectorcallTstate (kwnames=0x0, nargsf=9223372036854775809, args=0x8f5fc60, callable=0x7fa6aa852a00, tstate=<optimized out>) at ./Include/cpython/abstract.h:103
#19 PyObject_Vectorcall (kwnames=0x0, nargsf=9223372036854775809, args=<optimized out>, callable=0x7fa6aa852a00) at ./Include/cpython/abstract.h:127
#20 call_function (kwnames=0x0, oparg=1, pp_stack=<synthetic pointer>, tstate=0x4d2180) at Python/ceval.c:5077
#21 _PyEval_EvalFrameDefault (tstate=<optimized out>, f=<optimized out>, throwflag=<optimized out>) at Python/ceval.c:3489
#22 0x00007fa6cec659fb in _PyEval_EvalFrame (throwflag=0, f=0x8f5fa80, tstate=0x4d2180) at ./Include/internal/pycore_ceval.h:40
#23 function_code_fastcall (tstate=0x4d2180, co=<optimized out>, args=<optimized out>, nargs=1, globals=<optimized out>) at Objects/call.c:330
#24 0x00007fa6cec6cd0f in _PyObject_VectorcallTstate (kwnames=0x0, nargsf=<optimized out>, args=0x7fa6aa860740, callable=0x7fa6ce552700, tstate=0x4d2180) at ./Include/cpython/abstract.h:118
#25 PyObject_Vectorcall (kwnames=0x0, nargsf=<optimized out>, args=<optimized out>, callable=<optimized out>) at ./Include/cpython/abstract.h:127
#26 call_function (kwnames=0x0, oparg=<optimized out>, pp_stack=<synthetic pointer>, tstate=0x4d2180) at Python/ceval.c:5077
#27 _PyEval_EvalFrameDefault (tstate=<optimized out>, f=<optimized out>, throwflag=<optimized out>) at Python/ceval.c:3506
#28 0x00007fa6ced9ea91 in _PyEval_EvalFrame (throwflag=0, f=0x7fa6aa8605b0, tstate=0x4d2180) at ./Include/internal/pycore_ceval.h:40
#29 _PyEval_EvalCode (tstate=tstate
entry=0x4d2180, _co=<optimized out>, globals=<optimized out>, locals=locals
entry=0x0, args=<optimized out>, argcount=1, kwnames=0x7fa6ce8832f8, kwargs=0x5261b0, kwcount=1, kwstep=1, defs=0x7fa6c7bca808, defcount=1, kwdefs=0x0, closure=0x0, name=0x7fa6ce6e57b0, qualname=0x7fa6b8db16c0) at Python/ceval.c:4329
#30 0x00007fa6cecb769d in _PyFunction_Vectorcall (func=<optimized out>, stack=<optimized out>, nargsf=<optimized out>, kwnames=<optimized out>) at Objects/call.c:396
#31 0x00007fa6cecba198 in _PyObject_VectorcallTstate (kwnames=0x7fa6ce8832e0, nargsf=1, args=0x5261a8, callable=0x7fa6b8db3f70, tstate=0x4d2180) at ./Include/cpython/abstract.h:118
#32 method_vectorcall (method=<optimized out>, args=0x5261b0, nargsf=<optimized out>, kwnames=0x7fa6ce8832e0) at Objects/classobject.c:53
#33 0x00007fa6cec6bde6 in _PyObject_VectorcallTstate (kwnames=0x7fa6ce8832e0, nargsf=9223372036854775808, args=0x5261b0, callable=0x7fa6aa872440, tstate=0x4d2180) at ./Include/cpython/abstract.h:118
#34 PyObject_Vectorcall (kwnames=0x7fa6ce8832e0, nargsf=9223372036854775808, args=0x5261b0, callable=<optimized out>) at ./Include/cpython/abstract.h:127
#35 call_function (kwnames=0x7fa6ce8832e0, oparg=<optimized out>, pp_stack=<synthetic pointer>, tstate=0x4d2180) at Python/ceval.c:5077
#36 _PyEval_EvalFrameDefault (tstate=<optimized out>, f=<optimized out>, throwflag=<optimized out>) at Python/ceval.c:3537
#37 0x00007fa6ced9ea91 in _PyEval_EvalFrame (throwflag=0, f=0x526040, tstate=0x4d2180) at ./Include/internal/pycore_ceval.h:40
#38 _PyEval_EvalCode (tstate=0x4d2180, _co=_co
entry=0x7fa6ce8f83a0, globals=globals
entry=0x7fa6ce91a3c0, locals=locals
entry=0x7fa6ce91a3c0, args=args
entry=0x0, argcount=argcount
entry=0, kwnames=0x0, kwargs=0x0, kwcount=0, kwstep=2, defs=0x0, defcount=0, kwdefs=0x0, closure=0x0, name=0x0, qualname=0x0) at Python/ceval.c:4329
#39 0x00007fa6ced9ee32 in _PyEval_EvalCodeWithName (_co=_co
entry=0x7fa6ce8f83a0, globals=globals
entry=0x7fa6ce91a3c0, locals=locals
entry=0x7fa6ce91a3c0, args=args
entry=0x0, argcount=argcount
entry=0, kwnames=kwnames
entry=0x0, kwargs=0x0, kwcount=0, kwstep=2, defs=0x0, defcount=0, kwdefs=0x0, closure=0x0, name=0x0, qualname=0x0) at Python/ceval.c:4361
#40 0x00007fa6ced9ee7b in PyEval_EvalCodeEx (_co=_co
entry=0x7fa6ce8f83a0, globals=globals
entry=0x7fa6ce91a3c0, locals=locals
entry=0x7fa6ce91a3c0, args=args
entry=0x0, argcount=argcount
entry=0, kws=kws
entry=0x0, kwcount=0, defs=0x0, defcount=0, kwdefs=0x0, closure=0x0) at Python/ceval.c:4377
#41 0x00007fa6ced9eeab in PyEval_EvalCode (co=co
entry=0x7fa6ce8f83a0, globals=globals
entry=0x7fa6ce91a3c0, locals=locals
entry=0x7fa6ce91a3c0) at Python/ceval.c:828
#42 0x00007fa6cedde3a9 in run_eval_code_obj (locals=0x7fa6ce91a3c0, globals=0x7fa6ce91a3c0, co=0x7fa6ce8f83a0, tstate=0x4d2180) at Python/pythonrun.c:1221
#43 run_mod (mod=<optimized out>, filename=filename
entry=0x7fa6ce885390, globals=globals
entry=0x7fa6ce91a3c0, locals=locals
entry=0x7fa6ce91a3c0, flags=flags
entry=0x7ffe768722f8, arena=arena
entry=0x7fa6ce735fd0) at Python/pythonrun.c:1242
#44 0x00007fa6ceddfdf2 in pyrun_file (flags=0x7ffe768722f8, closeit=1, locals=0x7fa6ce91a3c0, globals=0x7fa6ce91a3c0, start=257, filename=0x7fa6ce885390, fp=0x5250f0) at Python/pythonrun.c:1140
#45 pyrun_simple_file (flags=0x7ffe768722f8, closeit=1, filename=0x7fa6ce885390, fp=0x5250f0) at Python/pythonrun.c:450
#46 PyRun_SimpleFileExFlags (fp=fp
entry=0x5250f0, filename=<optimized out>, closeit=closeit
entry=1, flags=flags
entry=0x7ffe768722f8) at Python/pythonrun.c:483
#47 0x00007fa6cede0453 in PyRun_AnyFileExFlags (fp=fp
entry=0x5250f0, filename=<optimized out>, closeit=closeit
entry=1, flags=flags
entry=0x7ffe768722f8) at Python/pythonrun.c:92
#48 0x00007fa6cedfde28 in pymain_run_file (cf=0x7ffe768722f8, config=0x4cff60) at Modules/main.c:373
#49 pymain_run_python (exitcode=0x7ffe768722f0) at Modules/main.c:598
#50 Py_RunMain () at Modules/main.c:677
#51 0x00007fa6cedfe347 in pymain_main (args=0x7ffe768723e0) at Modules/main.c:707
#52 Py_BytesMain (argc=<optimized out>, argv=<optimized out>) at Modules/main.c:731
#53 0x00007fa6cea20590 in __libc_start_call_main () from /lib64/libc.so.6
#54 0x00007fa6cea20640 in __libc_start_main_impl () from /lib64/libc.so.6
#55 0x0000000000401075 in _start ()
===========================================================


The lines below might hint at the cause of the crash. If you see question
marks as part of the stack trace, try to recompile with debugging information
enabled and export CLING_DEBUG=1 environment variable before running.
You may get help by asking at the ROOT forum https://root.cern/forum
preferably using the command (.forum bug) in the ROOT prompt.
Only if you are really convinced it is a bug in ROOT then please submit a
report at https://root.cern/bugs or (preferably) using the command (.gh bug) in
the ROOT prompt. Please post the ENTIRE stack trace
from above as an attachment in addition to anything else
that might help us fixing this issue.
===========================================================
#6  0x00007fa6aa30364d in RooStats::ModelConfig::SetHasOnlyParameters(RooArgSet const&, char const*) () from /cvmfs/cms.cern.ch/el9_amd64_gcc12/lcg/root/6.30.07-8b1a11e1ef0e074fdfd44e162b27e71c/lib/libRooFitCore.so
#7  0x00007fa6aa309d30 in RooStats::ModelConfig::SetObservables(RooArgSet const&) () from /cvmfs/cms.cern.ch/el9_amd64_gcc12/lcg/root/6.30.07-8b1a11e1ef0e074fdfd44e162b27e71c/lib/libRooFitCore.so
#8  0x00007fa6a9c6a013 in ?? ()
#9  0x0000000000000001 in ?? ()
#10 0x00007fa6ce46a078 in WrapperCall(long, unsigned long, void*, void*, void*) () from /cvmfs/cms.cern.ch/el9_amd64_gcc12/lcg/root/6.30.07-8b1a11e1ef0e074fdfd44e162b27e71c/lib/libcppyy_backend3_9.so
#11 0x00007fa6ce4ebe97 in CPyCppyy::(anonymous namespace)::VoidExecutor::Execute(long, void*, CPyCppyy::CallContext*) () from /cvmfs/cms.cern.ch/el9_amd64_gcc12/lcg/root/6.30.07-8b1a11e1ef0e074fdfd44e162b27e71c/lib/libcppyy3_9.so
#12 0x00007fa6ce4d7f87 in CPyCppyy::CPPMethod::ExecuteFast(void*, long, CPyCppyy::CallContext*) [clone .isra.0] () from /cvmfs/cms.cern.ch/el9_amd64_gcc12/lcg/root/6.30.07-8b1a11e1ef0e074fdfd44e162b27e71c/lib/libcppyy3_9.so
#13 0x00007fa6ce4d9316 in CPyCppyy::CPPMethod::Execute(void*, long, CPyCppyy::CallContext*) () from /cvmfs/cms.cern.ch/el9_amd64_gcc12/lcg/root/6.30.07-8b1a11e1ef0e074fdfd44e162b27e71c/lib/libcppyy3_9.so
#14 0x00007fa6ce4da0cf in CPyCppyy::CPPMethod::Call(CPyCppyy::CPPInstance*&, _object*, _object*, CPyCppyy::CallContext*) () from /cvmfs/cms.cern.ch/el9_amd64_gcc12/lcg/root/6.30.07-8b1a11e1ef0e074fdfd44e162b27e71c/lib/libcppyy3_9.so
#15 0x00007fa6ce4dee9a in CPyCppyy::(anonymous namespace)::mp_call(CPyCppyy::CPPOverload*, _object*, _object*) () from /cvmfs/cms.cern.ch/el9_amd64_gcc12/lcg/root/6.30.07-8b1a11e1ef0e074fdfd44e162b27e71c/lib/libcppyy3_9.so
#16 0x00007fa6cecb786e in _PyObject_MakeTpCall (tstate=0x4d2180, callable=callable
entry=0x7fa6aa852a00, args=args
entry=0x8f5fc60, nargs=1, keywords=keywords
entry=0x0) at Objects/call.c:191
#17 0x00007fa6cec6e50a in _PyObject_VectorcallTstate (kwnames=0x0, nargsf=9223372036854775809, args=0x8f5fc60, callable=0x7fa6aa852a00, tstate=<optimized out>) at ./Include/cpython/abstract.h:116
#18 _PyObject_VectorcallTstate (kwnames=0x0, nargsf=9223372036854775809, args=0x8f5fc60, callable=0x7fa6aa852a00, tstate=<optimized out>) at ./Include/cpython/abstract.h:103
#19 PyObject_Vectorcall (kwnames=0x0, nargsf=9223372036854775809, args=<optimized out>, callable=0x7fa6aa852a00) at ./Include/cpython/abstract.h:127
#20 call_function (kwnames=0x0, oparg=1, pp_stack=<synthetic pointer>, tstate=0x4d2180) at Python/ceval.c:5077
#21 _PyEval_EvalFrameDefault (tstate=<optimized out>, f=<optimized out>, throwflag=<optimized out>) at Python/ceval.c:3489
#22 0x00007fa6cec659fb in _PyEval_EvalFrame (throwflag=0, f=0x8f5fa80, tstate=0x4d2180) at ./Include/internal/pycore_ceval.h:40
#23 function_code_fastcall (tstate=0x4d2180, co=<optimized out>, args=<optimized out>, nargs=1, globals=<optimized out>) at Objects/call.c:330
#24 0x00007fa6cec6cd0f in _PyObject_VectorcallTstate (kwnames=0x0, nargsf=<optimized out>, args=0x7fa6aa860740, callable=0x7fa6ce552700, tstate=0x4d2180) at ./Include/cpython/abstract.h:118
#25 PyObject_Vectorcall (kwnames=0x0, nargsf=<optimized out>, args=<optimized out>, callable=<optimized out>) at ./Include/cpython/abstract.h:127
#26 call_function (kwnames=0x0, oparg=<optimized out>, pp_stack=<synthetic pointer>, tstate=0x4d2180) at Python/ceval.c:5077
#27 _PyEval_EvalFrameDefault (tstate=<optimized out>, f=<optimized out>, throwflag=<optimized out>) at Python/ceval.c:3506
#28 0x00007fa6ced9ea91 in _PyEval_EvalFrame (throwflag=0, f=0x7fa6aa8605b0, tstate=0x4d2180) at ./Include/internal/pycore_ceval.h:40
#29 _PyEval_EvalCode (tstate=tstate
entry=0x4d2180, _co=<optimized out>, globals=<optimized out>, locals=locals
entry=0x0, args=<optimized out>, argcount=1, kwnames=0x7fa6ce8832f8, kwargs=0x5261b0, kwcount=1, kwstep=1, defs=0x7fa6c7bca808, defcount=1, kwdefs=0x0, closure=0x0, name=0x7fa6ce6e57b0, qualname=0x7fa6b8db16c0) at Python/ceval.c:4329
#30 0x00007fa6cecb769d in _PyFunction_Vectorcall (func=<optimized out>, stack=<optimized out>, nargsf=<optimized out>, kwnames=<optimized out>) at Objects/call.c:396
#31 0x00007fa6cecba198 in _PyObject_VectorcallTstate (kwnames=0x7fa6ce8832e0, nargsf=1, args=0x5261a8, callable=0x7fa6b8db3f70, tstate=0x4d2180) at ./Include/cpython/abstract.h:118
#32 method_vectorcall (method=<optimized out>, args=0x5261b0, nargsf=<optimized out>, kwnames=0x7fa6ce8832e0) at Objects/classobject.c:53
#33 0x00007fa6cec6bde6 in _PyObject_VectorcallTstate (kwnames=0x7fa6ce8832e0, nargsf=9223372036854775808, args=0x5261b0, callable=0x7fa6aa872440, tstate=0x4d2180) at ./Include/cpython/abstract.h:118
#34 PyObject_Vectorcall (kwnames=0x7fa6ce8832e0, nargsf=9223372036854775808, args=0x5261b0, callable=<optimized out>) at ./Include/cpython/abstract.h:127
#35 call_function (kwnames=0x7fa6ce8832e0, oparg=<optimized out>, pp_stack=<synthetic pointer>, tstate=0x4d2180) at Python/ceval.c:5077
#36 _PyEval_EvalFrameDefault (tstate=<optimized out>, f=<optimized out>, throwflag=<optimized out>) at Python/ceval.c:3537
#37 0x00007fa6ced9ea91 in _PyEval_EvalFrame (throwflag=0, f=0x526040, tstate=0x4d2180) at ./Include/internal/pycore_ceval.h:40
#38 _PyEval_EvalCode (tstate=0x4d2180, _co=_co
entry=0x7fa6ce8f83a0, globals=globals
entry=0x7fa6ce91a3c0, locals=locals
entry=0x7fa6ce91a3c0, args=args
entry=0x0, argcount=argcount
entry=0, kwnames=0x0, kwargs=0x0, kwcount=0, kwstep=2, defs=0x0, defcount=0, kwdefs=0x0, closure=0x0, name=0x0, qualname=0x0) at Python/ceval.c:4329
#39 0x00007fa6ced9ee32 in _PyEval_EvalCodeWithName (_co=_co
entry=0x7fa6ce8f83a0, globals=globals
entry=0x7fa6ce91a3c0, locals=locals
entry=0x7fa6ce91a3c0, args=args
entry=0x0, argcount=argcount
entry=0, kwnames=kwnames
entry=0x0, kwargs=0x0, kwcount=0, kwstep=2, defs=0x0, defcount=0, kwdefs=0x0, closure=0x0, name=0x0, qualname=0x0) at Python/ceval.c:4361
#40 0x00007fa6ced9ee7b in PyEval_EvalCodeEx (_co=_co
entry=0x7fa6ce8f83a0, globals=globals
entry=0x7fa6ce91a3c0, locals=locals
entry=0x7fa6ce91a3c0, args=args
entry=0x0, argcount=argcount
entry=0, kws=kws
entry=0x0, kwcount=0, defs=0x0, defcount=0, kwdefs=0x0, closure=0x0) at Python/ceval.c:4377
#41 0x00007fa6ced9eeab in PyEval_EvalCode (co=co
entry=0x7fa6ce8f83a0, globals=globals
entry=0x7fa6ce91a3c0, locals=locals
entry=0x7fa6ce91a3c0) at Python/ceval.c:828
#42 0x00007fa6cedde3a9 in run_eval_code_obj (locals=0x7fa6ce91a3c0, globals=0x7fa6ce91a3c0, co=0x7fa6ce8f83a0, tstate=0x4d2180) at Python/pythonrun.c:1221
#43 run_mod (mod=<optimized out>, filename=filename
entry=0x7fa6ce885390, globals=globals
entry=0x7fa6ce91a3c0, locals=locals
entry=0x7fa6ce91a3c0, flags=flags
entry=0x7ffe768722f8, arena=arena
entry=0x7fa6ce735fd0) at Python/pythonrun.c:1242
#44 0x00007fa6ceddfdf2 in pyrun_file (flags=0x7ffe768722f8, closeit=1, locals=0x7fa6ce91a3c0, globals=0x7fa6ce91a3c0, start=257, filename=0x7fa6ce885390, fp=0x5250f0) at Python/pythonrun.c:1140
#45 pyrun_simple_file (flags=0x7ffe768722f8, closeit=1, filename=0x7fa6ce885390, fp=0x5250f0) at Python/pythonrun.c:450
#46 PyRun_SimpleFileExFlags (fp=fp
entry=0x5250f0, filename=<optimized out>, closeit=closeit
entry=1, flags=flags
entry=0x7ffe768722f8) at Python/pythonrun.c:483
#47 0x00007fa6cede0453 in PyRun_AnyFileExFlags (fp=fp
entry=0x5250f0, filename=<optimized out>, closeit=closeit
entry=1, flags=flags
entry=0x7ffe768722f8) at Python/pythonrun.c:92
#48 0x00007fa6cedfde28 in pymain_run_file (cf=0x7ffe768722f8, config=0x4cff60) at Modules/main.c:373
#49 pymain_run_python (exitcode=0x7ffe768722f0) at Modules/main.c:598
#50 Py_RunMain () at Modules/main.c:677
#51 0x00007fa6cedfe347 in pymain_main (args=0x7ffe768723e0) at Modules/main.c:707
#52 Py_BytesMain (argc=<optimized out>, argv=<optimized out>) at Modules/main.c:731
#53 0x00007fa6cea20590 in __libc_start_call_main () from /lib64/libc.so.6
#54 0x00007fa6cea20640 in __libc_start_main_impl () from /lib64/libc.so.6
#55 0x0000000000401075 in _start ()
===========================================================


 *** Break *** segmentation violation



===========================================================
There was a crash.
This is the entire stack trace of all threads:
===========================================================

Thread 9 (Thread 0x7fa6ac26e640 (LWP 1456074) "python3"):
#0  0x00007fa6cea7d79a in __futex_abstimed_wait_common () from /lib64/libc.so.6
#1  0x00007fa6cea7ffa0 in pthread_cond_wait

GLIBC_2.3.2 () from /lib64/libc.so.6
#2  0x00007fa6b10f904f in th_worker (tidptr=<optimized out>) at numexpr/module.cpp:60
#3  0x00007fa6cea80c02 in start_thread () from /lib64/libc.so.6
#4  0x00007fa6ceb05c40 in clone3 () from /lib64/libc.so.6

Thread 8 (Thread 0x7fa6aca6f640 (LWP 1456062) "python3"):
#0  0x00007fa6cea7d79a in __futex_abstimed_wait_common () from /lib64/libc.so.6
#1  0x00007fa6cea7ffa0 in pthread_cond_wait

GLIBC_2.3.2 () from /lib64/libc.so.6
#2  0x00007fa6b10f904f in th_worker (tidptr=<optimized out>) at numexpr/module.cpp:60
#3  0x00007fa6cea80c02 in start_thread () from /lib64/libc.so.6
#4  0x00007fa6ceb05c40 in clone3 () from /lib64/libc.so.6

Thread 7 (Thread 0x7fa6ad270640 (LWP 1456051) "python3"):
#0  0x00007fa6cea7d79a in __futex_abstimed_wait_common () from /lib64/libc.so.6
#1  0x00007fa6cea7ffa0 in pthread_cond_wait

GLIBC_2.3.2 () from /lib64/libc.so.6
#2  0x00007fa6b10f904f in th_worker (tidptr=<optimized out>) at numexpr/module.cpp:60
#3  0x00007fa6cea80c02 in start_thread () from /lib64/libc.so.6
#4  0x00007fa6ceb05c40 in clone3 () from /lib64/libc.so.6

Thread 6 (Thread 0x7fa6ada71640 (LWP 1456040) "python3"):
#0  0x00007fa6cea7d79a in __futex_abstimed_wait_common () from /lib64/libc.so.6
#1  0x00007fa6cea7ffa0 in pthread_cond_wait

GLIBC_2.3.2 () from /lib64/libc.so.6
#2  0x00007fa6b10f904f in th_worker (tidptr=<optimized out>) at numexpr/module.cpp:60
#3  0x00007fa6cea80c02 in start_thread () from /lib64/libc.so.6
#4  0x00007fa6ceb05c40 in clone3 () from /lib64/libc.so.6

Thread 5 (Thread 0x7fa6ae272640 (LWP 1456030) "python3"):
#0  0x00007fa6cea7d79a in __futex_abstimed_wait_common () from /lib64/libc.so.6
#1  0x00007fa6cea7ffa0 in pthread_cond_wait

GLIBC_2.3.2 () from /lib64/libc.so.6
#2  0x00007fa6b10f904f in th_worker (tidptr=<optimized out>) at numexpr/module.cpp:60
#3  0x00007fa6cea80c02 in start_thread () from /lib64/libc.so.6
#4  0x00007fa6ceb05c40 in clone3 () from /lib64/libc.so.6

Thread 4 (Thread 0x7fa6aea73640 (LWP 1456018) "python3"):
#0  0x00007fa6cea7d79a in __futex_abstimed_wait_common () from /lib64/libc.so.6
#1  0x00007fa6cea7ffa0 in pthread_cond_wait

GLIBC_2.3.2 () from /lib64/libc.so.6
#2  0x00007fa6b10f904f in th_worker (tidptr=<optimized out>) at numexpr/module.cpp:60
#3  0x00007fa6cea80c02 in start_thread () from /lib64/libc.so.6
#4  0x00007fa6ceb05c40 in clone3 () from /lib64/libc.so.6

Thread 3 (Thread 0x7fa6af274640 (LWP 1456007) "python3"):
#0  0x00007fa6cea7d79a in __futex_abstimed_wait_common () from /lib64/libc.so.6
#1  0x00007fa6cea7ffa0 in pthread_cond_wait

GLIBC_2.3.2 () from /lib64/libc.so.6
#2  0x00007fa6b10f904f in th_worker (tidptr=<optimized out>) at numexpr/module.cpp:60
#3  0x00007fa6cea80c02 in start_thread () from /lib64/libc.so.6
#4  0x00007fa6ceb05c40 in clone3 () from /lib64/libc.so.6

Thread 2 (Thread 0x7fa6afa75640 (LWP 1456000) "python3"):
#0  0x00007fa6cea7d79a in __futex_abstimed_wait_common () from /lib64/libc.so.6
#1  0x00007fa6cea7ffa0 in pthread_cond_wait

GLIBC_2.3.2 () from /lib64/libc.so.6
#2  0x00007fa6b10f904f in th_worker (tidptr=<optimized out>) at numexpr/module.cpp:60
#3  0x00007fa6cea80c02 in start_thread () from /lib64/libc.so.6
#4  0x00007fa6ceb05c40 in clone3 () from /lib64/libc.so.6

Thread 1 (Thread 0x7fa6ceff8740 (LWP 1449408) "python3"):
#0  0x00007fa6ceacfa3f in wait4 () from /lib64/libc.so.6
#1  0x00007fa6cea42243 in do_system () from /lib64/libc.so.6
#2  0x00007fa6ce16743d in TUnixSystem::StackTrace() () from /cvmfs/cms.cern.ch/el9_amd64_gcc12/lcg/root/6.30.07-8b1a11e1ef0e074fdfd44e162b27e71c/lib/libCore.so
#3  0x00007fa6ce469423 in (anonymous namespace)::TExceptionHandlerImp::HandleException(int) () from /cvmfs/cms.cern.ch/el9_amd64_gcc12/lcg/root/6.30.07-8b1a11e1ef0e074fdfd44e162b27e71c/lib/libcppyy_backend3_9.so
#4  0x00007fa6ce166c71 in TUnixSystem::DispatchSignals(ESignals) () from /cvmfs/cms.cern.ch/el9_amd64_gcc12/lcg/root/6.30.07-8b1a11e1ef0e074fdfd44e162b27e71c/lib/libCore.so
#5  <signal handler called>
#6  0x00007fa6aa30364d in RooStats::ModelConfig::SetHasOnlyParameters(RooArgSet const&, char const*) () from /cvmfs/cms.cern.ch/el9_amd64_gcc12/lcg/root/6.30.07-8b1a11e1ef0e074fdfd44e162b27e71c/lib/libRooFitCore.so
#7  0x00007fa6aa309d30 in RooStats::ModelConfig::SetObservables(RooArgSet const&) () from /cvmfs/cms.cern.ch/el9_amd64_gcc12/lcg/root/6.30.07-8b1a11e1ef0e074fdfd44e162b27e71c/lib/libRooFitCore.so
#8  0x00007fa6a9c6a013 in ?? ()
#9  0x0000000000000001 in ?? ()
#10 0x00007fa6ce46a078 in WrapperCall(long, unsigned long, void*, void*, void*) () from /cvmfs/cms.cern.ch/el9_amd64_gcc12/lcg/root/6.30.07-8b1a11e1ef0e074fdfd44e162b27e71c/lib/libcppyy_backend3_9.so
#11 0x00007fa6ce4ebe97 in CPyCppyy::(anonymous namespace)::VoidExecutor::Execute(long, void*, CPyCppyy::CallContext*) () from /cvmfs/cms.cern.ch/el9_amd64_gcc12/lcg/root/6.30.07-8b1a11e1ef0e074fdfd44e162b27e71c/lib/libcppyy3_9.so
#12 0x00007fa6ce4d7f87 in CPyCppyy::CPPMethod::ExecuteFast(void*, long, CPyCppyy::CallContext*) [clone .isra.0] () from /cvmfs/cms.cern.ch/el9_amd64_gcc12/lcg/root/6.30.07-8b1a11e1ef0e074fdfd44e162b27e71c/lib/libcppyy3_9.so
#13 0x00007fa6ce4d9316 in CPyCppyy::CPPMethod::Execute(void*, long, CPyCppyy::CallContext*) () from /cvmfs/cms.cern.ch/el9_amd64_gcc12/lcg/root/6.30.07-8b1a11e1ef0e074fdfd44e162b27e71c/lib/libcppyy3_9.so
#14 0x00007fa6ce4da0cf in CPyCppyy::CPPMethod::Call(CPyCppyy::CPPInstance*&, _object*, _object*, CPyCppyy::CallContext*) () from /cvmfs/cms.cern.ch/el9_amd64_gcc12/lcg/root/6.30.07-8b1a11e1ef0e074fdfd44e162b27e71c/lib/libcppyy3_9.so
#15 0x00007fa6ce4dee9a in CPyCppyy::(anonymous namespace)::mp_call(CPyCppyy::CPPOverload*, _object*, _object*) () from /cvmfs/cms.cern.ch/el9_amd64_gcc12/lcg/root/6.30.07-8b1a11e1ef0e074fdfd44e162b27e71c/lib/libcppyy3_9.so
#16 0x00007fa6cecb786e in _PyObject_MakeTpCall (tstate=0x4d2180, callable=callable
entry=0x7fa6aa852a00, args=args
entry=0x8f5fc60, nargs=1, keywords=keywords
entry=0x0) at Objects/call.c:191
#17 0x00007fa6cec6e50a in _PyObject_VectorcallTstate (kwnames=0x0, nargsf=9223372036854775809, args=0x8f5fc60, callable=0x7fa6aa852a00, tstate=<optimized out>) at ./Include/cpython/abstract.h:116
#18 _PyObject_VectorcallTstate (kwnames=0x0, nargsf=9223372036854775809, args=0x8f5fc60, callable=0x7fa6aa852a00, tstate=<optimized out>) at ./Include/cpython/abstract.h:103
#19 PyObject_Vectorcall (kwnames=0x0, nargsf=9223372036854775809, args=<optimized out>, callable=0x7fa6aa852a00) at ./Include/cpython/abstract.h:127
#20 call_function (kwnames=0x0, oparg=1, pp_stack=<synthetic pointer>, tstate=0x4d2180) at Python/ceval.c:5077
#21 _PyEval_EvalFrameDefault (tstate=<optimized out>, f=<optimized out>, throwflag=<optimized out>) at Python/ceval.c:3489
#22 0x00007fa6cec659fb in _PyEval_EvalFrame (throwflag=0, f=0x8f5fa80, tstate=0x4d2180) at ./Include/internal/pycore_ceval.h:40
#23 function_code_fastcall (tstate=0x4d2180, co=<optimized out>, args=<optimized out>, nargs=1, globals=<optimized out>) at Objects/call.c:330
#24 0x00007fa6cec6cd0f in _PyObject_VectorcallTstate (kwnames=0x0, nargsf=<optimized out>, args=0x7fa6aa860740, callable=0x7fa6ce552700, tstate=0x4d2180) at ./Include/cpython/abstract.h:118
#25 PyObject_Vectorcall (kwnames=0x0, nargsf=<optimized out>, args=<optimized out>, callable=<optimized out>) at ./Include/cpython/abstract.h:127
#26 call_function (kwnames=0x0, oparg=<optimized out>, pp_stack=<synthetic pointer>, tstate=0x4d2180) at Python/ceval.c:5077
#27 _PyEval_EvalFrameDefault (tstate=<optimized out>, f=<optimized out>, throwflag=<optimized out>) at Python/ceval.c:3506
#28 0x00007fa6ced9ea91 in _PyEval_EvalFrame (throwflag=0, f=0x7fa6aa8605b0, tstate=0x4d2180) at ./Include/internal/pycore_ceval.h:40
#29 _PyEval_EvalCode (tstate=tstate
entry=0x4d2180, _co=<optimized out>, globals=<optimized out>, locals=locals
entry=0x0, args=<optimized out>, argcount=1, kwnames=0x7fa6ce8832f8, kwargs=0x5261b0, kwcount=1, kwstep=1, defs=0x7fa6c7bca808, defcount=1, kwdefs=0x0, closure=0x0, name=0x7fa6ce6e57b0, qualname=0x7fa6b8db16c0) at Python/ceval.c:4329
#30 0x00007fa6cecb769d in _PyFunction_Vectorcall (func=<optimized out>, stack=<optimized out>, nargsf=<optimized out>, kwnames=<optimized out>) at Objects/call.c:396
#31 0x00007fa6cecba198 in _PyObject_VectorcallTstate (kwnames=0x7fa6ce8832e0, nargsf=1, args=0x5261a8, callable=0x7fa6b8db3f70, tstate=0x4d2180) at ./Include/cpython/abstract.h:118
#32 method_vectorcall (method=<optimized out>, args=0x5261b0, nargsf=<optimized out>, kwnames=0x7fa6ce8832e0) at Objects/classobject.c:53
#33 0x00007fa6cec6bde6 in _PyObject_VectorcallTstate (kwnames=0x7fa6ce8832e0, nargsf=9223372036854775808, args=0x5261b0, callable=0x7fa6aa872440, tstate=0x4d2180) at ./Include/cpython/abstract.h:118
#34 PyObject_Vectorcall (kwnames=0x7fa6ce8832e0, nargsf=9223372036854775808, args=0x5261b0, callable=<optimized out>) at ./Include/cpython/abstract.h:127
#35 call_function (kwnames=0x7fa6ce8832e0, oparg=<optimized out>, pp_stack=<synthetic pointer>, tstate=0x4d2180) at Python/ceval.c:5077
#36 _PyEval_EvalFrameDefault (tstate=<optimized out>, f=<optimized out>, throwflag=<optimized out>) at Python/ceval.c:3537
#37 0x00007fa6ced9ea91 in _PyEval_EvalFrame (throwflag=0, f=0x526040, tstate=0x4d2180) at ./Include/internal/pycore_ceval.h:40
#38 _PyEval_EvalCode (tstate=0x4d2180, _co=_co
entry=0x7fa6ce8f83a0, globals=globals
entry=0x7fa6ce91a3c0, locals=locals
entry=0x7fa6ce91a3c0, args=args
entry=0x0, argcount=argcount
entry=0, kwnames=0x0, kwargs=0x0, kwcount=0, kwstep=2, defs=0x0, defcount=0, kwdefs=0x0, closure=0x0, name=0x0, qualname=0x0) at Python/ceval.c:4329
#39 0x00007fa6ced9ee32 in _PyEval_EvalCodeWithName (_co=_co
entry=0x7fa6ce8f83a0, globals=globals
entry=0x7fa6ce91a3c0, locals=locals
entry=0x7fa6ce91a3c0, args=args
entry=0x0, argcount=argcount
entry=0, kwnames=kwnames
entry=0x0, kwargs=0x0, kwcount=0, kwstep=2, defs=0x0, defcount=0, kwdefs=0x0, closure=0x0, name=0x0, qualname=0x0) at Python/ceval.c:4361
#40 0x00007fa6ced9ee7b in PyEval_EvalCodeEx (_co=_co
entry=0x7fa6ce8f83a0, globals=globals
entry=0x7fa6ce91a3c0, locals=locals
entry=0x7fa6ce91a3c0, args=args
entry=0x0, argcount=argcount
entry=0, kws=kws
entry=0x0, kwcount=0, defs=0x0, defcount=0, kwdefs=0x0, closure=0x0) at Python/ceval.c:4377
#41 0x00007fa6ced9eeab in PyEval_EvalCode (co=co
entry=0x7fa6ce8f83a0, globals=globals
entry=0x7fa6ce91a3c0, locals=locals
entry=0x7fa6ce91a3c0) at Python/ceval.c:828
#42 0x00007fa6cedde3a9 in run_eval_code_obj (locals=0x7fa6ce91a3c0, globals=0x7fa6ce91a3c0, co=0x7fa6ce8f83a0, tstate=0x4d2180) at Python/pythonrun.c:1221
#43 run_mod (mod=<optimized out>, filename=filename
entry=0x7fa6ce885390, globals=globals
entry=0x7fa6ce91a3c0, locals=locals
entry=0x7fa6ce91a3c0, flags=flags
entry=0x7ffe768722f8, arena=arena
entry=0x7fa6ce735fd0) at Python/pythonrun.c:1242
#44 0x00007fa6ceddfdf2 in pyrun_file (flags=0x7ffe768722f8, closeit=1, locals=0x7fa6ce91a3c0, globals=0x7fa6ce91a3c0, start=257, filename=0x7fa6ce885390, fp=0x5250f0) at Python/pythonrun.c:1140
#45 pyrun_simple_file (flags=0x7ffe768722f8, closeit=1, filename=0x7fa6ce885390, fp=0x5250f0) at Python/pythonrun.c:450
#46 PyRun_SimpleFileExFlags (fp=fp
entry=0x5250f0, filename=<optimized out>, closeit=closeit
entry=1, flags=flags
entry=0x7ffe768722f8) at Python/pythonrun.c:483
#47 0x00007fa6cede0453 in PyRun_AnyFileExFlags (fp=fp
entry=0x5250f0, filename=<optimized out>, closeit=closeit
entry=1, flags=flags
entry=0x7ffe768722f8) at Python/pythonrun.c:92
#48 0x00007fa6cedfde28 in pymain_run_file (cf=0x7ffe768722f8, config=0x4cff60) at Modules/main.c:373
#49 pymain_run_python (exitcode=0x7ffe768722f0) at Modules/main.c:598
#50 Py_RunMain () at Modules/main.c:677
#51 0x00007fa6cedfe347 in pymain_main (args=0x7ffe768723e0) at Modules/main.c:707
#52 Py_BytesMain (argc=<optimized out>, argv=<optimized out>) at Modules/main.c:731
#53 0x00007fa6cea20590 in __libc_start_call_main () from /lib64/libc.so.6
#54 0x00007fa6cea20640 in __libc_start_main_impl () from /lib64/libc.so.6
#55 0x0000000000401075 in _start ()
===========================================================


The lines below might hint at the cause of the crash. If you see question
marks as part of the stack trace, try to recompile with debugging information
enabled and export CLING_DEBUG=1 environment variable before running.
You may get help by asking at the ROOT forum https://root.cern/forum
preferably using the command (.forum bug) in the ROOT prompt.
Only if you are really convinced it is a bug in ROOT then please submit a
report at https://root.cern/bugs or (preferably) using the command (.gh bug) in
the ROOT prompt. Please post the ENTIRE stack trace
from above as an attachment in addition to anything else
that might help us fixing this issue.
===========================================================
#6  0x00007fa6aa30364d in RooStats::ModelConfig::SetHasOnlyParameters(RooArgSet const&, char const*) () from /cvmfs/cms.cern.ch/el9_amd64_gcc12/lcg/root/6.30.07-8b1a11e1ef0e074fdfd44e162b27e71c/lib/libRooFitCore.so
#7  0x00007fa6aa309d30 in RooStats::ModelConfig::SetObservables(RooArgSet const&) () from /cvmfs/cms.cern.ch/el9_amd64_gcc12/lcg/root/6.30.07-8b1a11e1ef0e074fdfd44e162b27e71c/lib/libRooFitCore.so
#8  0x00007fa6a9c6a013 in ?? ()
#9  0x0000000000000001 in ?? ()
#10 0x00007fa6ce46a078 in WrapperCall(long, unsigned long, void*, void*, void*) () from /cvmfs/cms.cern.ch/el9_amd64_gcc12/lcg/root/6.30.07-8b1a11e1ef0e074fdfd44e162b27e71c/lib/libcppyy_backend3_9.so
#11 0x00007fa6ce4ebe97 in CPyCppyy::(anonymous namespace)::VoidExecutor::Execute(long, void*, CPyCppyy::CallContext*) () from /cvmfs/cms.cern.ch/el9_amd64_gcc12/lcg/root/6.30.07-8b1a11e1ef0e074fdfd44e162b27e71c/lib/libcppyy3_9.so
#12 0x00007fa6ce4d7f87 in CPyCppyy::CPPMethod::ExecuteFast(void*, long, CPyCppyy::CallContext*) [clone .isra.0] () from /cvmfs/cms.cern.ch/el9_amd64_gcc12/lcg/root/6.30.07-8b1a11e1ef0e074fdfd44e162b27e71c/lib/libcppyy3_9.so
#13 0x00007fa6ce4d9316 in CPyCppyy::CPPMethod::Execute(void*, long, CPyCppyy::CallContext*) () from /cvmfs/cms.cern.ch/el9_amd64_gcc12/lcg/root/6.30.07-8b1a11e1ef0e074fdfd44e162b27e71c/lib/libcppyy3_9.so
#14 0x00007fa6ce4da0cf in CPyCppyy::CPPMethod::Call(CPyCppyy::CPPInstance*&, _object*, _object*, CPyCppyy::CallContext*) () from /cvmfs/cms.cern.ch/el9_amd64_gcc12/lcg/root/6.30.07-8b1a11e1ef0e074fdfd44e162b27e71c/lib/libcppyy3_9.so
#15 0x00007fa6ce4dee9a in CPyCppyy::(anonymous namespace)::mp_call(CPyCppyy::CPPOverload*, _object*, _object*) () from /cvmfs/cms.cern.ch/el9_amd64_gcc12/lcg/root/6.30.07-8b1a11e1ef0e074fdfd44e162b27e71c/lib/libcppyy3_9.so
#16 0x00007fa6cecb786e in _PyObject_MakeTpCall (tstate=0x4d2180, callable=callable
entry=0x7fa6aa852a00, args=args
entry=0x8f5fc60, nargs=1, keywords=keywords
entry=0x0) at Objects/call.c:191
#17 0x00007fa6cec6e50a in _PyObject_VectorcallTstate (kwnames=0x0, nargsf=9223372036854775809, args=0x8f5fc60, callable=0x7fa6aa852a00, tstate=<optimized out>) at ./Include/cpython/abstract.h:116
#18 _PyObject_VectorcallTstate (kwnames=0x0, nargsf=9223372036854775809, args=0x8f5fc60, callable=0x7fa6aa852a00, tstate=<optimized out>) at ./Include/cpython/abstract.h:103
#19 PyObject_Vectorcall (kwnames=0x0, nargsf=9223372036854775809, args=<optimized out>, callable=0x7fa6aa852a00) at ./Include/cpython/abstract.h:127
#20 call_function (kwnames=0x0, oparg=1, pp_stack=<synthetic pointer>, tstate=0x4d2180) at Python/ceval.c:5077
#21 _PyEval_EvalFrameDefault (tstate=<optimized out>, f=<optimized out>, throwflag=<optimized out>) at Python/ceval.c:3489
#22 0x00007fa6cec659fb in _PyEval_EvalFrame (throwflag=0, f=0x8f5fa80, tstate=0x4d2180) at ./Include/internal/pycore_ceval.h:40
#23 function_code_fastcall (tstate=0x4d2180, co=<optimized out>, args=<optimized out>, nargs=1, globals=<optimized out>) at Objects/call.c:330
#24 0x00007fa6cec6cd0f in _PyObject_VectorcallTstate (kwnames=0x0, nargsf=<optimized out>, args=0x7fa6aa860740, callable=0x7fa6ce552700, tstate=0x4d2180) at ./Include/cpython/abstract.h:118
#25 PyObject_Vectorcall (kwnames=0x0, nargsf=<optimized out>, args=<optimized out>, callable=<optimized out>) at ./Include/cpython/abstract.h:127
#26 call_function (kwnames=0x0, oparg=<optimized out>, pp_stack=<synthetic pointer>, tstate=0x4d2180) at Python/ceval.c:5077
#27 _PyEval_EvalFrameDefault (tstate=<optimized out>, f=<optimized out>, throwflag=<optimized out>) at Python/ceval.c:3506
#28 0x00007fa6ced9ea91 in _PyEval_EvalFrame (throwflag=0, f=0x7fa6aa8605b0, tstate=0x4d2180) at ./Include/internal/pycore_ceval.h:40
#29 _PyEval_EvalCode (tstate=tstate
entry=0x4d2180, _co=<optimized out>, globals=<optimized out>, locals=locals
entry=0x0, args=<optimized out>, argcount=1, kwnames=0x7fa6ce8832f8, kwargs=0x5261b0, kwcount=1, kwstep=1, defs=0x7fa6c7bca808, defcount=1, kwdefs=0x0, closure=0x0, name=0x7fa6ce6e57b0, qualname=0x7fa6b8db16c0) at Python/ceval.c:4329
#30 0x00007fa6cecb769d in _PyFunction_Vectorcall (func=<optimized out>, stack=<optimized out>, nargsf=<optimized out>, kwnames=<optimized out>) at Objects/call.c:396
#31 0x00007fa6cecba198 in _PyObject_VectorcallTstate (kwnames=0x7fa6ce8832e0, nargsf=1, args=0x5261a8, callable=0x7fa6b8db3f70, tstate=0x4d2180) at ./Include/cpython/abstract.h:118
#32 method_vectorcall (method=<optimized out>, args=0x5261b0, nargsf=<optimized out>, kwnames=0x7fa6ce8832e0) at Objects/classobject.c:53
#33 0x00007fa6cec6bde6 in _PyObject_VectorcallTstate (kwnames=0x7fa6ce8832e0, nargsf=9223372036854775808, args=0x5261b0, callable=0x7fa6aa872440, tstate=0x4d2180) at ./Include/cpython/abstract.h:118
#34 PyObject_Vectorcall (kwnames=0x7fa6ce8832e0, nargsf=9223372036854775808, args=0x5261b0, callable=<optimized out>) at ./Include/cpython/abstract.h:127
#35 call_function (kwnames=0x7fa6ce8832e0, oparg=<optimized out>, pp_stack=<synthetic pointer>, tstate=0x4d2180) at Python/ceval.c:5077
#36 _PyEval_EvalFrameDefault (tstate=<optimized out>, f=<optimized out>, throwflag=<optimized out>) at Python/ceval.c:3537
#37 0x00007fa6ced9ea91 in _PyEval_EvalFrame (throwflag=0, f=0x526040, tstate=0x4d2180) at ./Include/internal/pycore_ceval.h:40
#38 _PyEval_EvalCode (tstate=0x4d2180, _co=_co
entry=0x7fa6ce8f83a0, globals=globals
entry=0x7fa6ce91a3c0, locals=locals
entry=0x7fa6ce91a3c0, args=args
entry=0x0, argcount=argcount
entry=0, kwnames=0x0, kwargs=0x0, kwcount=0, kwstep=2, defs=0x0, defcount=0, kwdefs=0x0, closure=0x0, name=0x0, qualname=0x0) at Python/ceval.c:4329
#39 0x00007fa6ced9ee32 in _PyEval_EvalCodeWithName (_co=_co
entry=0x7fa6ce8f83a0, globals=globals
entry=0x7fa6ce91a3c0, locals=locals
entry=0x7fa6ce91a3c0, args=args
entry=0x0, argcount=argcount
entry=0, kwnames=kwnames
entry=0x0, kwargs=0x0, kwcount=0, kwstep=2, defs=0x0, defcount=0, kwdefs=0x0, closure=0x0, name=0x0, qualname=0x0) at Python/ceval.c:4361
#40 0x00007fa6ced9ee7b in PyEval_EvalCodeEx (_co=_co
entry=0x7fa6ce8f83a0, globals=globals
entry=0x7fa6ce91a3c0, locals=locals
entry=0x7fa6ce91a3c0, args=args
entry=0x0, argcount=argcount
entry=0, kws=kws
entry=0x0, kwcount=0, defs=0x0, defcount=0, kwdefs=0x0, closure=0x0) at Python/ceval.c:4377
#41 0x00007fa6ced9eeab in PyEval_EvalCode (co=co
entry=0x7fa6ce8f83a0, globals=globals
entry=0x7fa6ce91a3c0, locals=locals
entry=0x7fa6ce91a3c0) at Python/ceval.c:828
#42 0x00007fa6cedde3a9 in run_eval_code_obj (locals=0x7fa6ce91a3c0, globals=0x7fa6ce91a3c0, co=0x7fa6ce8f83a0, tstate=0x4d2180) at Python/pythonrun.c:1221
#43 run_mod (mod=<optimized out>, filename=filename
entry=0x7fa6ce885390, globals=globals
entry=0x7fa6ce91a3c0, locals=locals
entry=0x7fa6ce91a3c0, flags=flags
entry=0x7ffe768722f8, arena=arena
entry=0x7fa6ce735fd0) at Python/pythonrun.c:1242
#44 0x00007fa6ceddfdf2 in pyrun_file (flags=0x7ffe768722f8, closeit=1, locals=0x7fa6ce91a3c0, globals=0x7fa6ce91a3c0, start=257, filename=0x7fa6ce885390, fp=0x5250f0) at Python/pythonrun.c:1140
#45 pyrun_simple_file (flags=0x7ffe768722f8, closeit=1, filename=0x7fa6ce885390, fp=0x5250f0) at Python/pythonrun.c:450
#46 PyRun_SimpleFileExFlags (fp=fp
entry=0x5250f0, filename=<optimized out>, closeit=closeit
entry=1, flags=flags
entry=0x7ffe768722f8) at Python/pythonrun.c:483
#47 0x00007fa6cede0453 in PyRun_AnyFileExFlags (fp=fp
entry=0x5250f0, filename=<optimized out>, closeit=closeit
entry=1, flags=flags
entry=0x7ffe768722f8) at Python/pythonrun.c:92
#48 0x00007fa6cedfde28 in pymain_run_file (cf=0x7ffe768722f8, config=0x4cff60) at Modules/main.c:373
#49 pymain_run_python (exitcode=0x7ffe768722f0) at Modules/main.c:598
#50 Py_RunMain () at Modules/main.c:677
#51 0x00007fa6cedfe347 in pymain_main (args=0x7ffe768723e0) at Modules/main.c:707
#52 Py_BytesMain (argc=<optimized out>, argv=<optimized out>) at Modules/main.c:731
#53 0x00007fa6cea20590 in __libc_start_call_main () from /lib64/libc.so.6
#54 0x00007fa6cea20640 in __libc_start_main_impl () from /lib64/libc.so.6
#55 0x0000000000401075 in _start ()
===========================================================


Error when running the combination:
	File /home/submit/lavezzo/SUEP/CMSSW_14_1_0_pre4/src/SUEPLimits/cards/WH_11_20_fixed_noShape/cards-SUEP_mS125.000_mPhi2.000_T8.000_modegeneric/combined.root does not exist

 ----------------- 

/tmp/submit_higgsCombineSUEP_mS125.000_mPhi2.000_T2.000_modegeneric.AsymptoticLimits.mH125.sh: line 20: warning: here-document at line 7 delimited by end-of-file (wanted `EOF')
Traceback (most recent call last):
  File "/home/submit/lavezzo/SUEP/CMSSW_14_1_0_pre4/bin/el9_amd64_gcc12/combineCards.py", line 162, in <module>
    file = open(fname, "r")
FileNotFoundError: [Errno 2] No such file or directory: 'cards-SUEP_mS125.000_mPhi2.000_T2.000_modegeneric/shapes-GJHScrA2018.dat'
 *** Break *** segmentation violation



===========================================================
There was a crash.
This is the entire stack trace of all threads:
===========================================================

Thread 9 (Thread 0x7fdec6f68640 (LWP 1456083) "python3"):
#0  0x00007fdee97a279a in __futex_abstimed_wait_common () from /lib64/libc.so.6
#1  0x00007fdee97a4fa0 in pthread_cond_wait

GLIBC_2.3.2 () from /lib64/libc.so.6
#2  0x00007fdecef1304f in th_worker (tidptr=<optimized out>) at numexpr/module.cpp:60
#3  0x00007fdee97a5c02 in start_thread () from /lib64/libc.so.6
#4  0x00007fdee982ac40 in clone3 () from /lib64/libc.so.6

Thread 8 (Thread 0x7fdec7769640 (LWP 1456081) "python3"):
#0  0x00007fdee97a279a in __futex_abstimed_wait_common () from /lib64/libc.so.6
#1  0x00007fdee97a4fa0 in pthread_cond_wait

GLIBC_2.3.2 () from /lib64/libc.so.6
#2  0x00007fdecef1304f in th_worker (tidptr=<optimized out>) at numexpr/module.cpp:60
#3  0x00007fdee97a5c02 in start_thread () from /lib64/libc.so.6
#4  0x00007fdee982ac40 in clone3 () from /lib64/libc.so.6

Thread 7 (Thread 0x7fdec7f6a640 (LWP 1456079) "python3"):
#0  0x00007fdee97a279a in __futex_abstimed_wait_common () from /lib64/libc.so.6
#1  0x00007fdee97a4fa0 in pthread_cond_wait

GLIBC_2.3.2 () from /lib64/libc.so.6
#2  0x00007fdecef1304f in th_worker (tidptr=<optimized out>) at numexpr/module.cpp:60
#3  0x00007fdee97a5c02 in start_thread () from /lib64/libc.so.6
#4  0x00007fdee982ac40 in clone3 () from /lib64/libc.so.6

Thread 6 (Thread 0x7fdec876b640 (LWP 1456076) "python3"):
#0  0x00007fdee97a279a in __futex_abstimed_wait_common () from /lib64/libc.so.6
#1  0x00007fdee97a4fa0 in pthread_cond_wait

GLIBC_2.3.2 () from /lib64/libc.so.6
#2  0x00007fdecef1304f in th_worker (tidptr=<optimized out>) at numexpr/module.cpp:60
#3  0x00007fdee97a5c02 in start_thread () from /lib64/libc.so.6
#4  0x00007fdee982ac40 in clone3 () from /lib64/libc.so.6

Thread 5 (Thread 0x7fdec8f6c640 (LWP 1456068) "python3"):
#0  0x00007fdee97a279a in __futex_abstimed_wait_common () from /lib64/libc.so.6
#1  0x00007fdee97a4fa0 in pthread_cond_wait

GLIBC_2.3.2 () from /lib64/libc.so.6
#2  0x00007fdecef1304f in th_worker (tidptr=<optimized out>) at numexpr/module.cpp:60
#3  0x00007fdee97a5c02 in start_thread () from /lib64/libc.so.6
#4  0x00007fdee982ac40 in clone3 () from /lib64/libc.so.6

Thread 4 (Thread 0x7fdec976d640 (LWP 1456055) "python3"):
#0  0x00007fdee97a279a in __futex_abstimed_wait_common () from /lib64/libc.so.6
#1  0x00007fdee97a4fa0 in pthread_cond_wait

GLIBC_2.3.2 () from /lib64/libc.so.6
#2  0x00007fdecef1304f in th_worker (tidptr=<optimized out>) at numexpr/module.cpp:60
#3  0x00007fdee97a5c02 in start_thread () from /lib64/libc.so.6
#4  0x00007fdee982ac40 in clone3 () from /lib64/libc.so.6

Thread 3 (Thread 0x7fdec9f6e640 (LWP 1456043) "python3"):
#0  0x00007fdee97a279a in __futex_abstimed_wait_common () from /lib64/libc.so.6
#1  0x00007fdee97a4fa0 in pthread_cond_wait

GLIBC_2.3.2 () from /lib64/libc.so.6
#2  0x00007fdecef1304f in th_worker (tidptr=<optimized out>) at numexpr/module.cpp:60
#3  0x00007fdee97a5c02 in start_thread () from /lib64/libc.so.6
#4  0x00007fdee982ac40 in clone3 () from /lib64/libc.so.6

Thread 2 (Thread 0x7fdeca76f640 (LWP 1456031) "python3"):
#0  0x00007fdee97a279a in __futex_abstimed_wait_common () from /lib64/libc.so.6
#1  0x00007fdee97a4fa0 in pthread_cond_wait

GLIBC_2.3.2 () from /lib64/libc.so.6
#2  0x00007fdecef1304f in th_worker (tidptr=<optimized out>) at numexpr/module.cpp:60
#3  0x00007fdee97a5c02 in start_thread () from /lib64/libc.so.6
#4  0x00007fdee982ac40 in clone3 () from /lib64/libc.so.6

Thread 1 (Thread 0x7fdee9db9740 (LWP 1449400) "python3"):
#0  0x00007fdee97f4a3f in wait4 () from /lib64/libc.so.6
#1  0x00007fdee9767243 in do_system () from /lib64/libc.so.6
#2  0x00007fdee8f6743d in TUnixSystem::StackTrace() () from /cvmfs/cms.cern.ch/el9_amd64_gcc12/lcg/root/6.30.07-8b1a11e1ef0e074fdfd44e162b27e71c/lib/libCore.so
#3  0x00007fdee914e5a3 in (anonymous namespace)::TExceptionHandlerImp::HandleException(int) () from /cvmfs/cms.cern.ch/el9_amd64_gcc12/lcg/root/6.30.07-8b1a11e1ef0e074fdfd44e162b27e71c/lib/libcppyy_backend3_9.so
#4  0x00007fdee8f66c71 in TUnixSystem::DispatchSignals(ESignals) () from /cvmfs/cms.cern.ch/el9_amd64_gcc12/lcg/root/6.30.07-8b1a11e1ef0e074fdfd44e162b27e71c/lib/libCore.so
#5  <signal handler called>
#6  0x00007fdec4f0364d in RooStats::ModelConfig::SetHasOnlyParameters(RooArgSet const&, char const*) () from /cvmfs/cms.cern.ch/el9_amd64_gcc12/lcg/root/6.30.07-8b1a11e1ef0e074fdfd44e162b27e71c/lib/libRooFitCore.so
#7  0x00007fdec4f09d30 in RooStats::ModelConfig::SetObservables(RooArgSet const&) () from /cvmfs/cms.cern.ch/el9_amd64_gcc12/lcg/root/6.30.07-8b1a11e1ef0e074fdfd44e162b27e71c/lib/libRooFitCore.so
#8  0x00007fdec3547013 in ?? ()
#9  0x0000000000000001 in ?? ()
#10 0x00007fdee914f078 in WrapperCall(long, unsigned long, void*, void*, void*) () from /cvmfs/cms.cern.ch/el9_amd64_gcc12/lcg/root/6.30.07-8b1a11e1ef0e074fdfd44e162b27e71c/lib/libcppyy_backend3_9.so
#11 0x00007fdee91d0e97 in CPyCppyy::(anonymous namespace)::VoidExecutor::Execute(long, void*, CPyCppyy::CallContext*) () from /cvmfs/cms.cern.ch/el9_amd64_gcc12/lcg/root/6.30.07-8b1a11e1ef0e074fdfd44e162b27e71c/lib/libcppyy3_9.so
#12 0x00007fdee91bcf87 in CPyCppyy::CPPMethod::ExecuteFast(void*, long, CPyCppyy::CallContext*) [clone .isra.0] () from /cvmfs/cms.cern.ch/el9_amd64_gcc12/lcg/root/6.30.07-8b1a11e1ef0e074fdfd44e162b27e71c/lib/libcppyy3_9.so
#13 0x00007fdee91be316 in CPyCppyy::CPPMethod::Execute(void*, long, CPyCppyy::CallContext*) () from /cvmfs/cms.cern.ch/el9_amd64_gcc12/lcg/root/6.30.07-8b1a11e1ef0e074fdfd44e162b27e71c/lib/libcppyy3_9.so
#14 0x00007fdee91bf0cf in CPyCppyy::CPPMethod::Call(CPyCppyy::CPPInstance*&, _object*, _object*, CPyCppyy::CallContext*) () from /cvmfs/cms.cern.ch/el9_amd64_gcc12/lcg/root/6.30.07-8b1a11e1ef0e074fdfd44e162b27e71c/lib/libcppyy3_9.so
#15 0x00007fdee91c3e9a in CPyCppyy::(anonymous namespace)::mp_call(CPyCppyy::CPPOverload*, _object*, _object*) () from /cvmfs/cms.cern.ch/el9_amd64_gcc12/lcg/root/6.30.07-8b1a11e1ef0e074fdfd44e162b27e71c/lib/libcppyy3_9.so
#16 0x00007fdee9ab786e in _PyObject_MakeTpCall (tstate=0x99f180, callable=callable
entry=0x7fdec5552a00, args=args
entry=0x8f8bde0, nargs=1, keywords=keywords
entry=0x0) at Objects/call.c:191
#17 0x00007fdee9a6e50a in _PyObject_VectorcallTstate (kwnames=0x0, nargsf=9223372036854775809, args=0x8f8bde0, callable=0x7fdec5552a00, tstate=<optimized out>) at ./Include/cpython/abstract.h:116
#18 _PyObject_VectorcallTstate (kwnames=0x0, nargsf=9223372036854775809, args=0x8f8bde0, callable=0x7fdec5552a00, tstate=<optimized out>) at ./Include/cpython/abstract.h:103
#19 PyObject_Vectorcall (kwnames=0x0, nargsf=9223372036854775809, args=<optimized out>, callable=0x7fdec5552a00) at ./Include/cpython/abstract.h:127
#20 call_function (kwnames=0x0, oparg=1, pp_stack=<synthetic pointer>, tstate=0x99f180) at Python/ceval.c:5077
#21 _PyEval_EvalFrameDefault (tstate=<optimized out>, f=<optimized out>, throwflag=<optimized out>) at Python/ceval.c:3489
#22 0x00007fdee9a659fb in _PyEval_EvalFrame (throwflag=0, f=0x8f8bc00, tstate=0x99f180) at ./Include/internal/pycore_ceval.h:40
#23 function_code_fastcall (tstate=0x99f180, co=<optimized out>, args=<optimized out>, nargs=1, globals=<optimized out>) at Objects/call.c:330
#24 0x00007fdee9a6cd0f in _PyObject_VectorcallTstate (kwnames=0x0, nargsf=<optimized out>, args=0x7fdec5560740, callable=0x7fdee9237700, tstate=0x99f180) at ./Include/cpython/abstract.h:118
#25 PyObject_Vectorcall (kwnames=0x0, nargsf=<optimized out>, args=<optimized out>, callable=<optimized out>) at ./Include/cpython/abstract.h:127
#26 call_function (kwnames=0x0, oparg=<optimized out>, pp_stack=<synthetic pointer>, tstate=0x99f180) at Python/ceval.c:5077
#27 _PyEval_EvalFrameDefault (tstate=<optimized out>, f=<optimized out>, throwflag=<optimized out>) at Python/ceval.c:3506
#28 0x00007fdee9b9ea91 in _PyEval_EvalFrame (throwflag=0, f=0x7fdec55605b0, tstate=0x99f180) at ./Include/internal/pycore_ceval.h:40
#29 _PyEval_EvalCode (tstate=tstate
entry=0x99f180, _co=<optimized out>, globals=<optimized out>, locals=locals
entry=0x0, args=<optimized out>, argcount=1, kwnames=0x7fdee95682f8, kwargs=0x9f31b0, kwcount=1, kwstep=1, defs=0x7fdee29ca808, defcount=1, kwdefs=0x0, closure=0x0, name=0x7fdee93ca7f0, qualname=0x7fded09a16c0) at Python/ceval.c:4329
#30 0x00007fdee9ab769d in _PyFunction_Vectorcall (func=<optimized out>, stack=<optimized out>, nargsf=<optimized out>, kwnames=<optimized out>) at Objects/call.c:396
#31 0x00007fdee9aba198 in _PyObject_VectorcallTstate (kwnames=0x7fdee95682e0, nargsf=1, args=0x9f31a8, callable=0x7fded09a4f70, tstate=0x99f180) at ./Include/cpython/abstract.h:118
#32 method_vectorcall (method=<optimized out>, args=0x9f31b0, nargsf=<optimized out>, kwnames=0x7fdee95682e0) at Objects/classobject.c:53
#33 0x00007fdee9a6bde6 in _PyObject_VectorcallTstate (kwnames=0x7fdee95682e0, nargsf=9223372036854775808, args=0x9f31b0, callable=0x7fdec5572800, tstate=0x99f180) at ./Include/cpython/abstract.h:118
#34 PyObject_Vectorcall (kwnames=0x7fdee95682e0, nargsf=9223372036854775808, args=0x9f31b0, callable=<optimized out>) at ./Include/cpython/abstract.h:127
#35 call_function (kwnames=0x7fdee95682e0, oparg=<optimized out>, pp_stack=<synthetic pointer>, tstate=0x99f180) at Python/ceval.c:5077
#36 _PyEval_EvalFrameDefault (tstate=<optimized out>, f=<optimized out>, throwflag=<optimized out>) at Python/ceval.c:3537
#37 0x00007fdee9b9ea91 in _PyEval_EvalFrame (throwflag=0, f=0x9f3040, tstate=0x99f180) at ./Include/internal/pycore_ceval.h:40
#38 _PyEval_EvalCode (tstate=0x99f180, _co=_co
entry=0x7fdee95dd3a0, globals=globals
entry=0x7fdee95ff3c0, locals=locals
entry=0x7fdee95ff3c0, args=args
entry=0x0, argcount=argcount
entry=0, kwnames=0x0, kwargs=0x0, kwcount=0, kwstep=2, defs=0x0, defcount=0, kwdefs=0x0, closure=0x0, name=0x0, qualname=0x0) at Python/ceval.c:4329
#39 0x00007fdee9b9ee32 in _PyEval_EvalCodeWithName (_co=_co
entry=0x7fdee95dd3a0, globals=globals
entry=0x7fdee95ff3c0, locals=locals
entry=0x7fdee95ff3c0, args=args
entry=0x0, argcount=argcount
entry=0, kwnames=kwnames
entry=0x0, kwargs=0x0, kwcount=0, kwstep=2, defs=0x0, defcount=0, kwdefs=0x0, closure=0x0, name=0x0, qualname=0x0) at Python/ceval.c:4361
#40 0x00007fdee9b9ee7b in PyEval_EvalCodeEx (_co=_co
entry=0x7fdee95dd3a0, globals=globals
entry=0x7fdee95ff3c0, locals=locals
entry=0x7fdee95ff3c0, args=args
entry=0x0, argcount=argcount
entry=0, kws=kws
entry=0x0, kwcount=0, defs=0x0, defcount=0, kwdefs=0x0, closure=0x0) at Python/ceval.c:4377
#41 0x00007fdee9b9eeab in PyEval_EvalCode (co=co
entry=0x7fdee95dd3a0, globals=globals
entry=0x7fdee95ff3c0, locals=locals
entry=0x7fdee95ff3c0) at Python/ceval.c:828
#42 0x00007fdee9bde3a9 in run_eval_code_obj (locals=0x7fdee95ff3c0, globals=0x7fdee95ff3c0, co=0x7fdee95dd3a0, tstate=0x99f180) at Python/pythonrun.c:1221
#43 run_mod (mod=<optimized out>, filename=filename
entry=0x7fdee956a390, globals=globals
entry=0x7fdee95ff3c0, locals=locals
entry=0x7fdee95ff3c0, flags=flags
entry=0x7fff430a5098, arena=arena
entry=0x7fdee941afd0) at Python/pythonrun.c:1242
#44 0x00007fdee9bdfdf2 in pyrun_file (flags=0x7fff430a5098, closeit=1, locals=0x7fdee95ff3c0, globals=0x7fdee95ff3c0, start=257, filename=0x7fdee956a390, fp=0x9f20f0) at Python/pythonrun.c:1140
#45 pyrun_simple_file (flags=0x7fff430a5098, closeit=1, filename=0x7fdee956a390, fp=0x9f20f0) at Python/pythonrun.c:450
#46 PyRun_SimpleFileExFlags (fp=fp
entry=0x9f20f0, filename=<optimized out>, closeit=closeit
entry=1, flags=flags
entry=0x7fff430a5098) at Python/pythonrun.c:483
#47 0x00007fdee9be0453 in PyRun_AnyFileExFlags (fp=fp
entry=0x9f20f0, filename=<optimized out>, closeit=closeit
entry=1, flags=flags
entry=0x7fff430a5098) at Python/pythonrun.c:92
#48 0x00007fdee9bfde28 in pymain_run_file (cf=0x7fff430a5098, config=0x99cf60) at Modules/main.c:373
#49 pymain_run_python (exitcode=0x7fff430a5090) at Modules/main.c:598
#50 Py_RunMain () at Modules/main.c:677
#51 0x00007fdee9bfe347 in pymain_main (args=0x7fff430a5180) at Modules/main.c:707
#52 Py_BytesMain (argc=<optimized out>, argv=<optimized out>) at Modules/main.c:731
#53 0x00007fdee9745590 in __libc_start_call_main () from /lib64/libc.so.6
#54 0x00007fdee9745640 in __libc_start_main_impl () from /lib64/libc.so.6
#55 0x0000000000401075 in _start ()
===========================================================


The lines below might hint at the cause of the crash. If you see question
marks as part of the stack trace, try to recompile with debugging information
enabled and export CLING_DEBUG=1 environment variable before running.
You may get help by asking at the ROOT forum https://root.cern/forum
preferably using the command (.forum bug) in the ROOT prompt.
Only if you are really convinced it is a bug in ROOT then please submit a
report at https://root.cern/bugs or (preferably) using the command (.gh bug) in
the ROOT prompt. Please post the ENTIRE stack trace
from above as an attachment in addition to anything else
that might help us fixing this issue.
===========================================================
#6  0x00007fdec4f0364d in RooStats::ModelConfig::SetHasOnlyParameters(RooArgSet const&, char const*) () from /cvmfs/cms.cern.ch/el9_amd64_gcc12/lcg/root/6.30.07-8b1a11e1ef0e074fdfd44e162b27e71c/lib/libRooFitCore.so
#7  0x00007fdec4f09d30 in RooStats::ModelConfig::SetObservables(RooArgSet const&) () from /cvmfs/cms.cern.ch/el9_amd64_gcc12/lcg/root/6.30.07-8b1a11e1ef0e074fdfd44e162b27e71c/lib/libRooFitCore.so
#8  0x00007fdec3547013 in ?? ()
#9  0x0000000000000001 in ?? ()
#10 0x00007fdee914f078 in WrapperCall(long, unsigned long, void*, void*, void*) () from /cvmfs/cms.cern.ch/el9_amd64_gcc12/lcg/root/6.30.07-8b1a11e1ef0e074fdfd44e162b27e71c/lib/libcppyy_backend3_9.so
#11 0x00007fdee91d0e97 in CPyCppyy::(anonymous namespace)::VoidExecutor::Execute(long, void*, CPyCppyy::CallContext*) () from /cvmfs/cms.cern.ch/el9_amd64_gcc12/lcg/root/6.30.07-8b1a11e1ef0e074fdfd44e162b27e71c/lib/libcppyy3_9.so
#12 0x00007fdee91bcf87 in CPyCppyy::CPPMethod::ExecuteFast(void*, long, CPyCppyy::CallContext*) [clone .isra.0] () from /cvmfs/cms.cern.ch/el9_amd64_gcc12/lcg/root/6.30.07-8b1a11e1ef0e074fdfd44e162b27e71c/lib/libcppyy3_9.so
#13 0x00007fdee91be316 in CPyCppyy::CPPMethod::Execute(void*, long, CPyCppyy::CallContext*) () from /cvmfs/cms.cern.ch/el9_amd64_gcc12/lcg/root/6.30.07-8b1a11e1ef0e074fdfd44e162b27e71c/lib/libcppyy3_9.so
#14 0x00007fdee91bf0cf in CPyCppyy::CPPMethod::Call(CPyCppyy::CPPInstance*&, _object*, _object*, CPyCppyy::CallContext*) () from /cvmfs/cms.cern.ch/el9_amd64_gcc12/lcg/root/6.30.07-8b1a11e1ef0e074fdfd44e162b27e71c/lib/libcppyy3_9.so
#15 0x00007fdee91c3e9a in CPyCppyy::(anonymous namespace)::mp_call(CPyCppyy::CPPOverload*, _object*, _object*) () from /cvmfs/cms.cern.ch/el9_amd64_gcc12/lcg/root/6.30.07-8b1a11e1ef0e074fdfd44e162b27e71c/lib/libcppyy3_9.so
#16 0x00007fdee9ab786e in _PyObject_MakeTpCall (tstate=0x99f180, callable=callable
entry=0x7fdec5552a00, args=args
entry=0x8f8bde0, nargs=1, keywords=keywords
entry=0x0) at Objects/call.c:191
#17 0x00007fdee9a6e50a in _PyObject_VectorcallTstate (kwnames=0x0, nargsf=9223372036854775809, args=0x8f8bde0, callable=0x7fdec5552a00, tstate=<optimized out>) at ./Include/cpython/abstract.h:116
#18 _PyObject_VectorcallTstate (kwnames=0x0, nargsf=9223372036854775809, args=0x8f8bde0, callable=0x7fdec5552a00, tstate=<optimized out>) at ./Include/cpython/abstract.h:103
#19 PyObject_Vectorcall (kwnames=0x0, nargsf=9223372036854775809, args=<optimized out>, callable=0x7fdec5552a00) at ./Include/cpython/abstract.h:127
#20 call_function (kwnames=0x0, oparg=1, pp_stack=<synthetic pointer>, tstate=0x99f180) at Python/ceval.c:5077
#21 _PyEval_EvalFrameDefault (tstate=<optimized out>, f=<optimized out>, throwflag=<optimized out>) at Python/ceval.c:3489
#22 0x00007fdee9a659fb in _PyEval_EvalFrame (throwflag=0, f=0x8f8bc00, tstate=0x99f180) at ./Include/internal/pycore_ceval.h:40
#23 function_code_fastcall (tstate=0x99f180, co=<optimized out>, args=<optimized out>, nargs=1, globals=<optimized out>) at Objects/call.c:330
#24 0x00007fdee9a6cd0f in _PyObject_VectorcallTstate (kwnames=0x0, nargsf=<optimized out>, args=0x7fdec5560740, callable=0x7fdee9237700, tstate=0x99f180) at ./Include/cpython/abstract.h:118
#25 PyObject_Vectorcall (kwnames=0x0, nargsf=<optimized out>, args=<optimized out>, callable=<optimized out>) at ./Include/cpython/abstract.h:127
#26 call_function (kwnames=0x0, oparg=<optimized out>, pp_stack=<synthetic pointer>, tstate=0x99f180) at Python/ceval.c:5077
#27 _PyEval_EvalFrameDefault (tstate=<optimized out>, f=<optimized out>, throwflag=<optimized out>) at Python/ceval.c:3506
#28 0x00007fdee9b9ea91 in _PyEval_EvalFrame (throwflag=0, f=0x7fdec55605b0, tstate=0x99f180) at ./Include/internal/pycore_ceval.h:40
#29 _PyEval_EvalCode (tstate=tstate
entry=0x99f180, _co=<optimized out>, globals=<optimized out>, locals=locals
entry=0x0, args=<optimized out>, argcount=1, kwnames=0x7fdee95682f8, kwargs=0x9f31b0, kwcount=1, kwstep=1, defs=0x7fdee29ca808, defcount=1, kwdefs=0x0, closure=0x0, name=0x7fdee93ca7f0, qualname=0x7fded09a16c0) at Python/ceval.c:4329
#30 0x00007fdee9ab769d in _PyFunction_Vectorcall (func=<optimized out>, stack=<optimized out>, nargsf=<optimized out>, kwnames=<optimized out>) at Objects/call.c:396
#31 0x00007fdee9aba198 in _PyObject_VectorcallTstate (kwnames=0x7fdee95682e0, nargsf=1, args=0x9f31a8, callable=0x7fded09a4f70, tstate=0x99f180) at ./Include/cpython/abstract.h:118
#32 method_vectorcall (method=<optimized out>, args=0x9f31b0, nargsf=<optimized out>, kwnames=0x7fdee95682e0) at Objects/classobject.c:53
#33 0x00007fdee9a6bde6 in _PyObject_VectorcallTstate (kwnames=0x7fdee95682e0, nargsf=9223372036854775808, args=0x9f31b0, callable=0x7fdec5572800, tstate=0x99f180) at ./Include/cpython/abstract.h:118
#34 PyObject_Vectorcall (kwnames=0x7fdee95682e0, nargsf=9223372036854775808, args=0x9f31b0, callable=<optimized out>) at ./Include/cpython/abstract.h:127
#35 call_function (kwnames=0x7fdee95682e0, oparg=<optimized out>, pp_stack=<synthetic pointer>, tstate=0x99f180) at Python/ceval.c:5077
#36 _PyEval_EvalFrameDefault (tstate=<optimized out>, f=<optimized out>, throwflag=<optimized out>) at Python/ceval.c:3537
#37 0x00007fdee9b9ea91 in _PyEval_EvalFrame (throwflag=0, f=0x9f3040, tstate=0x99f180) at ./Include/internal/pycore_ceval.h:40
#38 _PyEval_EvalCode (tstate=0x99f180, _co=_co
entry=0x7fdee95dd3a0, globals=globals
entry=0x7fdee95ff3c0, locals=locals
entry=0x7fdee95ff3c0, args=args
entry=0x0, argcount=argcount
entry=0, kwnames=0x0, kwargs=0x0, kwcount=0, kwstep=2, defs=0x0, defcount=0, kwdefs=0x0, closure=0x0, name=0x0, qualname=0x0) at Python/ceval.c:4329
#39 0x00007fdee9b9ee32 in _PyEval_EvalCodeWithName (_co=_co
entry=0x7fdee95dd3a0, globals=globals
entry=0x7fdee95ff3c0, locals=locals
entry=0x7fdee95ff3c0, args=args
entry=0x0, argcount=argcount
entry=0, kwnames=kwnames
entry=0x0, kwargs=0x0, kwcount=0, kwstep=2, defs=0x0, defcount=0, kwdefs=0x0, closure=0x0, name=0x0, qualname=0x0) at Python/ceval.c:4361
#40 0x00007fdee9b9ee7b in PyEval_EvalCodeEx (_co=_co
entry=0x7fdee95dd3a0, globals=globals
entry=0x7fdee95ff3c0, locals=locals
entry=0x7fdee95ff3c0, args=args
entry=0x0, argcount=argcount
entry=0, kws=kws
entry=0x0, kwcount=0, defs=0x0, defcount=0, kwdefs=0x0, closure=0x0) at Python/ceval.c:4377
#41 0x00007fdee9b9eeab in PyEval_EvalCode (co=co
entry=0x7fdee95dd3a0, globals=globals
entry=0x7fdee95ff3c0, locals=locals
entry=0x7fdee95ff3c0) at Python/ceval.c:828
#42 0x00007fdee9bde3a9 in run_eval_code_obj (locals=0x7fdee95ff3c0, globals=0x7fdee95ff3c0, co=0x7fdee95dd3a0, tstate=0x99f180) at Python/pythonrun.c:1221
#43 run_mod (mod=<optimized out>, filename=filename
entry=0x7fdee956a390, globals=globals
entry=0x7fdee95ff3c0, locals=locals
entry=0x7fdee95ff3c0, flags=flags
entry=0x7fff430a5098, arena=arena
entry=0x7fdee941afd0) at Python/pythonrun.c:1242
#44 0x00007fdee9bdfdf2 in pyrun_file (flags=0x7fff430a5098, closeit=1, locals=0x7fdee95ff3c0, globals=0x7fdee95ff3c0, start=257, filename=0x7fdee956a390, fp=0x9f20f0) at Python/pythonrun.c:1140
#45 pyrun_simple_file (flags=0x7fff430a5098, closeit=1, filename=0x7fdee956a390, fp=0x9f20f0) at Python/pythonrun.c:450
#46 PyRun_SimpleFileExFlags (fp=fp
entry=0x9f20f0, filename=<optimized out>, closeit=closeit
entry=1, flags=flags
entry=0x7fff430a5098) at Python/pythonrun.c:483
#47 0x00007fdee9be0453 in PyRun_AnyFileExFlags (fp=fp
entry=0x9f20f0, filename=<optimized out>, closeit=closeit
entry=1, flags=flags
entry=0x7fff430a5098) at Python/pythonrun.c:92
#48 0x00007fdee9bfde28 in pymain_run_file (cf=0x7fff430a5098, config=0x99cf60) at Modules/main.c:373
#49 pymain_run_python (exitcode=0x7fff430a5090) at Modules/main.c:598
#50 Py_RunMain () at Modules/main.c:677
#51 0x00007fdee9bfe347 in pymain_main (args=0x7fff430a5180) at Modules/main.c:707
#52 Py_BytesMain (argc=<optimized out>, argv=<optimized out>) at Modules/main.c:731
#53 0x00007fdee9745590 in __libc_start_call_main () from /lib64/libc.so.6
#54 0x00007fdee9745640 in __libc_start_main_impl () from /lib64/libc.so.6
#55 0x0000000000401075 in _start ()
===========================================================


 *** Break *** segmentation violation



===========================================================
There was a crash.
This is the entire stack trace of all threads:
===========================================================

Thread 9 (Thread 0x7fdec6f68640 (LWP 1456083) "python3"):
#0  0x00007fdee97a279a in __futex_abstimed_wait_common () from /lib64/libc.so.6
#1  0x00007fdee97a4fa0 in pthread_cond_wait

GLIBC_2.3.2 () from /lib64/libc.so.6
#2  0x00007fdecef1304f in th_worker (tidptr=<optimized out>) at numexpr/module.cpp:60
#3  0x00007fdee97a5c02 in start_thread () from /lib64/libc.so.6
#4  0x00007fdee982ac40 in clone3 () from /lib64/libc.so.6

Thread 8 (Thread 0x7fdec7769640 (LWP 1456081) "python3"):
#0  0x00007fdee97a279a in __futex_abstimed_wait_common () from /lib64/libc.so.6
#1  0x00007fdee97a4fa0 in pthread_cond_wait

GLIBC_2.3.2 () from /lib64/libc.so.6
#2  0x00007fdecef1304f in th_worker (tidptr=<optimized out>) at numexpr/module.cpp:60
#3  0x00007fdee97a5c02 in start_thread () from /lib64/libc.so.6
#4  0x00007fdee982ac40 in clone3 () from /lib64/libc.so.6

Thread 7 (Thread 0x7fdec7f6a640 (LWP 1456079) "python3"):
#0  0x00007fdee97a279a in __futex_abstimed_wait_common () from /lib64/libc.so.6
#1  0x00007fdee97a4fa0 in pthread_cond_wait

GLIBC_2.3.2 () from /lib64/libc.so.6
#2  0x00007fdecef1304f in th_worker (tidptr=<optimized out>) at numexpr/module.cpp:60
#3  0x00007fdee97a5c02 in start_thread () from /lib64/libc.so.6
#4  0x00007fdee982ac40 in clone3 () from /lib64/libc.so.6

Thread 6 (Thread 0x7fdec876b640 (LWP 1456076) "python3"):
#0  0x00007fdee97a279a in __futex_abstimed_wait_common () from /lib64/libc.so.6
#1  0x00007fdee97a4fa0 in pthread_cond_wait

GLIBC_2.3.2 () from /lib64/libc.so.6
#2  0x00007fdecef1304f in th_worker (tidptr=<optimized out>) at numexpr/module.cpp:60
#3  0x00007fdee97a5c02 in start_thread () from /lib64/libc.so.6
#4  0x00007fdee982ac40 in clone3 () from /lib64/libc.so.6

Thread 5 (Thread 0x7fdec8f6c640 (LWP 1456068) "python3"):
#0  0x00007fdee97a279a in __futex_abstimed_wait_common () from /lib64/libc.so.6
#1  0x00007fdee97a4fa0 in pthread_cond_wait

GLIBC_2.3.2 () from /lib64/libc.so.6
#2  0x00007fdecef1304f in th_worker (tidptr=<optimized out>) at numexpr/module.cpp:60
#3  0x00007fdee97a5c02 in start_thread () from /lib64/libc.so.6
#4  0x00007fdee982ac40 in clone3 () from /lib64/libc.so.6

Thread 4 (Thread 0x7fdec976d640 (LWP 1456055) "python3"):
#0  0x00007fdee97a279a in __futex_abstimed_wait_common () from /lib64/libc.so.6
#1  0x00007fdee97a4fa0 in pthread_cond_wait

GLIBC_2.3.2 () from /lib64/libc.so.6
#2  0x00007fdecef1304f in th_worker (tidptr=<optimized out>) at numexpr/module.cpp:60
#3  0x00007fdee97a5c02 in start_thread () from /lib64/libc.so.6
#4  0x00007fdee982ac40 in clone3 () from /lib64/libc.so.6

Thread 3 (Thread 0x7fdec9f6e640 (LWP 1456043) "python3"):
#0  0x00007fdee97a279a in __futex_abstimed_wait_common () from /lib64/libc.so.6
#1  0x00007fdee97a4fa0 in pthread_cond_wait

GLIBC_2.3.2 () from /lib64/libc.so.6
#2  0x00007fdecef1304f in th_worker (tidptr=<optimized out>) at numexpr/module.cpp:60
#3  0x00007fdee97a5c02 in start_thread () from /lib64/libc.so.6
#4  0x00007fdee982ac40 in clone3 () from /lib64/libc.so.6

Thread 2 (Thread 0x7fdeca76f640 (LWP 1456031) "python3"):
#0  0x00007fdee97a279a in __futex_abstimed_wait_common () from /lib64/libc.so.6
#1  0x00007fdee97a4fa0 in pthread_cond_wait

GLIBC_2.3.2 () from /lib64/libc.so.6
#2  0x00007fdecef1304f in th_worker (tidptr=<optimized out>) at numexpr/module.cpp:60
#3  0x00007fdee97a5c02 in start_thread () from /lib64/libc.so.6
#4  0x00007fdee982ac40 in clone3 () from /lib64/libc.so.6

Thread 1 (Thread 0x7fdee9db9740 (LWP 1449400) "python3"):
#0  0x00007fdee97f4a3f in wait4 () from /lib64/libc.so.6
#1  0x00007fdee9767243 in do_system () from /lib64/libc.so.6
#2  0x00007fdee8f6743d in TUnixSystem::StackTrace() () from /cvmfs/cms.cern.ch/el9_amd64_gcc12/lcg/root/6.30.07-8b1a11e1ef0e074fdfd44e162b27e71c/lib/libCore.so
#3  0x00007fdee914e423 in (anonymous namespace)::TExceptionHandlerImp::HandleException(int) () from /cvmfs/cms.cern.ch/el9_amd64_gcc12/lcg/root/6.30.07-8b1a11e1ef0e074fdfd44e162b27e71c/lib/libcppyy_backend3_9.so
#4  0x00007fdee8f66c71 in TUnixSystem::DispatchSignals(ESignals) () from /cvmfs/cms.cern.ch/el9_amd64_gcc12/lcg/root/6.30.07-8b1a11e1ef0e074fdfd44e162b27e71c/lib/libCore.so
#5  <signal handler called>
#6  0x00007fdec4f0364d in RooStats::ModelConfig::SetHasOnlyParameters(RooArgSet const&, char const*) () from /cvmfs/cms.cern.ch/el9_amd64_gcc12/lcg/root/6.30.07-8b1a11e1ef0e074fdfd44e162b27e71c/lib/libRooFitCore.so
#7  0x00007fdec4f09d30 in RooStats::ModelConfig::SetObservables(RooArgSet const&) () from /cvmfs/cms.cern.ch/el9_amd64_gcc12/lcg/root/6.30.07-8b1a11e1ef0e074fdfd44e162b27e71c/lib/libRooFitCore.so
#8  0x00007fdec3547013 in ?? ()
#9  0x0000000000000001 in ?? ()
#10 0x00007fdee914f078 in WrapperCall(long, unsigned long, void*, void*, void*) () from /cvmfs/cms.cern.ch/el9_amd64_gcc12/lcg/root/6.30.07-8b1a11e1ef0e074fdfd44e162b27e71c/lib/libcppyy_backend3_9.so
#11 0x00007fdee91d0e97 in CPyCppyy::(anonymous namespace)::VoidExecutor::Execute(long, void*, CPyCppyy::CallContext*) () from /cvmfs/cms.cern.ch/el9_amd64_gcc12/lcg/root/6.30.07-8b1a11e1ef0e074fdfd44e162b27e71c/lib/libcppyy3_9.so
#12 0x00007fdee91bcf87 in CPyCppyy::CPPMethod::ExecuteFast(void*, long, CPyCppyy::CallContext*) [clone .isra.0] () from /cvmfs/cms.cern.ch/el9_amd64_gcc12/lcg/root/6.30.07-8b1a11e1ef0e074fdfd44e162b27e71c/lib/libcppyy3_9.so
#13 0x00007fdee91be316 in CPyCppyy::CPPMethod::Execute(void*, long, CPyCppyy::CallContext*) () from /cvmfs/cms.cern.ch/el9_amd64_gcc12/lcg/root/6.30.07-8b1a11e1ef0e074fdfd44e162b27e71c/lib/libcppyy3_9.so
#14 0x00007fdee91bf0cf in CPyCppyy::CPPMethod::Call(CPyCppyy::CPPInstance*&, _object*, _object*, CPyCppyy::CallContext*) () from /cvmfs/cms.cern.ch/el9_amd64_gcc12/lcg/root/6.30.07-8b1a11e1ef0e074fdfd44e162b27e71c/lib/libcppyy3_9.so
#15 0x00007fdee91c3e9a in CPyCppyy::(anonymous namespace)::mp_call(CPyCppyy::CPPOverload*, _object*, _object*) () from /cvmfs/cms.cern.ch/el9_amd64_gcc12/lcg/root/6.30.07-8b1a11e1ef0e074fdfd44e162b27e71c/lib/libcppyy3_9.so
#16 0x00007fdee9ab786e in _PyObject_MakeTpCall (tstate=0x99f180, callable=callable
entry=0x7fdec5552a00, args=args
entry=0x8f8bde0, nargs=1, keywords=keywords
entry=0x0) at Objects/call.c:191
#17 0x00007fdee9a6e50a in _PyObject_VectorcallTstate (kwnames=0x0, nargsf=9223372036854775809, args=0x8f8bde0, callable=0x7fdec5552a00, tstate=<optimized out>) at ./Include/cpython/abstract.h:116
#18 _PyObject_VectorcallTstate (kwnames=0x0, nargsf=9223372036854775809, args=0x8f8bde0, callable=0x7fdec5552a00, tstate=<optimized out>) at ./Include/cpython/abstract.h:103
#19 PyObject_Vectorcall (kwnames=0x0, nargsf=9223372036854775809, args=<optimized out>, callable=0x7fdec5552a00) at ./Include/cpython/abstract.h:127
#20 call_function (kwnames=0x0, oparg=1, pp_stack=<synthetic pointer>, tstate=0x99f180) at Python/ceval.c:5077
#21 _PyEval_EvalFrameDefault (tstate=<optimized out>, f=<optimized out>, throwflag=<optimized out>) at Python/ceval.c:3489
#22 0x00007fdee9a659fb in _PyEval_EvalFrame (throwflag=0, f=0x8f8bc00, tstate=0x99f180) at ./Include/internal/pycore_ceval.h:40
#23 function_code_fastcall (tstate=0x99f180, co=<optimized out>, args=<optimized out>, nargs=1, globals=<optimized out>) at Objects/call.c:330
#24 0x00007fdee9a6cd0f in _PyObject_VectorcallTstate (kwnames=0x0, nargsf=<optimized out>, args=0x7fdec5560740, callable=0x7fdee9237700, tstate=0x99f180) at ./Include/cpython/abstract.h:118
#25 PyObject_Vectorcall (kwnames=0x0, nargsf=<optimized out>, args=<optimized out>, callable=<optimized out>) at ./Include/cpython/abstract.h:127
#26 call_function (kwnames=0x0, oparg=<optimized out>, pp_stack=<synthetic pointer>, tstate=0x99f180) at Python/ceval.c:5077
#27 _PyEval_EvalFrameDefault (tstate=<optimized out>, f=<optimized out>, throwflag=<optimized out>) at Python/ceval.c:3506
#28 0x00007fdee9b9ea91 in _PyEval_EvalFrame (throwflag=0, f=0x7fdec55605b0, tstate=0x99f180) at ./Include/internal/pycore_ceval.h:40
#29 _PyEval_EvalCode (tstate=tstate
entry=0x99f180, _co=<optimized out>, globals=<optimized out>, locals=locals
entry=0x0, args=<optimized out>, argcount=1, kwnames=0x7fdee95682f8, kwargs=0x9f31b0, kwcount=1, kwstep=1, defs=0x7fdee29ca808, defcount=1, kwdefs=0x0, closure=0x0, name=0x7fdee93ca7f0, qualname=0x7fded09a16c0) at Python/ceval.c:4329
#30 0x00007fdee9ab769d in _PyFunction_Vectorcall (func=<optimized out>, stack=<optimized out>, nargsf=<optimized out>, kwnames=<optimized out>) at Objects/call.c:396
#31 0x00007fdee9aba198 in _PyObject_VectorcallTstate (kwnames=0x7fdee95682e0, nargsf=1, args=0x9f31a8, callable=0x7fded09a4f70, tstate=0x99f180) at ./Include/cpython/abstract.h:118
#32 method_vectorcall (method=<optimized out>, args=0x9f31b0, nargsf=<optimized out>, kwnames=0x7fdee95682e0) at Objects/classobject.c:53
#33 0x00007fdee9a6bde6 in _PyObject_VectorcallTstate (kwnames=0x7fdee95682e0, nargsf=9223372036854775808, args=0x9f31b0, callable=0x7fdec5572800, tstate=0x99f180) at ./Include/cpython/abstract.h:118
#34 PyObject_Vectorcall (kwnames=0x7fdee95682e0, nargsf=9223372036854775808, args=0x9f31b0, callable=<optimized out>) at ./Include/cpython/abstract.h:127
#35 call_function (kwnames=0x7fdee95682e0, oparg=<optimized out>, pp_stack=<synthetic pointer>, tstate=0x99f180) at Python/ceval.c:5077
#36 _PyEval_EvalFrameDefault (tstate=<optimized out>, f=<optimized out>, throwflag=<optimized out>) at Python/ceval.c:3537
#37 0x00007fdee9b9ea91 in _PyEval_EvalFrame (throwflag=0, f=0x9f3040, tstate=0x99f180) at ./Include/internal/pycore_ceval.h:40
#38 _PyEval_EvalCode (tstate=0x99f180, _co=_co
entry=0x7fdee95dd3a0, globals=globals
entry=0x7fdee95ff3c0, locals=locals
entry=0x7fdee95ff3c0, args=args
entry=0x0, argcount=argcount
entry=0, kwnames=0x0, kwargs=0x0, kwcount=0, kwstep=2, defs=0x0, defcount=0, kwdefs=0x0, closure=0x0, name=0x0, qualname=0x0) at Python/ceval.c:4329
#39 0x00007fdee9b9ee32 in _PyEval_EvalCodeWithName (_co=_co
entry=0x7fdee95dd3a0, globals=globals
entry=0x7fdee95ff3c0, locals=locals
entry=0x7fdee95ff3c0, args=args
entry=0x0, argcount=argcount
entry=0, kwnames=kwnames
entry=0x0, kwargs=0x0, kwcount=0, kwstep=2, defs=0x0, defcount=0, kwdefs=0x0, closure=0x0, name=0x0, qualname=0x0) at Python/ceval.c:4361
#40 0x00007fdee9b9ee7b in PyEval_EvalCodeEx (_co=_co
entry=0x7fdee95dd3a0, globals=globals
entry=0x7fdee95ff3c0, locals=locals
entry=0x7fdee95ff3c0, args=args
entry=0x0, argcount=argcount
entry=0, kws=kws
entry=0x0, kwcount=0, defs=0x0, defcount=0, kwdefs=0x0, closure=0x0) at Python/ceval.c:4377
#41 0x00007fdee9b9eeab in PyEval_EvalCode (co=co
entry=0x7fdee95dd3a0, globals=globals
entry=0x7fdee95ff3c0, locals=locals
entry=0x7fdee95ff3c0) at Python/ceval.c:828
#42 0x00007fdee9bde3a9 in run_eval_code_obj (locals=0x7fdee95ff3c0, globals=0x7fdee95ff3c0, co=0x7fdee95dd3a0, tstate=0x99f180) at Python/pythonrun.c:1221
#43 run_mod (mod=<optimized out>, filename=filename
entry=0x7fdee956a390, globals=globals
entry=0x7fdee95ff3c0, locals=locals
entry=0x7fdee95ff3c0, flags=flags
entry=0x7fff430a5098, arena=arena
entry=0x7fdee941afd0) at Python/pythonrun.c:1242
#44 0x00007fdee9bdfdf2 in pyrun_file (flags=0x7fff430a5098, closeit=1, locals=0x7fdee95ff3c0, globals=0x7fdee95ff3c0, start=257, filename=0x7fdee956a390, fp=0x9f20f0) at Python/pythonrun.c:1140
#45 pyrun_simple_file (flags=0x7fff430a5098, closeit=1, filename=0x7fdee956a390, fp=0x9f20f0) at Python/pythonrun.c:450
#46 PyRun_SimpleFileExFlags (fp=fp
entry=0x9f20f0, filename=<optimized out>, closeit=closeit
entry=1, flags=flags
entry=0x7fff430a5098) at Python/pythonrun.c:483
#47 0x00007fdee9be0453 in PyRun_AnyFileExFlags (fp=fp
entry=0x9f20f0, filename=<optimized out>, closeit=closeit
entry=1, flags=flags
entry=0x7fff430a5098) at Python/pythonrun.c:92
#48 0x00007fdee9bfde28 in pymain_run_file (cf=0x7fff430a5098, config=0x99cf60) at Modules/main.c:373
#49 pymain_run_python (exitcode=0x7fff430a5090) at Modules/main.c:598
#50 Py_RunMain () at Modules/main.c:677
#51 0x00007fdee9bfe347 in pymain_main (args=0x7fff430a5180) at Modules/main.c:707
#52 Py_BytesMain (argc=<optimized out>, argv=<optimized out>) at Modules/main.c:731
#53 0x00007fdee9745590 in __libc_start_call_main () from /lib64/libc.so.6
#54 0x00007fdee9745640 in __libc_start_main_impl () from /lib64/libc.so.6
#55 0x0000000000401075 in _start ()
===========================================================


The lines below might hint at the cause of the crash. If you see question
marks as part of the stack trace, try to recompile with debugging information
enabled and export CLING_DEBUG=1 environment variable before running.
You may get help by asking at the ROOT forum https://root.cern/forum
preferably using the command (.forum bug) in the ROOT prompt.
Only if you are really convinced it is a bug in ROOT then please submit a
report at https://root.cern/bugs or (preferably) using the command (.gh bug) in
the ROOT prompt. Please post the ENTIRE stack trace
from above as an attachment in addition to anything else
that might help us fixing this issue.
===========================================================
#6  0x00007fdec4f0364d in RooStats::ModelConfig::SetHasOnlyParameters(RooArgSet const&, char const*) () from /cvmfs/cms.cern.ch/el9_amd64_gcc12/lcg/root/6.30.07-8b1a11e1ef0e074fdfd44e162b27e71c/lib/libRooFitCore.so
#7  0x00007fdec4f09d30 in RooStats::ModelConfig::SetObservables(RooArgSet const&) () from /cvmfs/cms.cern.ch/el9_amd64_gcc12/lcg/root/6.30.07-8b1a11e1ef0e074fdfd44e162b27e71c/lib/libRooFitCore.so
#8  0x00007fdec3547013 in ?? ()
#9  0x0000000000000001 in ?? ()
#10 0x00007fdee914f078 in WrapperCall(long, unsigned long, void*, void*, void*) () from /cvmfs/cms.cern.ch/el9_amd64_gcc12/lcg/root/6.30.07-8b1a11e1ef0e074fdfd44e162b27e71c/lib/libcppyy_backend3_9.so
#11 0x00007fdee91d0e97 in CPyCppyy::(anonymous namespace)::VoidExecutor::Execute(long, void*, CPyCppyy::CallContext*) () from /cvmfs/cms.cern.ch/el9_amd64_gcc12/lcg/root/6.30.07-8b1a11e1ef0e074fdfd44e162b27e71c/lib/libcppyy3_9.so
#12 0x00007fdee91bcf87 in CPyCppyy::CPPMethod::ExecuteFast(void*, long, CPyCppyy::CallContext*) [clone .isra.0] () from /cvmfs/cms.cern.ch/el9_amd64_gcc12/lcg/root/6.30.07-8b1a11e1ef0e074fdfd44e162b27e71c/lib/libcppyy3_9.so
#13 0x00007fdee91be316 in CPyCppyy::CPPMethod::Execute(void*, long, CPyCppyy::CallContext*) () from /cvmfs/cms.cern.ch/el9_amd64_gcc12/lcg/root/6.30.07-8b1a11e1ef0e074fdfd44e162b27e71c/lib/libcppyy3_9.so
#14 0x00007fdee91bf0cf in CPyCppyy::CPPMethod::Call(CPyCppyy::CPPInstance*&, _object*, _object*, CPyCppyy::CallContext*) () from /cvmfs/cms.cern.ch/el9_amd64_gcc12/lcg/root/6.30.07-8b1a11e1ef0e074fdfd44e162b27e71c/lib/libcppyy3_9.so
#15 0x00007fdee91c3e9a in CPyCppyy::(anonymous namespace)::mp_call(CPyCppyy::CPPOverload*, _object*, _object*) () from /cvmfs/cms.cern.ch/el9_amd64_gcc12/lcg/root/6.30.07-8b1a11e1ef0e074fdfd44e162b27e71c/lib/libcppyy3_9.so
#16 0x00007fdee9ab786e in _PyObject_MakeTpCall (tstate=0x99f180, callable=callable
entry=0x7fdec5552a00, args=args
entry=0x8f8bde0, nargs=1, keywords=keywords
entry=0x0) at Objects/call.c:191
#17 0x00007fdee9a6e50a in _PyObject_VectorcallTstate (kwnames=0x0, nargsf=9223372036854775809, args=0x8f8bde0, callable=0x7fdec5552a00, tstate=<optimized out>) at ./Include/cpython/abstract.h:116
#18 _PyObject_VectorcallTstate (kwnames=0x0, nargsf=9223372036854775809, args=0x8f8bde0, callable=0x7fdec5552a00, tstate=<optimized out>) at ./Include/cpython/abstract.h:103
#19 PyObject_Vectorcall (kwnames=0x0, nargsf=9223372036854775809, args=<optimized out>, callable=0x7fdec5552a00) at ./Include/cpython/abstract.h:127
#20 call_function (kwnames=0x0, oparg=1, pp_stack=<synthetic pointer>, tstate=0x99f180) at Python/ceval.c:5077
#21 _PyEval_EvalFrameDefault (tstate=<optimized out>, f=<optimized out>, throwflag=<optimized out>) at Python/ceval.c:3489
#22 0x00007fdee9a659fb in _PyEval_EvalFrame (throwflag=0, f=0x8f8bc00, tstate=0x99f180) at ./Include/internal/pycore_ceval.h:40
#23 function_code_fastcall (tstate=0x99f180, co=<optimized out>, args=<optimized out>, nargs=1, globals=<optimized out>) at Objects/call.c:330
#24 0x00007fdee9a6cd0f in _PyObject_VectorcallTstate (kwnames=0x0, nargsf=<optimized out>, args=0x7fdec5560740, callable=0x7fdee9237700, tstate=0x99f180) at ./Include/cpython/abstract.h:118
#25 PyObject_Vectorcall (kwnames=0x0, nargsf=<optimized out>, args=<optimized out>, callable=<optimized out>) at ./Include/cpython/abstract.h:127
#26 call_function (kwnames=0x0, oparg=<optimized out>, pp_stack=<synthetic pointer>, tstate=0x99f180) at Python/ceval.c:5077
#27 _PyEval_EvalFrameDefault (tstate=<optimized out>, f=<optimized out>, throwflag=<optimized out>) at Python/ceval.c:3506
#28 0x00007fdee9b9ea91 in _PyEval_EvalFrame (throwflag=0, f=0x7fdec55605b0, tstate=0x99f180) at ./Include/internal/pycore_ceval.h:40
#29 _PyEval_EvalCode (tstate=tstate
entry=0x99f180, _co=<optimized out>, globals=<optimized out>, locals=locals
entry=0x0, args=<optimized out>, argcount=1, kwnames=0x7fdee95682f8, kwargs=0x9f31b0, kwcount=1, kwstep=1, defs=0x7fdee29ca808, defcount=1, kwdefs=0x0, closure=0x0, name=0x7fdee93ca7f0, qualname=0x7fded09a16c0) at Python/ceval.c:4329
#30 0x00007fdee9ab769d in _PyFunction_Vectorcall (func=<optimized out>, stack=<optimized out>, nargsf=<optimized out>, kwnames=<optimized out>) at Objects/call.c:396
#31 0x00007fdee9aba198 in _PyObject_VectorcallTstate (kwnames=0x7fdee95682e0, nargsf=1, args=0x9f31a8, callable=0x7fded09a4f70, tstate=0x99f180) at ./Include/cpython/abstract.h:118
#32 method_vectorcall (method=<optimized out>, args=0x9f31b0, nargsf=<optimized out>, kwnames=0x7fdee95682e0) at Objects/classobject.c:53
#33 0x00007fdee9a6bde6 in _PyObject_VectorcallTstate (kwnames=0x7fdee95682e0, nargsf=9223372036854775808, args=0x9f31b0, callable=0x7fdec5572800, tstate=0x99f180) at ./Include/cpython/abstract.h:118
#34 PyObject_Vectorcall (kwnames=0x7fdee95682e0, nargsf=9223372036854775808, args=0x9f31b0, callable=<optimized out>) at ./Include/cpython/abstract.h:127
#35 call_function (kwnames=0x7fdee95682e0, oparg=<optimized out>, pp_stack=<synthetic pointer>, tstate=0x99f180) at Python/ceval.c:5077
#36 _PyEval_EvalFrameDefault (tstate=<optimized out>, f=<optimized out>, throwflag=<optimized out>) at Python/ceval.c:3537
#37 0x00007fdee9b9ea91 in _PyEval_EvalFrame (throwflag=0, f=0x9f3040, tstate=0x99f180) at ./Include/internal/pycore_ceval.h:40
#38 _PyEval_EvalCode (tstate=0x99f180, _co=_co
entry=0x7fdee95dd3a0, globals=globals
entry=0x7fdee95ff3c0, locals=locals
entry=0x7fdee95ff3c0, args=args
entry=0x0, argcount=argcount
entry=0, kwnames=0x0, kwargs=0x0, kwcount=0, kwstep=2, defs=0x0, defcount=0, kwdefs=0x0, closure=0x0, name=0x0, qualname=0x0) at Python/ceval.c:4329
#39 0x00007fdee9b9ee32 in _PyEval_EvalCodeWithName (_co=_co
entry=0x7fdee95dd3a0, globals=globals
entry=0x7fdee95ff3c0, locals=locals
entry=0x7fdee95ff3c0, args=args
entry=0x0, argcount=argcount
entry=0, kwnames=kwnames
entry=0x0, kwargs=0x0, kwcount=0, kwstep=2, defs=0x0, defcount=0, kwdefs=0x0, closure=0x0, name=0x0, qualname=0x0) at Python/ceval.c:4361
#40 0x00007fdee9b9ee7b in PyEval_EvalCodeEx (_co=_co
entry=0x7fdee95dd3a0, globals=globals
entry=0x7fdee95ff3c0, locals=locals
entry=0x7fdee95ff3c0, args=args
entry=0x0, argcount=argcount
entry=0, kws=kws
entry=0x0, kwcount=0, defs=0x0, defcount=0, kwdefs=0x0, closure=0x0) at Python/ceval.c:4377
#41 0x00007fdee9b9eeab in PyEval_EvalCode (co=co
entry=0x7fdee95dd3a0, globals=globals
entry=0x7fdee95ff3c0, locals=locals
entry=0x7fdee95ff3c0) at Python/ceval.c:828
#42 0x00007fdee9bde3a9 in run_eval_code_obj (locals=0x7fdee95ff3c0, globals=0x7fdee95ff3c0, co=0x7fdee95dd3a0, tstate=0x99f180) at Python/pythonrun.c:1221
#43 run_mod (mod=<optimized out>, filename=filename
entry=0x7fdee956a390, globals=globals
entry=0x7fdee95ff3c0, locals=locals
entry=0x7fdee95ff3c0, flags=flags
entry=0x7fff430a5098, arena=arena
entry=0x7fdee941afd0) at Python/pythonrun.c:1242
#44 0x00007fdee9bdfdf2 in pyrun_file (flags=0x7fff430a5098, closeit=1, locals=0x7fdee95ff3c0, globals=0x7fdee95ff3c0, start=257, filename=0x7fdee956a390, fp=0x9f20f0) at Python/pythonrun.c:1140
#45 pyrun_simple_file (flags=0x7fff430a5098, closeit=1, filename=0x7fdee956a390, fp=0x9f20f0) at Python/pythonrun.c:450
#46 PyRun_SimpleFileExFlags (fp=fp
entry=0x9f20f0, filename=<optimized out>, closeit=closeit
entry=1, flags=flags
entry=0x7fff430a5098) at Python/pythonrun.c:483
#47 0x00007fdee9be0453 in PyRun_AnyFileExFlags (fp=fp
entry=0x9f20f0, filename=<optimized out>, closeit=closeit
entry=1, flags=flags
entry=0x7fff430a5098) at Python/pythonrun.c:92
#48 0x00007fdee9bfde28 in pymain_run_file (cf=0x7fff430a5098, config=0x99cf60) at Modules/main.c:373
#49 pymain_run_python (exitcode=0x7fff430a5090) at Modules/main.c:598
#50 Py_RunMain () at Modules/main.c:677
#51 0x00007fdee9bfe347 in pymain_main (args=0x7fff430a5180) at Modules/main.c:707
#52 Py_BytesMain (argc=<optimized out>, argv=<optimized out>) at Modules/main.c:731
#53 0x00007fdee9745590 in __libc_start_call_main () from /lib64/libc.so.6
#54 0x00007fdee9745640 in __libc_start_main_impl () from /lib64/libc.so.6
#55 0x0000000000401075 in _start ()
===========================================================


Error when running the combination:
	File /home/submit/lavezzo/SUEP/CMSSW_14_1_0_pre4/src/SUEPLimits/cards/WH_11_20_fixed_noShape/cards-SUEP_mS125.000_mPhi2.000_T2.000_modegeneric/combined.root does not exist

 ----------------- 

/tmp/submit_higgsCombineSUEP_mS125.000_mPhi3.000_T1.500_modegeneric.AsymptoticLimits.mH125.sh: line 20: warning: here-document at line 7 delimited by end-of-file (wanted `EOF')
Traceback (most recent call last):
  File "/home/submit/lavezzo/SUEP/CMSSW_14_1_0_pre4/bin/el9_amd64_gcc12/combineCards.py", line 162, in <module>
    file = open(fname, "r")
FileNotFoundError: [Errno 2] No such file or directory: 'cards-SUEP_mS125.000_mPhi3.000_T1.500_modegeneric/shapes-GJHScrA2018.dat'
 *** Break *** segmentation violation



===========================================================
There was a crash.
This is the entire stack trace of all threads:
===========================================================

Thread 9 (Thread 0x7f555da43640 (LWP 1456065) "python3"):
#0  0x00007f55801a279a in __futex_abstimed_wait_common () from /lib64/libc.so.6
#1  0x00007f55801a4fa0 in pthread_cond_wait

GLIBC_2.3.2 () from /lib64/libc.so.6
#2  0x00007f55612ef04f in th_worker (tidptr=<optimized out>) at numexpr/module.cpp:60
#3  0x00007f55801a5c02 in start_thread () from /lib64/libc.so.6
#4  0x00007f558022ac40 in clone3 () from /lib64/libc.so.6

Thread 8 (Thread 0x7f555e244640 (LWP 1456054) "python3"):
#0  0x00007f55801a279a in __futex_abstimed_wait_common () from /lib64/libc.so.6
#1  0x00007f55801a4fa0 in pthread_cond_wait

GLIBC_2.3.2 () from /lib64/libc.so.6
#2  0x00007f55612ef04f in th_worker (tidptr=<optimized out>) at numexpr/module.cpp:60
#3  0x00007f55801a5c02 in start_thread () from /lib64/libc.so.6
#4  0x00007f558022ac40 in clone3 () from /lib64/libc.so.6

Thread 7 (Thread 0x7f555ea45640 (LWP 1456046) "python3"):
#0  0x00007f55801a279a in __futex_abstimed_wait_common () from /lib64/libc.so.6
#1  0x00007f55801a4fa0 in pthread_cond_wait

GLIBC_2.3.2 () from /lib64/libc.so.6
#2  0x00007f55612ef04f in th_worker (tidptr=<optimized out>) at numexpr/module.cpp:60
#3  0x00007f55801a5c02 in start_thread () from /lib64/libc.so.6
#4  0x00007f558022ac40 in clone3 () from /lib64/libc.so.6

Thread 6 (Thread 0x7f555f246640 (LWP 1456035) "python3"):
#0  0x00007f55801a279a in __futex_abstimed_wait_common () from /lib64/libc.so.6
#1  0x00007f55801a4fa0 in pthread_cond_wait

GLIBC_2.3.2 () from /lib64/libc.so.6
#2  0x00007f55612ef04f in th_worker (tidptr=<optimized out>) at numexpr/module.cpp:60
#3  0x00007f55801a5c02 in start_thread () from /lib64/libc.so.6
#4  0x00007f558022ac40 in clone3 () from /lib64/libc.so.6

Thread 5 (Thread 0x7f555fa47640 (LWP 1456025) "python3"):
#0  0x00007f55801a279a in __futex_abstimed_wait_common () from /lib64/libc.so.6
#1  0x00007f55801a4fa0 in pthread_cond_wait

GLIBC_2.3.2 () from /lib64/libc.so.6
#2  0x00007f55612ef04f in th_worker (tidptr=<optimized out>) at numexpr/module.cpp:60
#3  0x00007f55801a5c02 in start_thread () from /lib64/libc.so.6
#4  0x00007f558022ac40 in clone3 () from /lib64/libc.so.6

Thread 4 (Thread 0x7f5560248640 (LWP 1456015) "python3"):
#0  0x00007f55801a279a in __futex_abstimed_wait_common () from /lib64/libc.so.6
#1  0x00007f55801a4fa0 in pthread_cond_wait

GLIBC_2.3.2 () from /lib64/libc.so.6
#2  0x00007f55612ef04f in th_worker (tidptr=<optimized out>) at numexpr/module.cpp:60
#3  0x00007f55801a5c02 in start_thread () from /lib64/libc.so.6
#4  0x00007f558022ac40 in clone3 () from /lib64/libc.so.6

Thread 3 (Thread 0x7f5560a49640 (LWP 1456006) "python3"):
#0  0x00007f55801a279a in __futex_abstimed_wait_common () from /lib64/libc.so.6
#1  0x00007f55801a4fa0 in pthread_cond_wait

GLIBC_2.3.2 () from /lib64/libc.so.6
#2  0x00007f55612ef04f in th_worker (tidptr=<optimized out>) at numexpr/module.cpp:60
#3  0x00007f55801a5c02 in start_thread () from /lib64/libc.so.6
#4  0x00007f558022ac40 in clone3 () from /lib64/libc.so.6

Thread 2 (Thread 0x7f556124a640 (LWP 1455998) "python3"):
#0  0x00007f55801a279a in __futex_abstimed_wait_common () from /lib64/libc.so.6
#1  0x00007f55801a4fa0 in pthread_cond_wait

GLIBC_2.3.2 () from /lib64/libc.so.6
#2  0x00007f55612ef04f in th_worker (tidptr=<optimized out>) at numexpr/module.cpp:60
#3  0x00007f55801a5c02 in start_thread () from /lib64/libc.so.6
#4  0x00007f558022ac40 in clone3 () from /lib64/libc.so.6

Thread 1 (Thread 0x7f5580883740 (LWP 1449405) "python3"):
#0  0x00007f55801f4a3f in wait4 () from /lib64/libc.so.6
#1  0x00007f5580167243 in do_system () from /lib64/libc.so.6
#2  0x00007f557f96743d in TUnixSystem::StackTrace() () from /cvmfs/cms.cern.ch/el9_amd64_gcc12/lcg/root/6.30.07-8b1a11e1ef0e074fdfd44e162b27e71c/lib/libCore.so
#3  0x00007f557fc0e5a3 in (anonymous namespace)::TExceptionHandlerImp::HandleException(int) () from /cvmfs/cms.cern.ch/el9_amd64_gcc12/lcg/root/6.30.07-8b1a11e1ef0e074fdfd44e162b27e71c/lib/libcppyy_backend3_9.so
#4  0x00007f557f966c71 in TUnixSystem::DispatchSignals(ESignals) () from /cvmfs/cms.cern.ch/el9_amd64_gcc12/lcg/root/6.30.07-8b1a11e1ef0e074fdfd44e162b27e71c/lib/libCore.so
#5  <signal handler called>
#6  0x00007f555bb0364d in RooStats::ModelConfig::SetHasOnlyParameters(RooArgSet const&, char const*) () from /cvmfs/cms.cern.ch/el9_amd64_gcc12/lcg/root/6.30.07-8b1a11e1ef0e074fdfd44e162b27e71c/lib/libRooFitCore.so
#7  0x00007f555bb09d30 in RooStats::ModelConfig::SetObservables(RooArgSet const&) () from /cvmfs/cms.cern.ch/el9_amd64_gcc12/lcg/root/6.30.07-8b1a11e1ef0e074fdfd44e162b27e71c/lib/libRooFitCore.so
#8  0x00007f555b46c013 in ?? ()
#9  0x0000000000000001 in ?? ()
#10 0x00007f557fc0f078 in WrapperCall(long, unsigned long, void*, void*, void*) () from /cvmfs/cms.cern.ch/el9_amd64_gcc12/lcg/root/6.30.07-8b1a11e1ef0e074fdfd44e162b27e71c/lib/libcppyy_backend3_9.so
#11 0x00007f557fc90e97 in CPyCppyy::(anonymous namespace)::VoidExecutor::Execute(long, void*, CPyCppyy::CallContext*) () from /cvmfs/cms.cern.ch/el9_amd64_gcc12/lcg/root/6.30.07-8b1a11e1ef0e074fdfd44e162b27e71c/lib/libcppyy3_9.so
#12 0x00007f557fc7cf87 in CPyCppyy::CPPMethod::ExecuteFast(void*, long, CPyCppyy::CallContext*) [clone .isra.0] () from /cvmfs/cms.cern.ch/el9_amd64_gcc12/lcg/root/6.30.07-8b1a11e1ef0e074fdfd44e162b27e71c/lib/libcppyy3_9.so
#13 0x00007f557fc7e316 in CPyCppyy::CPPMethod::Execute(void*, long, CPyCppyy::CallContext*) () from /cvmfs/cms.cern.ch/el9_amd64_gcc12/lcg/root/6.30.07-8b1a11e1ef0e074fdfd44e162b27e71c/lib/libcppyy3_9.so
#14 0x00007f557fc7f0cf in CPyCppyy::CPPMethod::Call(CPyCppyy::CPPInstance*&, _object*, _object*, CPyCppyy::CallContext*) () from /cvmfs/cms.cern.ch/el9_amd64_gcc12/lcg/root/6.30.07-8b1a11e1ef0e074fdfd44e162b27e71c/lib/libcppyy3_9.so
#15 0x00007f557fc83e9a in CPyCppyy::(anonymous namespace)::mp_call(CPyCppyy::CPPOverload*, _object*, _object*) () from /cvmfs/cms.cern.ch/el9_amd64_gcc12/lcg/root/6.30.07-8b1a11e1ef0e074fdfd44e162b27e71c/lib/libcppyy3_9.so
#16 0x00007f55804b786e in _PyObject_MakeTpCall (tstate=0x6c4180, callable=callable
entry=0x7f555c003a00, args=args
entry=0x8dea720, nargs=1, keywords=keywords
entry=0x0) at Objects/call.c:191
#17 0x00007f558046e50a in _PyObject_VectorcallTstate (kwnames=0x0, nargsf=9223372036854775809, args=0x8dea720, callable=0x7f555c003a00, tstate=<optimized out>) at ./Include/cpython/abstract.h:116
#18 _PyObject_VectorcallTstate (kwnames=0x0, nargsf=9223372036854775809, args=0x8dea720, callable=0x7f555c003a00, tstate=<optimized out>) at ./Include/cpython/abstract.h:103
#19 PyObject_Vectorcall (kwnames=0x0, nargsf=9223372036854775809, args=<optimized out>, callable=0x7f555c003a00) at ./Include/cpython/abstract.h:127
#20 call_function (kwnames=0x0, oparg=1, pp_stack=<synthetic pointer>, tstate=0x6c4180) at Python/ceval.c:5077
#21 _PyEval_EvalFrameDefault (tstate=<optimized out>, f=<optimized out>, throwflag=<optimized out>) at Python/ceval.c:3489
#22 0x00007f55804659fb in _PyEval_EvalFrame (throwflag=0, f=0x8dea540, tstate=0x6c4180) at ./Include/internal/pycore_ceval.h:40
#23 function_code_fastcall (tstate=0x6c4180, co=<optimized out>, args=<optimized out>, nargs=1, globals=<optimized out>) at Objects/call.c:330
#24 0x00007f558046cd0f in _PyObject_VectorcallTstate (kwnames=0x0, nargsf=<optimized out>, args=0x7f555c011740, callable=0x7f557fcf7700, tstate=0x6c4180) at ./Include/cpython/abstract.h:118
#25 PyObject_Vectorcall (kwnames=0x0, nargsf=<optimized out>, args=<optimized out>, callable=<optimized out>) at ./Include/cpython/abstract.h:127
#26 call_function (kwnames=0x0, oparg=<optimized out>, pp_stack=<synthetic pointer>, tstate=0x6c4180) at Python/ceval.c:5077
#27 _PyEval_EvalFrameDefault (tstate=<optimized out>, f=<optimized out>, throwflag=<optimized out>) at Python/ceval.c:3506
#28 0x00007f558059ea91 in _PyEval_EvalFrame (throwflag=0, f=0x7f555c0115b0, tstate=0x6c4180) at ./Include/internal/pycore_ceval.h:40
#29 _PyEval_EvalCode (tstate=tstate
entry=0x6c4180, _co=<optimized out>, globals=<optimized out>, locals=locals
entry=0x0, args=<optimized out>, argcount=1, kwnames=0x7f55800282f8, kwargs=0x7181b0, kwcount=1, kwstep=1, defs=0x7f55793f7808, defcount=1, kwdefs=0x0, closure=0x0, name=0x7f557fe8a7b0, qualname=0x7f556a5ad620) at Python/ceval.c:4329
#30 0x00007f55804b769d in _PyFunction_Vectorcall (func=<optimized out>, stack=<optimized out>, nargsf=<optimized out>, kwnames=<optimized out>) at Objects/call.c:396
#31 0x00007f55804ba198 in _PyObject_VectorcallTstate (kwnames=0x7f55800282e0, nargsf=1, args=0x7181a8, callable=0x7f556a5aff70, tstate=0x6c4180) at ./Include/cpython/abstract.h:118
#32 method_vectorcall (method=<optimized out>, args=0x7181b0, nargsf=<optimized out>, kwnames=0x7f55800282e0) at Objects/classobject.c:53
#33 0x00007f558046bde6 in _PyObject_VectorcallTstate (kwnames=0x7f55800282e0, nargsf=9223372036854775808, args=0x7181b0, callable=0x7f555c49aa80, tstate=0x6c4180) at ./Include/cpython/abstract.h:118
#34 PyObject_Vectorcall (kwnames=0x7f55800282e0, nargsf=9223372036854775808, args=0x7181b0, callable=<optimized out>) at ./Include/cpython/abstract.h:127
#35 call_function (kwnames=0x7f55800282e0, oparg=<optimized out>, pp_stack=<synthetic pointer>, tstate=0x6c4180) at Python/ceval.c:5077
#36 _PyEval_EvalFrameDefault (tstate=<optimized out>, f=<optimized out>, throwflag=<optimized out>) at Python/ceval.c:3537
#37 0x00007f558059ea91 in _PyEval_EvalFrame (throwflag=0, f=0x718040, tstate=0x6c4180) at ./Include/internal/pycore_ceval.h:40
#38 _PyEval_EvalCode (tstate=0x6c4180, _co=_co
entry=0x7f558009d3a0, globals=globals
entry=0x7f55800bf3c0, locals=locals
entry=0x7f55800bf3c0, args=args
entry=0x0, argcount=argcount
entry=0, kwnames=0x0, kwargs=0x0, kwcount=0, kwstep=2, defs=0x0, defcount=0, kwdefs=0x0, closure=0x0, name=0x0, qualname=0x0) at Python/ceval.c:4329
#39 0x00007f558059ee32 in _PyEval_EvalCodeWithName (_co=_co
entry=0x7f558009d3a0, globals=globals
entry=0x7f55800bf3c0, locals=locals
entry=0x7f55800bf3c0, args=args
entry=0x0, argcount=argcount
entry=0, kwnames=kwnames
entry=0x0, kwargs=0x0, kwcount=0, kwstep=2, defs=0x0, defcount=0, kwdefs=0x0, closure=0x0, name=0x0, qualname=0x0) at Python/ceval.c:4361
#40 0x00007f558059ee7b in PyEval_EvalCodeEx (_co=_co
entry=0x7f558009d3a0, globals=globals
entry=0x7f55800bf3c0, locals=locals
entry=0x7f55800bf3c0, args=args
entry=0x0, argcount=argcount
entry=0, kws=kws
entry=0x0, kwcount=0, defs=0x0, defcount=0, kwdefs=0x0, closure=0x0) at Python/ceval.c:4377
#41 0x00007f558059eeab in PyEval_EvalCode (co=co
entry=0x7f558009d3a0, globals=globals
entry=0x7f55800bf3c0, locals=locals
entry=0x7f55800bf3c0) at Python/ceval.c:828
#42 0x00007f55805de3a9 in run_eval_code_obj (locals=0x7f55800bf3c0, globals=0x7f55800bf3c0, co=0x7f558009d3a0, tstate=0x6c4180) at Python/pythonrun.c:1221
#43 run_mod (mod=<optimized out>, filename=filename
entry=0x7f558002a390, globals=globals
entry=0x7f55800bf3c0, locals=locals
entry=0x7f55800bf3c0, flags=flags
entry=0x7fff1ce390e8, arena=arena
entry=0x7f557fedafd0) at Python/pythonrun.c:1242
#44 0x00007f55805dfdf2 in pyrun_file (flags=0x7fff1ce390e8, closeit=1, locals=0x7f55800bf3c0, globals=0x7f55800bf3c0, start=257, filename=0x7f558002a390, fp=0x7170f0) at Python/pythonrun.c:1140
#45 pyrun_simple_file (flags=0x7fff1ce390e8, closeit=1, filename=0x7f558002a390, fp=0x7170f0) at Python/pythonrun.c:450
#46 PyRun_SimpleFileExFlags (fp=fp
entry=0x7170f0, filename=<optimized out>, closeit=closeit
entry=1, flags=flags
entry=0x7fff1ce390e8) at Python/pythonrun.c:483
#47 0x00007f55805e0453 in PyRun_AnyFileExFlags (fp=fp
entry=0x7170f0, filename=<optimized out>, closeit=closeit
entry=1, flags=flags
entry=0x7fff1ce390e8) at Python/pythonrun.c:92
#48 0x00007f55805fde28 in pymain_run_file (cf=0x7fff1ce390e8, config=0x6c1f60) at Modules/main.c:373
#49 pymain_run_python (exitcode=0x7fff1ce390e0) at Modules/main.c:598
#50 Py_RunMain () at Modules/main.c:677
#51 0x00007f55805fe347 in pymain_main (args=0x7fff1ce391d0) at Modules/main.c:707
#52 Py_BytesMain (argc=<optimized out>, argv=<optimized out>) at Modules/main.c:731
#53 0x00007f5580145590 in __libc_start_call_main () from /lib64/libc.so.6
#54 0x00007f5580145640 in __libc_start_main_impl () from /lib64/libc.so.6
#55 0x0000000000401075 in _start ()
===========================================================


The lines below might hint at the cause of the crash. If you see question
marks as part of the stack trace, try to recompile with debugging information
enabled and export CLING_DEBUG=1 environment variable before running.
You may get help by asking at the ROOT forum https://root.cern/forum
preferably using the command (.forum bug) in the ROOT prompt.
Only if you are really convinced it is a bug in ROOT then please submit a
report at https://root.cern/bugs or (preferably) using the command (.gh bug) in
the ROOT prompt. Please post the ENTIRE stack trace
from above as an attachment in addition to anything else
that might help us fixing this issue.
===========================================================
#6  0x00007f555bb0364d in RooStats::ModelConfig::SetHasOnlyParameters(RooArgSet const&, char const*) () from /cvmfs/cms.cern.ch/el9_amd64_gcc12/lcg/root/6.30.07-8b1a11e1ef0e074fdfd44e162b27e71c/lib/libRooFitCore.so
#7  0x00007f555bb09d30 in RooStats::ModelConfig::SetObservables(RooArgSet const&) () from /cvmfs/cms.cern.ch/el9_amd64_gcc12/lcg/root/6.30.07-8b1a11e1ef0e074fdfd44e162b27e71c/lib/libRooFitCore.so
#8  0x00007f555b46c013 in ?? ()
#9  0x0000000000000001 in ?? ()
#10 0x00007f557fc0f078 in WrapperCall(long, unsigned long, void*, void*, void*) () from /cvmfs/cms.cern.ch/el9_amd64_gcc12/lcg/root/6.30.07-8b1a11e1ef0e074fdfd44e162b27e71c/lib/libcppyy_backend3_9.so
#11 0x00007f557fc90e97 in CPyCppyy::(anonymous namespace)::VoidExecutor::Execute(long, void*, CPyCppyy::CallContext*) () from /cvmfs/cms.cern.ch/el9_amd64_gcc12/lcg/root/6.30.07-8b1a11e1ef0e074fdfd44e162b27e71c/lib/libcppyy3_9.so
#12 0x00007f557fc7cf87 in CPyCppyy::CPPMethod::ExecuteFast(void*, long, CPyCppyy::CallContext*) [clone .isra.0] () from /cvmfs/cms.cern.ch/el9_amd64_gcc12/lcg/root/6.30.07-8b1a11e1ef0e074fdfd44e162b27e71c/lib/libcppyy3_9.so
#13 0x00007f557fc7e316 in CPyCppyy::CPPMethod::Execute(void*, long, CPyCppyy::CallContext*) () from /cvmfs/cms.cern.ch/el9_amd64_gcc12/lcg/root/6.30.07-8b1a11e1ef0e074fdfd44e162b27e71c/lib/libcppyy3_9.so
#14 0x00007f557fc7f0cf in CPyCppyy::CPPMethod::Call(CPyCppyy::CPPInstance*&, _object*, _object*, CPyCppyy::CallContext*) () from /cvmfs/cms.cern.ch/el9_amd64_gcc12/lcg/root/6.30.07-8b1a11e1ef0e074fdfd44e162b27e71c/lib/libcppyy3_9.so
#15 0x00007f557fc83e9a in CPyCppyy::(anonymous namespace)::mp_call(CPyCppyy::CPPOverload*, _object*, _object*) () from /cvmfs/cms.cern.ch/el9_amd64_gcc12/lcg/root/6.30.07-8b1a11e1ef0e074fdfd44e162b27e71c/lib/libcppyy3_9.so
#16 0x00007f55804b786e in _PyObject_MakeTpCall (tstate=0x6c4180, callable=callable
entry=0x7f555c003a00, args=args
entry=0x8dea720, nargs=1, keywords=keywords
entry=0x0) at Objects/call.c:191
#17 0x00007f558046e50a in _PyObject_VectorcallTstate (kwnames=0x0, nargsf=9223372036854775809, args=0x8dea720, callable=0x7f555c003a00, tstate=<optimized out>) at ./Include/cpython/abstract.h:116
#18 _PyObject_VectorcallTstate (kwnames=0x0, nargsf=9223372036854775809, args=0x8dea720, callable=0x7f555c003a00, tstate=<optimized out>) at ./Include/cpython/abstract.h:103
#19 PyObject_Vectorcall (kwnames=0x0, nargsf=9223372036854775809, args=<optimized out>, callable=0x7f555c003a00) at ./Include/cpython/abstract.h:127
#20 call_function (kwnames=0x0, oparg=1, pp_stack=<synthetic pointer>, tstate=0x6c4180) at Python/ceval.c:5077
#21 _PyEval_EvalFrameDefault (tstate=<optimized out>, f=<optimized out>, throwflag=<optimized out>) at Python/ceval.c:3489
#22 0x00007f55804659fb in _PyEval_EvalFrame (throwflag=0, f=0x8dea540, tstate=0x6c4180) at ./Include/internal/pycore_ceval.h:40
#23 function_code_fastcall (tstate=0x6c4180, co=<optimized out>, args=<optimized out>, nargs=1, globals=<optimized out>) at Objects/call.c:330
#24 0x00007f558046cd0f in _PyObject_VectorcallTstate (kwnames=0x0, nargsf=<optimized out>, args=0x7f555c011740, callable=0x7f557fcf7700, tstate=0x6c4180) at ./Include/cpython/abstract.h:118
#25 PyObject_Vectorcall (kwnames=0x0, nargsf=<optimized out>, args=<optimized out>, callable=<optimized out>) at ./Include/cpython/abstract.h:127
#26 call_function (kwnames=0x0, oparg=<optimized out>, pp_stack=<synthetic pointer>, tstate=0x6c4180) at Python/ceval.c:5077
#27 _PyEval_EvalFrameDefault (tstate=<optimized out>, f=<optimized out>, throwflag=<optimized out>) at Python/ceval.c:3506
#28 0x00007f558059ea91 in _PyEval_EvalFrame (throwflag=0, f=0x7f555c0115b0, tstate=0x6c4180) at ./Include/internal/pycore_ceval.h:40
#29 _PyEval_EvalCode (tstate=tstate
entry=0x6c4180, _co=<optimized out>, globals=<optimized out>, locals=locals
entry=0x0, args=<optimized out>, argcount=1, kwnames=0x7f55800282f8, kwargs=0x7181b0, kwcount=1, kwstep=1, defs=0x7f55793f7808, defcount=1, kwdefs=0x0, closure=0x0, name=0x7f557fe8a7b0, qualname=0x7f556a5ad620) at Python/ceval.c:4329
#30 0x00007f55804b769d in _PyFunction_Vectorcall (func=<optimized out>, stack=<optimized out>, nargsf=<optimized out>, kwnames=<optimized out>) at Objects/call.c:396
#31 0x00007f55804ba198 in _PyObject_VectorcallTstate (kwnames=0x7f55800282e0, nargsf=1, args=0x7181a8, callable=0x7f556a5aff70, tstate=0x6c4180) at ./Include/cpython/abstract.h:118
#32 method_vectorcall (method=<optimized out>, args=0x7181b0, nargsf=<optimized out>, kwnames=0x7f55800282e0) at Objects/classobject.c:53
#33 0x00007f558046bde6 in _PyObject_VectorcallTstate (kwnames=0x7f55800282e0, nargsf=9223372036854775808, args=0x7181b0, callable=0x7f555c49aa80, tstate=0x6c4180) at ./Include/cpython/abstract.h:118
#34 PyObject_Vectorcall (kwnames=0x7f55800282e0, nargsf=9223372036854775808, args=0x7181b0, callable=<optimized out>) at ./Include/cpython/abstract.h:127
#35 call_function (kwnames=0x7f55800282e0, oparg=<optimized out>, pp_stack=<synthetic pointer>, tstate=0x6c4180) at Python/ceval.c:5077
#36 _PyEval_EvalFrameDefault (tstate=<optimized out>, f=<optimized out>, throwflag=<optimized out>) at Python/ceval.c:3537
#37 0x00007f558059ea91 in _PyEval_EvalFrame (throwflag=0, f=0x718040, tstate=0x6c4180) at ./Include/internal/pycore_ceval.h:40
#38 _PyEval_EvalCode (tstate=0x6c4180, _co=_co
entry=0x7f558009d3a0, globals=globals
entry=0x7f55800bf3c0, locals=locals
entry=0x7f55800bf3c0, args=args
entry=0x0, argcount=argcount
entry=0, kwnames=0x0, kwargs=0x0, kwcount=0, kwstep=2, defs=0x0, defcount=0, kwdefs=0x0, closure=0x0, name=0x0, qualname=0x0) at Python/ceval.c:4329
#39 0x00007f558059ee32 in _PyEval_EvalCodeWithName (_co=_co
entry=0x7f558009d3a0, globals=globals
entry=0x7f55800bf3c0, locals=locals
entry=0x7f55800bf3c0, args=args
entry=0x0, argcount=argcount
entry=0, kwnames=kwnames
entry=0x0, kwargs=0x0, kwcount=0, kwstep=2, defs=0x0, defcount=0, kwdefs=0x0, closure=0x0, name=0x0, qualname=0x0) at Python/ceval.c:4361
#40 0x00007f558059ee7b in PyEval_EvalCodeEx (_co=_co
entry=0x7f558009d3a0, globals=globals
entry=0x7f55800bf3c0, locals=locals
entry=0x7f55800bf3c0, args=args
entry=0x0, argcount=argcount
entry=0, kws=kws
entry=0x0, kwcount=0, defs=0x0, defcount=0, kwdefs=0x0, closure=0x0) at Python/ceval.c:4377
#41 0x00007f558059eeab in PyEval_EvalCode (co=co
entry=0x7f558009d3a0, globals=globals
entry=0x7f55800bf3c0, locals=locals
entry=0x7f55800bf3c0) at Python/ceval.c:828
#42 0x00007f55805de3a9 in run_eval_code_obj (locals=0x7f55800bf3c0, globals=0x7f55800bf3c0, co=0x7f558009d3a0, tstate=0x6c4180) at Python/pythonrun.c:1221
#43 run_mod (mod=<optimized out>, filename=filename
entry=0x7f558002a390, globals=globals
entry=0x7f55800bf3c0, locals=locals
entry=0x7f55800bf3c0, flags=flags
entry=0x7fff1ce390e8, arena=arena
entry=0x7f557fedafd0) at Python/pythonrun.c:1242
#44 0x00007f55805dfdf2 in pyrun_file (flags=0x7fff1ce390e8, closeit=1, locals=0x7f55800bf3c0, globals=0x7f55800bf3c0, start=257, filename=0x7f558002a390, fp=0x7170f0) at Python/pythonrun.c:1140
#45 pyrun_simple_file (flags=0x7fff1ce390e8, closeit=1, filename=0x7f558002a390, fp=0x7170f0) at Python/pythonrun.c:450
#46 PyRun_SimpleFileExFlags (fp=fp
entry=0x7170f0, filename=<optimized out>, closeit=closeit
entry=1, flags=flags
entry=0x7fff1ce390e8) at Python/pythonrun.c:483
#47 0x00007f55805e0453 in PyRun_AnyFileExFlags (fp=fp
entry=0x7170f0, filename=<optimized out>, closeit=closeit
entry=1, flags=flags
entry=0x7fff1ce390e8) at Python/pythonrun.c:92
#48 0x00007f55805fde28 in pymain_run_file (cf=0x7fff1ce390e8, config=0x6c1f60) at Modules/main.c:373
#49 pymain_run_python (exitcode=0x7fff1ce390e0) at Modules/main.c:598
#50 Py_RunMain () at Modules/main.c:677
#51 0x00007f55805fe347 in pymain_main (args=0x7fff1ce391d0) at Modules/main.c:707
#52 Py_BytesMain (argc=<optimized out>, argv=<optimized out>) at Modules/main.c:731
#53 0x00007f5580145590 in __libc_start_call_main () from /lib64/libc.so.6
#54 0x00007f5580145640 in __libc_start_main_impl () from /lib64/libc.so.6
#55 0x0000000000401075 in _start ()
===========================================================


 *** Break *** segmentation violation



===========================================================
There was a crash.
This is the entire stack trace of all threads:
===========================================================

Thread 9 (Thread 0x7f555da43640 (LWP 1456065) "python3"):
#0  0x00007f55801a279a in __futex_abstimed_wait_common () from /lib64/libc.so.6
#1  0x00007f55801a4fa0 in pthread_cond_wait

GLIBC_2.3.2 () from /lib64/libc.so.6
#2  0x00007f55612ef04f in th_worker (tidptr=<optimized out>) at numexpr/module.cpp:60
#3  0x00007f55801a5c02 in start_thread () from /lib64/libc.so.6
#4  0x00007f558022ac40 in clone3 () from /lib64/libc.so.6

Thread 8 (Thread 0x7f555e244640 (LWP 1456054) "python3"):
#0  0x00007f55801a279a in __futex_abstimed_wait_common () from /lib64/libc.so.6
#1  0x00007f55801a4fa0 in pthread_cond_wait

GLIBC_2.3.2 () from /lib64/libc.so.6
#2  0x00007f55612ef04f in th_worker (tidptr=<optimized out>) at numexpr/module.cpp:60
#3  0x00007f55801a5c02 in start_thread () from /lib64/libc.so.6
#4  0x00007f558022ac40 in clone3 () from /lib64/libc.so.6

Thread 7 (Thread 0x7f555ea45640 (LWP 1456046) "python3"):
#0  0x00007f55801a279a in __futex_abstimed_wait_common () from /lib64/libc.so.6
#1  0x00007f55801a4fa0 in pthread_cond_wait

GLIBC_2.3.2 () from /lib64/libc.so.6
#2  0x00007f55612ef04f in th_worker (tidptr=<optimized out>) at numexpr/module.cpp:60
#3  0x00007f55801a5c02 in start_thread () from /lib64/libc.so.6
#4  0x00007f558022ac40 in clone3 () from /lib64/libc.so.6

Thread 6 (Thread 0x7f555f246640 (LWP 1456035) "python3"):
#0  0x00007f55801a279a in __futex_abstimed_wait_common () from /lib64/libc.so.6
#1  0x00007f55801a4fa0 in pthread_cond_wait

GLIBC_2.3.2 () from /lib64/libc.so.6
#2  0x00007f55612ef04f in th_worker (tidptr=<optimized out>) at numexpr/module.cpp:60
#3  0x00007f55801a5c02 in start_thread () from /lib64/libc.so.6
#4  0x00007f558022ac40 in clone3 () from /lib64/libc.so.6

Thread 5 (Thread 0x7f555fa47640 (LWP 1456025) "python3"):
#0  0x00007f55801a279a in __futex_abstimed_wait_common () from /lib64/libc.so.6
#1  0x00007f55801a4fa0 in pthread_cond_wait

GLIBC_2.3.2 () from /lib64/libc.so.6
#2  0x00007f55612ef04f in th_worker (tidptr=<optimized out>) at numexpr/module.cpp:60
#3  0x00007f55801a5c02 in start_thread () from /lib64/libc.so.6
#4  0x00007f558022ac40 in clone3 () from /lib64/libc.so.6

Thread 4 (Thread 0x7f5560248640 (LWP 1456015) "python3"):
#0  0x00007f55801a279a in __futex_abstimed_wait_common () from /lib64/libc.so.6
#1  0x00007f55801a4fa0 in pthread_cond_wait

GLIBC_2.3.2 () from /lib64/libc.so.6
#2  0x00007f55612ef04f in th_worker (tidptr=<optimized out>) at numexpr/module.cpp:60
#3  0x00007f55801a5c02 in start_thread () from /lib64/libc.so.6
#4  0x00007f558022ac40 in clone3 () from /lib64/libc.so.6

Thread 3 (Thread 0x7f5560a49640 (LWP 1456006) "python3"):
#0  0x00007f55801a279a in __futex_abstimed_wait_common () from /lib64/libc.so.6
#1  0x00007f55801a4fa0 in pthread_cond_wait

GLIBC_2.3.2 () from /lib64/libc.so.6
#2  0x00007f55612ef04f in th_worker (tidptr=<optimized out>) at numexpr/module.cpp:60
#3  0x00007f55801a5c02 in start_thread () from /lib64/libc.so.6
#4  0x00007f558022ac40 in clone3 () from /lib64/libc.so.6

Thread 2 (Thread 0x7f556124a640 (LWP 1455998) "python3"):
#0  0x00007f55801a279a in __futex_abstimed_wait_common () from /lib64/libc.so.6
#1  0x00007f55801a4fa0 in pthread_cond_wait

GLIBC_2.3.2 () from /lib64/libc.so.6
#2  0x00007f55612ef04f in th_worker (tidptr=<optimized out>) at numexpr/module.cpp:60
#3  0x00007f55801a5c02 in start_thread () from /lib64/libc.so.6
#4  0x00007f558022ac40 in clone3 () from /lib64/libc.so.6

Thread 1 (Thread 0x7f5580883740 (LWP 1449405) "python3"):
#0  0x00007f55801f4a3f in wait4 () from /lib64/libc.so.6
#1  0x00007f5580167243 in do_system () from /lib64/libc.so.6
#2  0x00007f557f96743d in TUnixSystem::StackTrace() () from /cvmfs/cms.cern.ch/el9_amd64_gcc12/lcg/root/6.30.07-8b1a11e1ef0e074fdfd44e162b27e71c/lib/libCore.so
#3  0x00007f557fc0e423 in (anonymous namespace)::TExceptionHandlerImp::HandleException(int) () from /cvmfs/cms.cern.ch/el9_amd64_gcc12/lcg/root/6.30.07-8b1a11e1ef0e074fdfd44e162b27e71c/lib/libcppyy_backend3_9.so
#4  0x00007f557f966c71 in TUnixSystem::DispatchSignals(ESignals) () from /cvmfs/cms.cern.ch/el9_amd64_gcc12/lcg/root/6.30.07-8b1a11e1ef0e074fdfd44e162b27e71c/lib/libCore.so
#5  <signal handler called>
#6  0x00007f555bb0364d in RooStats::ModelConfig::SetHasOnlyParameters(RooArgSet const&, char const*) () from /cvmfs/cms.cern.ch/el9_amd64_gcc12/lcg/root/6.30.07-8b1a11e1ef0e074fdfd44e162b27e71c/lib/libRooFitCore.so
#7  0x00007f555bb09d30 in RooStats::ModelConfig::SetObservables(RooArgSet const&) () from /cvmfs/cms.cern.ch/el9_amd64_gcc12/lcg/root/6.30.07-8b1a11e1ef0e074fdfd44e162b27e71c/lib/libRooFitCore.so
#8  0x00007f555b46c013 in ?? ()
#9  0x0000000000000001 in ?? ()
#10 0x00007f557fc0f078 in WrapperCall(long, unsigned long, void*, void*, void*) () from /cvmfs/cms.cern.ch/el9_amd64_gcc12/lcg/root/6.30.07-8b1a11e1ef0e074fdfd44e162b27e71c/lib/libcppyy_backend3_9.so
#11 0x00007f557fc90e97 in CPyCppyy::(anonymous namespace)::VoidExecutor::Execute(long, void*, CPyCppyy::CallContext*) () from /cvmfs/cms.cern.ch/el9_amd64_gcc12/lcg/root/6.30.07-8b1a11e1ef0e074fdfd44e162b27e71c/lib/libcppyy3_9.so
#12 0x00007f557fc7cf87 in CPyCppyy::CPPMethod::ExecuteFast(void*, long, CPyCppyy::CallContext*) [clone .isra.0] () from /cvmfs/cms.cern.ch/el9_amd64_gcc12/lcg/root/6.30.07-8b1a11e1ef0e074fdfd44e162b27e71c/lib/libcppyy3_9.so
#13 0x00007f557fc7e316 in CPyCppyy::CPPMethod::Execute(void*, long, CPyCppyy::CallContext*) () from /cvmfs/cms.cern.ch/el9_amd64_gcc12/lcg/root/6.30.07-8b1a11e1ef0e074fdfd44e162b27e71c/lib/libcppyy3_9.so
#14 0x00007f557fc7f0cf in CPyCppyy::CPPMethod::Call(CPyCppyy::CPPInstance*&, _object*, _object*, CPyCppyy::CallContext*) () from /cvmfs/cms.cern.ch/el9_amd64_gcc12/lcg/root/6.30.07-8b1a11e1ef0e074fdfd44e162b27e71c/lib/libcppyy3_9.so
#15 0x00007f557fc83e9a in CPyCppyy::(anonymous namespace)::mp_call(CPyCppyy::CPPOverload*, _object*, _object*) () from /cvmfs/cms.cern.ch/el9_amd64_gcc12/lcg/root/6.30.07-8b1a11e1ef0e074fdfd44e162b27e71c/lib/libcppyy3_9.so
#16 0x00007f55804b786e in _PyObject_MakeTpCall (tstate=0x6c4180, callable=callable
entry=0x7f555c003a00, args=args
entry=0x8dea720, nargs=1, keywords=keywords
entry=0x0) at Objects/call.c:191
#17 0x00007f558046e50a in _PyObject_VectorcallTstate (kwnames=0x0, nargsf=9223372036854775809, args=0x8dea720, callable=0x7f555c003a00, tstate=<optimized out>) at ./Include/cpython/abstract.h:116
#18 _PyObject_VectorcallTstate (kwnames=0x0, nargsf=9223372036854775809, args=0x8dea720, callable=0x7f555c003a00, tstate=<optimized out>) at ./Include/cpython/abstract.h:103
#19 PyObject_Vectorcall (kwnames=0x0, nargsf=9223372036854775809, args=<optimized out>, callable=0x7f555c003a00) at ./Include/cpython/abstract.h:127
#20 call_function (kwnames=0x0, oparg=1, pp_stack=<synthetic pointer>, tstate=0x6c4180) at Python/ceval.c:5077
#21 _PyEval_EvalFrameDefault (tstate=<optimized out>, f=<optimized out>, throwflag=<optimized out>) at Python/ceval.c:3489
#22 0x00007f55804659fb in _PyEval_EvalFrame (throwflag=0, f=0x8dea540, tstate=0x6c4180) at ./Include/internal/pycore_ceval.h:40
#23 function_code_fastcall (tstate=0x6c4180, co=<optimized out>, args=<optimized out>, nargs=1, globals=<optimized out>) at Objects/call.c:330
#24 0x00007f558046cd0f in _PyObject_VectorcallTstate (kwnames=0x0, nargsf=<optimized out>, args=0x7f555c011740, callable=0x7f557fcf7700, tstate=0x6c4180) at ./Include/cpython/abstract.h:118
#25 PyObject_Vectorcall (kwnames=0x0, nargsf=<optimized out>, args=<optimized out>, callable=<optimized out>) at ./Include/cpython/abstract.h:127
#26 call_function (kwnames=0x0, oparg=<optimized out>, pp_stack=<synthetic pointer>, tstate=0x6c4180) at Python/ceval.c:5077
#27 _PyEval_EvalFrameDefault (tstate=<optimized out>, f=<optimized out>, throwflag=<optimized out>) at Python/ceval.c:3506
#28 0x00007f558059ea91 in _PyEval_EvalFrame (throwflag=0, f=0x7f555c0115b0, tstate=0x6c4180) at ./Include/internal/pycore_ceval.h:40
#29 _PyEval_EvalCode (tstate=tstate
entry=0x6c4180, _co=<optimized out>, globals=<optimized out>, locals=locals
entry=0x0, args=<optimized out>, argcount=1, kwnames=0x7f55800282f8, kwargs=0x7181b0, kwcount=1, kwstep=1, defs=0x7f55793f7808, defcount=1, kwdefs=0x0, closure=0x0, name=0x7f557fe8a7b0, qualname=0x7f556a5ad620) at Python/ceval.c:4329
#30 0x00007f55804b769d in _PyFunction_Vectorcall (func=<optimized out>, stack=<optimized out>, nargsf=<optimized out>, kwnames=<optimized out>) at Objects/call.c:396
#31 0x00007f55804ba198 in _PyObject_VectorcallTstate (kwnames=0x7f55800282e0, nargsf=1, args=0x7181a8, callable=0x7f556a5aff70, tstate=0x6c4180) at ./Include/cpython/abstract.h:118
#32 method_vectorcall (method=<optimized out>, args=0x7181b0, nargsf=<optimized out>, kwnames=0x7f55800282e0) at Objects/classobject.c:53
#33 0x00007f558046bde6 in _PyObject_VectorcallTstate (kwnames=0x7f55800282e0, nargsf=9223372036854775808, args=0x7181b0, callable=0x7f555c49aa80, tstate=0x6c4180) at ./Include/cpython/abstract.h:118
#34 PyObject_Vectorcall (kwnames=0x7f55800282e0, nargsf=9223372036854775808, args=0x7181b0, callable=<optimized out>) at ./Include/cpython/abstract.h:127
#35 call_function (kwnames=0x7f55800282e0, oparg=<optimized out>, pp_stack=<synthetic pointer>, tstate=0x6c4180) at Python/ceval.c:5077
#36 _PyEval_EvalFrameDefault (tstate=<optimized out>, f=<optimized out>, throwflag=<optimized out>) at Python/ceval.c:3537
#37 0x00007f558059ea91 in _PyEval_EvalFrame (throwflag=0, f=0x718040, tstate=0x6c4180) at ./Include/internal/pycore_ceval.h:40
#38 _PyEval_EvalCode (tstate=0x6c4180, _co=_co
entry=0x7f558009d3a0, globals=globals
entry=0x7f55800bf3c0, locals=locals
entry=0x7f55800bf3c0, args=args
entry=0x0, argcount=argcount
entry=0, kwnames=0x0, kwargs=0x0, kwcount=0, kwstep=2, defs=0x0, defcount=0, kwdefs=0x0, closure=0x0, name=0x0, qualname=0x0) at Python/ceval.c:4329
#39 0x00007f558059ee32 in _PyEval_EvalCodeWithName (_co=_co
entry=0x7f558009d3a0, globals=globals
entry=0x7f55800bf3c0, locals=locals
entry=0x7f55800bf3c0, args=args
entry=0x0, argcount=argcount
entry=0, kwnames=kwnames
entry=0x0, kwargs=0x0, kwcount=0, kwstep=2, defs=0x0, defcount=0, kwdefs=0x0, closure=0x0, name=0x0, qualname=0x0) at Python/ceval.c:4361
#40 0x00007f558059ee7b in PyEval_EvalCodeEx (_co=_co
entry=0x7f558009d3a0, globals=globals
entry=0x7f55800bf3c0, locals=locals
entry=0x7f55800bf3c0, args=args
entry=0x0, argcount=argcount
entry=0, kws=kws
entry=0x0, kwcount=0, defs=0x0, defcount=0, kwdefs=0x0, closure=0x0) at Python/ceval.c:4377
#41 0x00007f558059eeab in PyEval_EvalCode (co=co
entry=0x7f558009d3a0, globals=globals
entry=0x7f55800bf3c0, locals=locals
entry=0x7f55800bf3c0) at Python/ceval.c:828
#42 0x00007f55805de3a9 in run_eval_code_obj (locals=0x7f55800bf3c0, globals=0x7f55800bf3c0, co=0x7f558009d3a0, tstate=0x6c4180) at Python/pythonrun.c:1221
#43 run_mod (mod=<optimized out>, filename=filename
entry=0x7f558002a390, globals=globals
entry=0x7f55800bf3c0, locals=locals
entry=0x7f55800bf3c0, flags=flags
entry=0x7fff1ce390e8, arena=arena
entry=0x7f557fedafd0) at Python/pythonrun.c:1242
#44 0x00007f55805dfdf2 in pyrun_file (flags=0x7fff1ce390e8, closeit=1, locals=0x7f55800bf3c0, globals=0x7f55800bf3c0, start=257, filename=0x7f558002a390, fp=0x7170f0) at Python/pythonrun.c:1140
#45 pyrun_simple_file (flags=0x7fff1ce390e8, closeit=1, filename=0x7f558002a390, fp=0x7170f0) at Python/pythonrun.c:450
#46 PyRun_SimpleFileExFlags (fp=fp
entry=0x7170f0, filename=<optimized out>, closeit=closeit
entry=1, flags=flags
entry=0x7fff1ce390e8) at Python/pythonrun.c:483
#47 0x00007f55805e0453 in PyRun_AnyFileExFlags (fp=fp
entry=0x7170f0, filename=<optimized out>, closeit=closeit
entry=1, flags=flags
entry=0x7fff1ce390e8) at Python/pythonrun.c:92
#48 0x00007f55805fde28 in pymain_run_file (cf=0x7fff1ce390e8, config=0x6c1f60) at Modules/main.c:373
#49 pymain_run_python (exitcode=0x7fff1ce390e0) at Modules/main.c:598
#50 Py_RunMain () at Modules/main.c:677
#51 0x00007f55805fe347 in pymain_main (args=0x7fff1ce391d0) at Modules/main.c:707
#52 Py_BytesMain (argc=<optimized out>, argv=<optimized out>) at Modules/main.c:731
#53 0x00007f5580145590 in __libc_start_call_main () from /lib64/libc.so.6
#54 0x00007f5580145640 in __libc_start_main_impl () from /lib64/libc.so.6
#55 0x0000000000401075 in _start ()
===========================================================


The lines below might hint at the cause of the crash. If you see question
marks as part of the stack trace, try to recompile with debugging information
enabled and export CLING_DEBUG=1 environment variable before running.
You may get help by asking at the ROOT forum https://root.cern/forum
preferably using the command (.forum bug) in the ROOT prompt.
Only if you are really convinced it is a bug in ROOT then please submit a
report at https://root.cern/bugs or (preferably) using the command (.gh bug) in
the ROOT prompt. Please post the ENTIRE stack trace
from above as an attachment in addition to anything else
that might help us fixing this issue.
===========================================================
#6  0x00007f555bb0364d in RooStats::ModelConfig::SetHasOnlyParameters(RooArgSet const&, char const*) () from /cvmfs/cms.cern.ch/el9_amd64_gcc12/lcg/root/6.30.07-8b1a11e1ef0e074fdfd44e162b27e71c/lib/libRooFitCore.so
#7  0x00007f555bb09d30 in RooStats::ModelConfig::SetObservables(RooArgSet const&) () from /cvmfs/cms.cern.ch/el9_amd64_gcc12/lcg/root/6.30.07-8b1a11e1ef0e074fdfd44e162b27e71c/lib/libRooFitCore.so
#8  0x00007f555b46c013 in ?? ()
#9  0x0000000000000001 in ?? ()
#10 0x00007f557fc0f078 in WrapperCall(long, unsigned long, void*, void*, void*) () from /cvmfs/cms.cern.ch/el9_amd64_gcc12/lcg/root/6.30.07-8b1a11e1ef0e074fdfd44e162b27e71c/lib/libcppyy_backend3_9.so
#11 0x00007f557fc90e97 in CPyCppyy::(anonymous namespace)::VoidExecutor::Execute(long, void*, CPyCppyy::CallContext*) () from /cvmfs/cms.cern.ch/el9_amd64_gcc12/lcg/root/6.30.07-8b1a11e1ef0e074fdfd44e162b27e71c/lib/libcppyy3_9.so
#12 0x00007f557fc7cf87 in CPyCppyy::CPPMethod::ExecuteFast(void*, long, CPyCppyy::CallContext*) [clone .isra.0] () from /cvmfs/cms.cern.ch/el9_amd64_gcc12/lcg/root/6.30.07-8b1a11e1ef0e074fdfd44e162b27e71c/lib/libcppyy3_9.so
#13 0x00007f557fc7e316 in CPyCppyy::CPPMethod::Execute(void*, long, CPyCppyy::CallContext*) () from /cvmfs/cms.cern.ch/el9_amd64_gcc12/lcg/root/6.30.07-8b1a11e1ef0e074fdfd44e162b27e71c/lib/libcppyy3_9.so
#14 0x00007f557fc7f0cf in CPyCppyy::CPPMethod::Call(CPyCppyy::CPPInstance*&, _object*, _object*, CPyCppyy::CallContext*) () from /cvmfs/cms.cern.ch/el9_amd64_gcc12/lcg/root/6.30.07-8b1a11e1ef0e074fdfd44e162b27e71c/lib/libcppyy3_9.so
#15 0x00007f557fc83e9a in CPyCppyy::(anonymous namespace)::mp_call(CPyCppyy::CPPOverload*, _object*, _object*) () from /cvmfs/cms.cern.ch/el9_amd64_gcc12/lcg/root/6.30.07-8b1a11e1ef0e074fdfd44e162b27e71c/lib/libcppyy3_9.so
#16 0x00007f55804b786e in _PyObject_MakeTpCall (tstate=0x6c4180, callable=callable
entry=0x7f555c003a00, args=args
entry=0x8dea720, nargs=1, keywords=keywords
entry=0x0) at Objects/call.c:191
#17 0x00007f558046e50a in _PyObject_VectorcallTstate (kwnames=0x0, nargsf=9223372036854775809, args=0x8dea720, callable=0x7f555c003a00, tstate=<optimized out>) at ./Include/cpython/abstract.h:116
#18 _PyObject_VectorcallTstate (kwnames=0x0, nargsf=9223372036854775809, args=0x8dea720, callable=0x7f555c003a00, tstate=<optimized out>) at ./Include/cpython/abstract.h:103
#19 PyObject_Vectorcall (kwnames=0x0, nargsf=9223372036854775809, args=<optimized out>, callable=0x7f555c003a00) at ./Include/cpython/abstract.h:127
#20 call_function (kwnames=0x0, oparg=1, pp_stack=<synthetic pointer>, tstate=0x6c4180) at Python/ceval.c:5077
#21 _PyEval_EvalFrameDefault (tstate=<optimized out>, f=<optimized out>, throwflag=<optimized out>) at Python/ceval.c:3489
#22 0x00007f55804659fb in _PyEval_EvalFrame (throwflag=0, f=0x8dea540, tstate=0x6c4180) at ./Include/internal/pycore_ceval.h:40
#23 function_code_fastcall (tstate=0x6c4180, co=<optimized out>, args=<optimized out>, nargs=1, globals=<optimized out>) at Objects/call.c:330
#24 0x00007f558046cd0f in _PyObject_VectorcallTstate (kwnames=0x0, nargsf=<optimized out>, args=0x7f555c011740, callable=0x7f557fcf7700, tstate=0x6c4180) at ./Include/cpython/abstract.h:118
#25 PyObject_Vectorcall (kwnames=0x0, nargsf=<optimized out>, args=<optimized out>, callable=<optimized out>) at ./Include/cpython/abstract.h:127
#26 call_function (kwnames=0x0, oparg=<optimized out>, pp_stack=<synthetic pointer>, tstate=0x6c4180) at Python/ceval.c:5077
#27 _PyEval_EvalFrameDefault (tstate=<optimized out>, f=<optimized out>, throwflag=<optimized out>) at Python/ceval.c:3506
#28 0x00007f558059ea91 in _PyEval_EvalFrame (throwflag=0, f=0x7f555c0115b0, tstate=0x6c4180) at ./Include/internal/pycore_ceval.h:40
#29 _PyEval_EvalCode (tstate=tstate
entry=0x6c4180, _co=<optimized out>, globals=<optimized out>, locals=locals
entry=0x0, args=<optimized out>, argcount=1, kwnames=0x7f55800282f8, kwargs=0x7181b0, kwcount=1, kwstep=1, defs=0x7f55793f7808, defcount=1, kwdefs=0x0, closure=0x0, name=0x7f557fe8a7b0, qualname=0x7f556a5ad620) at Python/ceval.c:4329
#30 0x00007f55804b769d in _PyFunction_Vectorcall (func=<optimized out>, stack=<optimized out>, nargsf=<optimized out>, kwnames=<optimized out>) at Objects/call.c:396
#31 0x00007f55804ba198 in _PyObject_VectorcallTstate (kwnames=0x7f55800282e0, nargsf=1, args=0x7181a8, callable=0x7f556a5aff70, tstate=0x6c4180) at ./Include/cpython/abstract.h:118
#32 method_vectorcall (method=<optimized out>, args=0x7181b0, nargsf=<optimized out>, kwnames=0x7f55800282e0) at Objects/classobject.c:53
#33 0x00007f558046bde6 in _PyObject_VectorcallTstate (kwnames=0x7f55800282e0, nargsf=9223372036854775808, args=0x7181b0, callable=0x7f555c49aa80, tstate=0x6c4180) at ./Include/cpython/abstract.h:118
#34 PyObject_Vectorcall (kwnames=0x7f55800282e0, nargsf=9223372036854775808, args=0x7181b0, callable=<optimized out>) at ./Include/cpython/abstract.h:127
#35 call_function (kwnames=0x7f55800282e0, oparg=<optimized out>, pp_stack=<synthetic pointer>, tstate=0x6c4180) at Python/ceval.c:5077
#36 _PyEval_EvalFrameDefault (tstate=<optimized out>, f=<optimized out>, throwflag=<optimized out>) at Python/ceval.c:3537
#37 0x00007f558059ea91 in _PyEval_EvalFrame (throwflag=0, f=0x718040, tstate=0x6c4180) at ./Include/internal/pycore_ceval.h:40
#38 _PyEval_EvalCode (tstate=0x6c4180, _co=_co
entry=0x7f558009d3a0, globals=globals
entry=0x7f55800bf3c0, locals=locals
entry=0x7f55800bf3c0, args=args
entry=0x0, argcount=argcount
entry=0, kwnames=0x0, kwargs=0x0, kwcount=0, kwstep=2, defs=0x0, defcount=0, kwdefs=0x0, closure=0x0, name=0x0, qualname=0x0) at Python/ceval.c:4329
#39 0x00007f558059ee32 in _PyEval_EvalCodeWithName (_co=_co
entry=0x7f558009d3a0, globals=globals
entry=0x7f55800bf3c0, locals=locals
entry=0x7f55800bf3c0, args=args
entry=0x0, argcount=argcount
entry=0, kwnames=kwnames
entry=0x0, kwargs=0x0, kwcount=0, kwstep=2, defs=0x0, defcount=0, kwdefs=0x0, closure=0x0, name=0x0, qualname=0x0) at Python/ceval.c:4361
#40 0x00007f558059ee7b in PyEval_EvalCodeEx (_co=_co
entry=0x7f558009d3a0, globals=globals
entry=0x7f55800bf3c0, locals=locals
entry=0x7f55800bf3c0, args=args
entry=0x0, argcount=argcount
entry=0, kws=kws
entry=0x0, kwcount=0, defs=0x0, defcount=0, kwdefs=0x0, closure=0x0) at Python/ceval.c:4377
#41 0x00007f558059eeab in PyEval_EvalCode (co=co
entry=0x7f558009d3a0, globals=globals
entry=0x7f55800bf3c0, locals=locals
entry=0x7f55800bf3c0) at Python/ceval.c:828
#42 0x00007f55805de3a9 in run_eval_code_obj (locals=0x7f55800bf3c0, globals=0x7f55800bf3c0, co=0x7f558009d3a0, tstate=0x6c4180) at Python/pythonrun.c:1221
#43 run_mod (mod=<optimized out>, filename=filename
entry=0x7f558002a390, globals=globals
entry=0x7f55800bf3c0, locals=locals
entry=0x7f55800bf3c0, flags=flags
entry=0x7fff1ce390e8, arena=arena
entry=0x7f557fedafd0) at Python/pythonrun.c:1242
#44 0x00007f55805dfdf2 in pyrun_file (flags=0x7fff1ce390e8, closeit=1, locals=0x7f55800bf3c0, globals=0x7f55800bf3c0, start=257, filename=0x7f558002a390, fp=0x7170f0) at Python/pythonrun.c:1140
#45 pyrun_simple_file (flags=0x7fff1ce390e8, closeit=1, filename=0x7f558002a390, fp=0x7170f0) at Python/pythonrun.c:450
#46 PyRun_SimpleFileExFlags (fp=fp
entry=0x7170f0, filename=<optimized out>, closeit=closeit
entry=1, flags=flags
entry=0x7fff1ce390e8) at Python/pythonrun.c:483
#47 0x00007f55805e0453 in PyRun_AnyFileExFlags (fp=fp
entry=0x7170f0, filename=<optimized out>, closeit=closeit
entry=1, flags=flags
entry=0x7fff1ce390e8) at Python/pythonrun.c:92
#48 0x00007f55805fde28 in pymain_run_file (cf=0x7fff1ce390e8, config=0x6c1f60) at Modules/main.c:373
#49 pymain_run_python (exitcode=0x7fff1ce390e0) at Modules/main.c:598
#50 Py_RunMain () at Modules/main.c:677
#51 0x00007f55805fe347 in pymain_main (args=0x7fff1ce391d0) at Modules/main.c:707
#52 Py_BytesMain (argc=<optimized out>, argv=<optimized out>) at Modules/main.c:731
#53 0x00007f5580145590 in __libc_start_call_main () from /lib64/libc.so.6
#54 0x00007f5580145640 in __libc_start_main_impl () from /lib64/libc.so.6
#55 0x0000000000401075 in _start ()
===========================================================


Error when running the combination:
	File /home/submit/lavezzo/SUEP/CMSSW_14_1_0_pre4/src/SUEPLimits/cards/WH_11_20_fixed_noShape/cards-SUEP_mS125.000_mPhi3.000_T1.500_modegeneric/combined.root does not exist

 ----------------- 

/tmp/submit_higgsCombineSUEP_mS125.000_mPhi3.000_T12.000_modegeneric.AsymptoticLimits.mH125.sh: line 20: warning: here-document at line 7 delimited by end-of-file (wanted `EOF')
Traceback (most recent call last):
  File "/home/submit/lavezzo/SUEP/CMSSW_14_1_0_pre4/bin/el9_amd64_gcc12/combineCards.py", line 162, in <module>
    file = open(fname, "r")
FileNotFoundError: [Errno 2] No such file or directory: 'cards-SUEP_mS125.000_mPhi3.000_T12.000_modegeneric/shapes-GJHScrA2018.dat'
 *** Break *** segmentation violation



===========================================================
There was a crash.
This is the entire stack trace of all threads:
===========================================================

Thread 9 (Thread 0x7f2d7c443640 (LWP 1456151) "python3"):
#0  0x00007f2d9ec7d79a in __futex_abstimed_wait_common () from /lib64/libc.so.6
#1  0x00007f2d9ec7ffa0 in pthread_cond_wait

GLIBC_2.3.2 () from /lib64/libc.so.6
#2  0x00007f2d7fcef04f in th_worker (tidptr=<optimized out>) at numexpr/module.cpp:60
#3  0x00007f2d9ec80c02 in start_thread () from /lib64/libc.so.6
#4  0x00007f2d9ed05c40 in clone3 () from /lib64/libc.so.6

Thread 8 (Thread 0x7f2d7cc44640 (LWP 1456149) "python3"):
#0  0x00007f2d9ec7d79a in __futex_abstimed_wait_common () from /lib64/libc.so.6
#1  0x00007f2d9ec7ffa0 in pthread_cond_wait

GLIBC_2.3.2 () from /lib64/libc.so.6
#2  0x00007f2d7fcef04f in th_worker (tidptr=<optimized out>) at numexpr/module.cpp:60
#3  0x00007f2d9ec80c02 in start_thread () from /lib64/libc.so.6
#4  0x00007f2d9ed05c40 in clone3 () from /lib64/libc.so.6

Thread 7 (Thread 0x7f2d7d445640 (LWP 1456147) "python3"):
#0  0x00007f2d9ec7d79a in __futex_abstimed_wait_common () from /lib64/libc.so.6
#1  0x00007f2d9ec7ffa0 in pthread_cond_wait

GLIBC_2.3.2 () from /lib64/libc.so.6
#2  0x00007f2d7fcef04f in th_worker (tidptr=<optimized out>) at numexpr/module.cpp:60
#3  0x00007f2d9ec80c02 in start_thread () from /lib64/libc.so.6
#4  0x00007f2d9ed05c40 in clone3 () from /lib64/libc.so.6

Thread 6 (Thread 0x7f2d7dc46640 (LWP 1456145) "python3"):
#0  0x00007f2d9ec7d79a in __futex_abstimed_wait_common () from /lib64/libc.so.6
#1  0x00007f2d9ec7ffa0 in pthread_cond_wait

GLIBC_2.3.2 () from /lib64/libc.so.6
#2  0x00007f2d7fcef04f in th_worker (tidptr=<optimized out>) at numexpr/module.cpp:60
#3  0x00007f2d9ec80c02 in start_thread () from /lib64/libc.so.6
#4  0x00007f2d9ed05c40 in clone3 () from /lib64/libc.so.6

Thread 5 (Thread 0x7f2d7e447640 (LWP 1456141) "python3"):
#0  0x00007f2d9ec7d79a in __futex_abstimed_wait_common () from /lib64/libc.so.6
#1  0x00007f2d9ec7ffa0 in pthread_cond_wait

GLIBC_2.3.2 () from /lib64/libc.so.6
#2  0x00007f2d7fcef04f in th_worker (tidptr=<optimized out>) at numexpr/module.cpp:60
#3  0x00007f2d9ec80c02 in start_thread () from /lib64/libc.so.6
#4  0x00007f2d9ed05c40 in clone3 () from /lib64/libc.so.6

Thread 4 (Thread 0x7f2d7ec48640 (LWP 1456138) "python3"):
#0  0x00007f2d9ec7d79a in __futex_abstimed_wait_common () from /lib64/libc.so.6
#1  0x00007f2d9ec7ffa0 in pthread_cond_wait

GLIBC_2.3.2 () from /lib64/libc.so.6
#2  0x00007f2d7fcef04f in th_worker (tidptr=<optimized out>) at numexpr/module.cpp:60
#3  0x00007f2d9ec80c02 in start_thread () from /lib64/libc.so.6
#4  0x00007f2d9ed05c40 in clone3 () from /lib64/libc.so.6

Thread 3 (Thread 0x7f2d7f449640 (LWP 1456133) "python3"):
#0  0x00007f2d9ec7d79a in __futex_abstimed_wait_common () from /lib64/libc.so.6
#1  0x00007f2d9ec7ffa0 in pthread_cond_wait

GLIBC_2.3.2 () from /lib64/libc.so.6
#2  0x00007f2d7fcef04f in th_worker (tidptr=<optimized out>) at numexpr/module.cpp:60
#3  0x00007f2d9ec80c02 in start_thread () from /lib64/libc.so.6
#4  0x00007f2d9ed05c40 in clone3 () from /lib64/libc.so.6

Thread 2 (Thread 0x7f2d7fc4a640 (LWP 1456125) "python3"):
#0  0x00007f2d9ec7d79a in __futex_abstimed_wait_common () from /lib64/libc.so.6
#1  0x00007f2d9ec7ffa0 in pthread_cond_wait

GLIBC_2.3.2 () from /lib64/libc.so.6
#2  0x00007f2d7fcef04f in th_worker (tidptr=<optimized out>) at numexpr/module.cpp:60
#3  0x00007f2d9ec80c02 in start_thread () from /lib64/libc.so.6
#4  0x00007f2d9ed05c40 in clone3 () from /lib64/libc.so.6

Thread 1 (Thread 0x7f2d9f1b5740 (LWP 1449410) "python3"):
#0  0x00007f2d9eccfa3f in wait4 () from /lib64/libc.so.6
#1  0x00007f2d9ec42243 in do_system () from /lib64/libc.so.6
#2  0x00007f2d9e36743d in TUnixSystem::StackTrace() () from /cvmfs/cms.cern.ch/el9_amd64_gcc12/lcg/root/6.30.07-8b1a11e1ef0e074fdfd44e162b27e71c/lib/libCore.so
#3  0x00007f2d9e6295a3 in (anonymous namespace)::TExceptionHandlerImp::HandleException(int) () from /cvmfs/cms.cern.ch/el9_amd64_gcc12/lcg/root/6.30.07-8b1a11e1ef0e074fdfd44e162b27e71c/lib/libcppyy_backend3_9.so
#4  0x00007f2d9e366c71 in TUnixSystem::DispatchSignals(ESignals) () from /cvmfs/cms.cern.ch/el9_amd64_gcc12/lcg/root/6.30.07-8b1a11e1ef0e074fdfd44e162b27e71c/lib/libCore.so
#5  <signal handler called>
#6  0x00007f2d7a50364d in RooStats::ModelConfig::SetHasOnlyParameters(RooArgSet const&, char const*) () from /cvmfs/cms.cern.ch/el9_amd64_gcc12/lcg/root/6.30.07-8b1a11e1ef0e074fdfd44e162b27e71c/lib/libRooFitCore.so
#7  0x00007f2d7a509d30 in RooStats::ModelConfig::SetObservables(RooArgSet const&) () from /cvmfs/cms.cern.ch/el9_amd64_gcc12/lcg/root/6.30.07-8b1a11e1ef0e074fdfd44e162b27e71c/lib/libRooFitCore.so
#8  0x00007f2d79e79013 in ?? ()
#9  0x0000000000000001 in ?? ()
#10 0x00007f2d9e62a078 in WrapperCall(long, unsigned long, void*, void*, void*) () from /cvmfs/cms.cern.ch/el9_amd64_gcc12/lcg/root/6.30.07-8b1a11e1ef0e074fdfd44e162b27e71c/lib/libcppyy_backend3_9.so
#11 0x00007f2d9e6abe97 in CPyCppyy::(anonymous namespace)::VoidExecutor::Execute(long, void*, CPyCppyy::CallContext*) () from /cvmfs/cms.cern.ch/el9_amd64_gcc12/lcg/root/6.30.07-8b1a11e1ef0e074fdfd44e162b27e71c/lib/libcppyy3_9.so
#12 0x00007f2d9e697f87 in CPyCppyy::CPPMethod::ExecuteFast(void*, long, CPyCppyy::CallContext*) [clone .isra.0] () from /cvmfs/cms.cern.ch/el9_amd64_gcc12/lcg/root/6.30.07-8b1a11e1ef0e074fdfd44e162b27e71c/lib/libcppyy3_9.so
#13 0x00007f2d9e699316 in CPyCppyy::CPPMethod::Execute(void*, long, CPyCppyy::CallContext*) () from /cvmfs/cms.cern.ch/el9_amd64_gcc12/lcg/root/6.30.07-8b1a11e1ef0e074fdfd44e162b27e71c/lib/libcppyy3_9.so
#14 0x00007f2d9e69a0cf in CPyCppyy::CPPMethod::Call(CPyCppyy::CPPInstance*&, _object*, _object*, CPyCppyy::CallContext*) () from /cvmfs/cms.cern.ch/el9_amd64_gcc12/lcg/root/6.30.07-8b1a11e1ef0e074fdfd44e162b27e71c/lib/libcppyy3_9.so
#15 0x00007f2d9e69ee9a in CPyCppyy::(anonymous namespace)::mp_call(CPyCppyy::CPPOverload*, _object*, _object*) () from /cvmfs/cms.cern.ch/el9_amd64_gcc12/lcg/root/6.30.07-8b1a11e1ef0e074fdfd44e162b27e71c/lib/libcppyy3_9.so
#16 0x00007f2d9eeb786e in _PyObject_MakeTpCall (tstate=0xf84180, callable=callable
entry=0x7f2d7aa03a00, args=args
entry=0x96571d0, nargs=1, keywords=keywords
entry=0x0) at Objects/call.c:191
#17 0x00007f2d9ee6e50a in _PyObject_VectorcallTstate (kwnames=0x0, nargsf=9223372036854775809, args=0x96571d0, callable=0x7f2d7aa03a00, tstate=<optimized out>) at ./Include/cpython/abstract.h:116
#18 _PyObject_VectorcallTstate (kwnames=0x0, nargsf=9223372036854775809, args=0x96571d0, callable=0x7f2d7aa03a00, tstate=<optimized out>) at ./Include/cpython/abstract.h:103
#19 PyObject_Vectorcall (kwnames=0x0, nargsf=9223372036854775809, args=<optimized out>, callable=0x7f2d7aa03a00) at ./Include/cpython/abstract.h:127
#20 call_function (kwnames=0x0, oparg=1, pp_stack=<synthetic pointer>, tstate=0xf84180) at Python/ceval.c:5077
#21 _PyEval_EvalFrameDefault (tstate=<optimized out>, f=<optimized out>, throwflag=<optimized out>) at Python/ceval.c:3489
#22 0x00007f2d9ee659fb in _PyEval_EvalFrame (throwflag=0, f=0x9656ff0, tstate=0xf84180) at ./Include/internal/pycore_ceval.h:40
#23 function_code_fastcall (tstate=0xf84180, co=<optimized out>, args=<optimized out>, nargs=1, globals=<optimized out>) at Objects/call.c:330
#24 0x00007f2d9ee6cd0f in _PyObject_VectorcallTstate (kwnames=0x0, nargsf=<optimized out>, args=0x7f2d7aa12740, callable=0x7f2d9e712700, tstate=0xf84180) at ./Include/cpython/abstract.h:118
#25 PyObject_Vectorcall (kwnames=0x0, nargsf=<optimized out>, args=<optimized out>, callable=<optimized out>) at ./Include/cpython/abstract.h:127
#26 call_function (kwnames=0x0, oparg=<optimized out>, pp_stack=<synthetic pointer>, tstate=0xf84180) at Python/ceval.c:5077
#27 _PyEval_EvalFrameDefault (tstate=<optimized out>, f=<optimized out>, throwflag=<optimized out>) at Python/ceval.c:3506
#28 0x00007f2d9ef9ea91 in _PyEval_EvalFrame (throwflag=0, f=0x7f2d7aa125b0, tstate=0xf84180) at ./Include/internal/pycore_ceval.h:40
#29 _PyEval_EvalCode (tstate=tstate
entry=0xf84180, _co=<optimized out>, globals=<optimized out>, locals=locals
entry=0x0, args=<optimized out>, argcount=1, kwnames=0x7f2d9ea432f8, kwargs=0xfd81b0, kwcount=1, kwstep=1, defs=0x7f2d97df7808, defcount=1, kwdefs=0x0, closure=0x0, name=0x7f2d9e8a6770, qualname=0x7f2d88fab760) at Python/ceval.c:4329
#30 0x00007f2d9eeb769d in _PyFunction_Vectorcall (func=<optimized out>, stack=<optimized out>, nargsf=<optimized out>, kwnames=<optimized out>) at Objects/call.c:396
#31 0x00007f2d9eeba198 in _PyObject_VectorcallTstate (kwnames=0x7f2d9ea432e0, nargsf=1, args=0xfd81a8, callable=0x7f2d88faff70, tstate=0xf84180) at ./Include/cpython/abstract.h:118
#32 method_vectorcall (method=<optimized out>, args=0xfd81b0, nargsf=<optimized out>, kwnames=0x7f2d9ea432e0) at Objects/classobject.c:53
#33 0x00007f2d9ee6bde6 in _PyObject_VectorcallTstate (kwnames=0x7f2d9ea432e0, nargsf=9223372036854775808, args=0xfd81b0, callable=0x7f2d7aa23a00, tstate=0xf84180) at ./Include/cpython/abstract.h:118
#34 PyObject_Vectorcall (kwnames=0x7f2d9ea432e0, nargsf=9223372036854775808, args=0xfd81b0, callable=<optimized out>) at ./Include/cpython/abstract.h:127
#35 call_function (kwnames=0x7f2d9ea432e0, oparg=<optimized out>, pp_stack=<synthetic pointer>, tstate=0xf84180) at Python/ceval.c:5077
#36 _PyEval_EvalFrameDefault (tstate=<optimized out>, f=<optimized out>, throwflag=<optimized out>) at Python/ceval.c:3537
#37 0x00007f2d9ef9ea91 in _PyEval_EvalFrame (throwflag=0, f=0xfd8040, tstate=0xf84180) at ./Include/internal/pycore_ceval.h:40
#38 _PyEval_EvalCode (tstate=0xf84180, _co=_co
entry=0x7f2d9eab83a0, globals=globals
entry=0x7f2d9eada3c0, locals=locals
entry=0x7f2d9eada3c0, args=args
entry=0x0, argcount=argcount
entry=0, kwnames=0x0, kwargs=0x0, kwcount=0, kwstep=2, defs=0x0, defcount=0, kwdefs=0x0, closure=0x0, name=0x0, qualname=0x0) at Python/ceval.c:4329
#39 0x00007f2d9ef9ee32 in _PyEval_EvalCodeWithName (_co=_co
entry=0x7f2d9eab83a0, globals=globals
entry=0x7f2d9eada3c0, locals=locals
entry=0x7f2d9eada3c0, args=args
entry=0x0, argcount=argcount
entry=0, kwnames=kwnames
entry=0x0, kwargs=0x0, kwcount=0, kwstep=2, defs=0x0, defcount=0, kwdefs=0x0, closure=0x0, name=0x0, qualname=0x0) at Python/ceval.c:4361
#40 0x00007f2d9ef9ee7b in PyEval_EvalCodeEx (_co=_co
entry=0x7f2d9eab83a0, globals=globals
entry=0x7f2d9eada3c0, locals=locals
entry=0x7f2d9eada3c0, args=args
entry=0x0, argcount=argcount
entry=0, kws=kws
entry=0x0, kwcount=0, defs=0x0, defcount=0, kwdefs=0x0, closure=0x0) at Python/ceval.c:4377
#41 0x00007f2d9ef9eeab in PyEval_EvalCode (co=co
entry=0x7f2d9eab83a0, globals=globals
entry=0x7f2d9eada3c0, locals=locals
entry=0x7f2d9eada3c0) at Python/ceval.c:828
#42 0x00007f2d9efde3a9 in run_eval_code_obj (locals=0x7f2d9eada3c0, globals=0x7f2d9eada3c0, co=0x7f2d9eab83a0, tstate=0xf84180) at Python/pythonrun.c:1221
#43 run_mod (mod=<optimized out>, filename=filename
entry=0x7f2d9ea45390, globals=globals
entry=0x7f2d9eada3c0, locals=locals
entry=0x7f2d9eada3c0, flags=flags
entry=0x7ffc89f1e0e8, arena=arena
entry=0x7f2d9e8f6fd0) at Python/pythonrun.c:1242
#44 0x00007f2d9efdfdf2 in pyrun_file (flags=0x7ffc89f1e0e8, closeit=1, locals=0x7f2d9eada3c0, globals=0x7f2d9eada3c0, start=257, filename=0x7f2d9ea45390, fp=0xfd70f0) at Python/pythonrun.c:1140
#45 pyrun_simple_file (flags=0x7ffc89f1e0e8, closeit=1, filename=0x7f2d9ea45390, fp=0xfd70f0) at Python/pythonrun.c:450
#46 PyRun_SimpleFileExFlags (fp=fp
entry=0xfd70f0, filename=<optimized out>, closeit=closeit
entry=1, flags=flags
entry=0x7ffc89f1e0e8) at Python/pythonrun.c:483
#47 0x00007f2d9efe0453 in PyRun_AnyFileExFlags (fp=fp
entry=0xfd70f0, filename=<optimized out>, closeit=closeit
entry=1, flags=flags
entry=0x7ffc89f1e0e8) at Python/pythonrun.c:92
#48 0x00007f2d9effde28 in pymain_run_file (cf=0x7ffc89f1e0e8, config=0xf81f60) at Modules/main.c:373
#49 pymain_run_python (exitcode=0x7ffc89f1e0e0) at Modules/main.c:598
#50 Py_RunMain () at Modules/main.c:677
#51 0x00007f2d9effe347 in pymain_main (args=0x7ffc89f1e1d0) at Modules/main.c:707
#52 Py_BytesMain (argc=<optimized out>, argv=<optimized out>) at Modules/main.c:731
#53 0x00007f2d9ec20590 in __libc_start_call_main () from /lib64/libc.so.6
#54 0x00007f2d9ec20640 in __libc_start_main_impl () from /lib64/libc.so.6
#55 0x0000000000401075 in _start ()
===========================================================


The lines below might hint at the cause of the crash. If you see question
marks as part of the stack trace, try to recompile with debugging information
enabled and export CLING_DEBUG=1 environment variable before running.
You may get help by asking at the ROOT forum https://root.cern/forum
preferably using the command (.forum bug) in the ROOT prompt.
Only if you are really convinced it is a bug in ROOT then please submit a
report at https://root.cern/bugs or (preferably) using the command (.gh bug) in
the ROOT prompt. Please post the ENTIRE stack trace
from above as an attachment in addition to anything else
that might help us fixing this issue.
===========================================================
#6  0x00007f2d7a50364d in RooStats::ModelConfig::SetHasOnlyParameters(RooArgSet const&, char const*) () from /cvmfs/cms.cern.ch/el9_amd64_gcc12/lcg/root/6.30.07-8b1a11e1ef0e074fdfd44e162b27e71c/lib/libRooFitCore.so
#7  0x00007f2d7a509d30 in RooStats::ModelConfig::SetObservables(RooArgSet const&) () from /cvmfs/cms.cern.ch/el9_amd64_gcc12/lcg/root/6.30.07-8b1a11e1ef0e074fdfd44e162b27e71c/lib/libRooFitCore.so
#8  0x00007f2d79e79013 in ?? ()
#9  0x0000000000000001 in ?? ()
#10 0x00007f2d9e62a078 in WrapperCall(long, unsigned long, void*, void*, void*) () from /cvmfs/cms.cern.ch/el9_amd64_gcc12/lcg/root/6.30.07-8b1a11e1ef0e074fdfd44e162b27e71c/lib/libcppyy_backend3_9.so
#11 0x00007f2d9e6abe97 in CPyCppyy::(anonymous namespace)::VoidExecutor::Execute(long, void*, CPyCppyy::CallContext*) () from /cvmfs/cms.cern.ch/el9_amd64_gcc12/lcg/root/6.30.07-8b1a11e1ef0e074fdfd44e162b27e71c/lib/libcppyy3_9.so
#12 0x00007f2d9e697f87 in CPyCppyy::CPPMethod::ExecuteFast(void*, long, CPyCppyy::CallContext*) [clone .isra.0] () from /cvmfs/cms.cern.ch/el9_amd64_gcc12/lcg/root/6.30.07-8b1a11e1ef0e074fdfd44e162b27e71c/lib/libcppyy3_9.so
#13 0x00007f2d9e699316 in CPyCppyy::CPPMethod::Execute(void*, long, CPyCppyy::CallContext*) () from /cvmfs/cms.cern.ch/el9_amd64_gcc12/lcg/root/6.30.07-8b1a11e1ef0e074fdfd44e162b27e71c/lib/libcppyy3_9.so
#14 0x00007f2d9e69a0cf in CPyCppyy::CPPMethod::Call(CPyCppyy::CPPInstance*&, _object*, _object*, CPyCppyy::CallContext*) () from /cvmfs/cms.cern.ch/el9_amd64_gcc12/lcg/root/6.30.07-8b1a11e1ef0e074fdfd44e162b27e71c/lib/libcppyy3_9.so
#15 0x00007f2d9e69ee9a in CPyCppyy::(anonymous namespace)::mp_call(CPyCppyy::CPPOverload*, _object*, _object*) () from /cvmfs/cms.cern.ch/el9_amd64_gcc12/lcg/root/6.30.07-8b1a11e1ef0e074fdfd44e162b27e71c/lib/libcppyy3_9.so
#16 0x00007f2d9eeb786e in _PyObject_MakeTpCall (tstate=0xf84180, callable=callable
entry=0x7f2d7aa03a00, args=args
entry=0x96571d0, nargs=1, keywords=keywords
entry=0x0) at Objects/call.c:191
#17 0x00007f2d9ee6e50a in _PyObject_VectorcallTstate (kwnames=0x0, nargsf=9223372036854775809, args=0x96571d0, callable=0x7f2d7aa03a00, tstate=<optimized out>) at ./Include/cpython/abstract.h:116
#18 _PyObject_VectorcallTstate (kwnames=0x0, nargsf=9223372036854775809, args=0x96571d0, callable=0x7f2d7aa03a00, tstate=<optimized out>) at ./Include/cpython/abstract.h:103
#19 PyObject_Vectorcall (kwnames=0x0, nargsf=9223372036854775809, args=<optimized out>, callable=0x7f2d7aa03a00) at ./Include/cpython/abstract.h:127
#20 call_function (kwnames=0x0, oparg=1, pp_stack=<synthetic pointer>, tstate=0xf84180) at Python/ceval.c:5077
#21 _PyEval_EvalFrameDefault (tstate=<optimized out>, f=<optimized out>, throwflag=<optimized out>) at Python/ceval.c:3489
#22 0x00007f2d9ee659fb in _PyEval_EvalFrame (throwflag=0, f=0x9656ff0, tstate=0xf84180) at ./Include/internal/pycore_ceval.h:40
#23 function_code_fastcall (tstate=0xf84180, co=<optimized out>, args=<optimized out>, nargs=1, globals=<optimized out>) at Objects/call.c:330
#24 0x00007f2d9ee6cd0f in _PyObject_VectorcallTstate (kwnames=0x0, nargsf=<optimized out>, args=0x7f2d7aa12740, callable=0x7f2d9e712700, tstate=0xf84180) at ./Include/cpython/abstract.h:118
#25 PyObject_Vectorcall (kwnames=0x0, nargsf=<optimized out>, args=<optimized out>, callable=<optimized out>) at ./Include/cpython/abstract.h:127
#26 call_function (kwnames=0x0, oparg=<optimized out>, pp_stack=<synthetic pointer>, tstate=0xf84180) at Python/ceval.c:5077
#27 _PyEval_EvalFrameDefault (tstate=<optimized out>, f=<optimized out>, throwflag=<optimized out>) at Python/ceval.c:3506
#28 0x00007f2d9ef9ea91 in _PyEval_EvalFrame (throwflag=0, f=0x7f2d7aa125b0, tstate=0xf84180) at ./Include/internal/pycore_ceval.h:40
#29 _PyEval_EvalCode (tstate=tstate
entry=0xf84180, _co=<optimized out>, globals=<optimized out>, locals=locals
entry=0x0, args=<optimized out>, argcount=1, kwnames=0x7f2d9ea432f8, kwargs=0xfd81b0, kwcount=1, kwstep=1, defs=0x7f2d97df7808, defcount=1, kwdefs=0x0, closure=0x0, name=0x7f2d9e8a6770, qualname=0x7f2d88fab760) at Python/ceval.c:4329
#30 0x00007f2d9eeb769d in _PyFunction_Vectorcall (func=<optimized out>, stack=<optimized out>, nargsf=<optimized out>, kwnames=<optimized out>) at Objects/call.c:396
#31 0x00007f2d9eeba198 in _PyObject_VectorcallTstate (kwnames=0x7f2d9ea432e0, nargsf=1, args=0xfd81a8, callable=0x7f2d88faff70, tstate=0xf84180) at ./Include/cpython/abstract.h:118
#32 method_vectorcall (method=<optimized out>, args=0xfd81b0, nargsf=<optimized out>, kwnames=0x7f2d9ea432e0) at Objects/classobject.c:53
#33 0x00007f2d9ee6bde6 in _PyObject_VectorcallTstate (kwnames=0x7f2d9ea432e0, nargsf=9223372036854775808, args=0xfd81b0, callable=0x7f2d7aa23a00, tstate=0xf84180) at ./Include/cpython/abstract.h:118
#34 PyObject_Vectorcall (kwnames=0x7f2d9ea432e0, nargsf=9223372036854775808, args=0xfd81b0, callable=<optimized out>) at ./Include/cpython/abstract.h:127
#35 call_function (kwnames=0x7f2d9ea432e0, oparg=<optimized out>, pp_stack=<synthetic pointer>, tstate=0xf84180) at Python/ceval.c:5077
#36 _PyEval_EvalFrameDefault (tstate=<optimized out>, f=<optimized out>, throwflag=<optimized out>) at Python/ceval.c:3537
#37 0x00007f2d9ef9ea91 in _PyEval_EvalFrame (throwflag=0, f=0xfd8040, tstate=0xf84180) at ./Include/internal/pycore_ceval.h:40
#38 _PyEval_EvalCode (tstate=0xf84180, _co=_co
entry=0x7f2d9eab83a0, globals=globals
entry=0x7f2d9eada3c0, locals=locals
entry=0x7f2d9eada3c0, args=args
entry=0x0, argcount=argcount
entry=0, kwnames=0x0, kwargs=0x0, kwcount=0, kwstep=2, defs=0x0, defcount=0, kwdefs=0x0, closure=0x0, name=0x0, qualname=0x0) at Python/ceval.c:4329
#39 0x00007f2d9ef9ee32 in _PyEval_EvalCodeWithName (_co=_co
entry=0x7f2d9eab83a0, globals=globals
entry=0x7f2d9eada3c0, locals=locals
entry=0x7f2d9eada3c0, args=args
entry=0x0, argcount=argcount
entry=0, kwnames=kwnames
entry=0x0, kwargs=0x0, kwcount=0, kwstep=2, defs=0x0, defcount=0, kwdefs=0x0, closure=0x0, name=0x0, qualname=0x0) at Python/ceval.c:4361
#40 0x00007f2d9ef9ee7b in PyEval_EvalCodeEx (_co=_co
entry=0x7f2d9eab83a0, globals=globals
entry=0x7f2d9eada3c0, locals=locals
entry=0x7f2d9eada3c0, args=args
entry=0x0, argcount=argcount
entry=0, kws=kws
entry=0x0, kwcount=0, defs=0x0, defcount=0, kwdefs=0x0, closure=0x0) at Python/ceval.c:4377
#41 0x00007f2d9ef9eeab in PyEval_EvalCode (co=co
entry=0x7f2d9eab83a0, globals=globals
entry=0x7f2d9eada3c0, locals=locals
entry=0x7f2d9eada3c0) at Python/ceval.c:828
#42 0x00007f2d9efde3a9 in run_eval_code_obj (locals=0x7f2d9eada3c0, globals=0x7f2d9eada3c0, co=0x7f2d9eab83a0, tstate=0xf84180) at Python/pythonrun.c:1221
#43 run_mod (mod=<optimized out>, filename=filename
entry=0x7f2d9ea45390, globals=globals
entry=0x7f2d9eada3c0, locals=locals
entry=0x7f2d9eada3c0, flags=flags
entry=0x7ffc89f1e0e8, arena=arena
entry=0x7f2d9e8f6fd0) at Python/pythonrun.c:1242
#44 0x00007f2d9efdfdf2 in pyrun_file (flags=0x7ffc89f1e0e8, closeit=1, locals=0x7f2d9eada3c0, globals=0x7f2d9eada3c0, start=257, filename=0x7f2d9ea45390, fp=0xfd70f0) at Python/pythonrun.c:1140
#45 pyrun_simple_file (flags=0x7ffc89f1e0e8, closeit=1, filename=0x7f2d9ea45390, fp=0xfd70f0) at Python/pythonrun.c:450
#46 PyRun_SimpleFileExFlags (fp=fp
entry=0xfd70f0, filename=<optimized out>, closeit=closeit
entry=1, flags=flags
entry=0x7ffc89f1e0e8) at Python/pythonrun.c:483
#47 0x00007f2d9efe0453 in PyRun_AnyFileExFlags (fp=fp
entry=0xfd70f0, filename=<optimized out>, closeit=closeit
entry=1, flags=flags
entry=0x7ffc89f1e0e8) at Python/pythonrun.c:92
#48 0x00007f2d9effde28 in pymain_run_file (cf=0x7ffc89f1e0e8, config=0xf81f60) at Modules/main.c:373
#49 pymain_run_python (exitcode=0x7ffc89f1e0e0) at Modules/main.c:598
#50 Py_RunMain () at Modules/main.c:677
#51 0x00007f2d9effe347 in pymain_main (args=0x7ffc89f1e1d0) at Modules/main.c:707
#52 Py_BytesMain (argc=<optimized out>, argv=<optimized out>) at Modules/main.c:731
#53 0x00007f2d9ec20590 in __libc_start_call_main () from /lib64/libc.so.6
#54 0x00007f2d9ec20640 in __libc_start_main_impl () from /lib64/libc.so.6
#55 0x0000000000401075 in _start ()
===========================================================


 *** Break *** segmentation violation



===========================================================
There was a crash.
This is the entire stack trace of all threads:
===========================================================

Thread 9 (Thread 0x7f2d7c443640 (LWP 1456151) "python3"):
#0  0x00007f2d9ec7d79a in __futex_abstimed_wait_common () from /lib64/libc.so.6
#1  0x00007f2d9ec7ffa0 in pthread_cond_wait

GLIBC_2.3.2 () from /lib64/libc.so.6
#2  0x00007f2d7fcef04f in th_worker (tidptr=<optimized out>) at numexpr/module.cpp:60
#3  0x00007f2d9ec80c02 in start_thread () from /lib64/libc.so.6
#4  0x00007f2d9ed05c40 in clone3 () from /lib64/libc.so.6

Thread 8 (Thread 0x7f2d7cc44640 (LWP 1456149) "python3"):
#0  0x00007f2d9ec7d79a in __futex_abstimed_wait_common () from /lib64/libc.so.6
#1  0x00007f2d9ec7ffa0 in pthread_cond_wait

GLIBC_2.3.2 () from /lib64/libc.so.6
#2  0x00007f2d7fcef04f in th_worker (tidptr=<optimized out>) at numexpr/module.cpp:60
#3  0x00007f2d9ec80c02 in start_thread () from /lib64/libc.so.6
#4  0x00007f2d9ed05c40 in clone3 () from /lib64/libc.so.6

Thread 7 (Thread 0x7f2d7d445640 (LWP 1456147) "python3"):
#0  0x00007f2d9ec7d79a in __futex_abstimed_wait_common () from /lib64/libc.so.6
#1  0x00007f2d9ec7ffa0 in pthread_cond_wait

GLIBC_2.3.2 () from /lib64/libc.so.6
#2  0x00007f2d7fcef04f in th_worker (tidptr=<optimized out>) at numexpr/module.cpp:60
#3  0x00007f2d9ec80c02 in start_thread () from /lib64/libc.so.6
#4  0x00007f2d9ed05c40 in clone3 () from /lib64/libc.so.6

Thread 6 (Thread 0x7f2d7dc46640 (LWP 1456145) "python3"):
#0  0x00007f2d9ec7d79a in __futex_abstimed_wait_common () from /lib64/libc.so.6
#1  0x00007f2d9ec7ffa0 in pthread_cond_wait

GLIBC_2.3.2 () from /lib64/libc.so.6
#2  0x00007f2d7fcef04f in th_worker (tidptr=<optimized out>) at numexpr/module.cpp:60
#3  0x00007f2d9ec80c02 in start_thread () from /lib64/libc.so.6
#4  0x00007f2d9ed05c40 in clone3 () from /lib64/libc.so.6

Thread 5 (Thread 0x7f2d7e447640 (LWP 1456141) "python3"):
#0  0x00007f2d9ec7d79a in __futex_abstimed_wait_common () from /lib64/libc.so.6
#1  0x00007f2d9ec7ffa0 in pthread_cond_wait

GLIBC_2.3.2 () from /lib64/libc.so.6
#2  0x00007f2d7fcef04f in th_worker (tidptr=<optimized out>) at numexpr/module.cpp:60
#3  0x00007f2d9ec80c02 in start_thread () from /lib64/libc.so.6
#4  0x00007f2d9ed05c40 in clone3 () from /lib64/libc.so.6

Thread 4 (Thread 0x7f2d7ec48640 (LWP 1456138) "python3"):
#0  0x00007f2d9ec7d79a in __futex_abstimed_wait_common () from /lib64/libc.so.6
#1  0x00007f2d9ec7ffa0 in pthread_cond_wait

GLIBC_2.3.2 () from /lib64/libc.so.6
#2  0x00007f2d7fcef04f in th_worker (tidptr=<optimized out>) at numexpr/module.cpp:60
#3  0x00007f2d9ec80c02 in start_thread () from /lib64/libc.so.6
#4  0x00007f2d9ed05c40 in clone3 () from /lib64/libc.so.6

Thread 3 (Thread 0x7f2d7f449640 (LWP 1456133) "python3"):
#0  0x00007f2d9ec7d79a in __futex_abstimed_wait_common () from /lib64/libc.so.6
#1  0x00007f2d9ec7ffa0 in pthread_cond_wait

GLIBC_2.3.2 () from /lib64/libc.so.6
#2  0x00007f2d7fcef04f in th_worker (tidptr=<optimized out>) at numexpr/module.cpp:60
#3  0x00007f2d9ec80c02 in start_thread () from /lib64/libc.so.6
#4  0x00007f2d9ed05c40 in clone3 () from /lib64/libc.so.6

Thread 2 (Thread 0x7f2d7fc4a640 (LWP 1456125) "python3"):
#0  0x00007f2d9ec7d79a in __futex_abstimed_wait_common () from /lib64/libc.so.6
#1  0x00007f2d9ec7ffa0 in pthread_cond_wait

GLIBC_2.3.2 () from /lib64/libc.so.6
#2  0x00007f2d7fcef04f in th_worker (tidptr=<optimized out>) at numexpr/module.cpp:60
#3  0x00007f2d9ec80c02 in start_thread () from /lib64/libc.so.6
#4  0x00007f2d9ed05c40 in clone3 () from /lib64/libc.so.6

Thread 1 (Thread 0x7f2d9f1b5740 (LWP 1449410) "python3"):
#0  0x00007f2d9eccfa3f in wait4 () from /lib64/libc.so.6
#1  0x00007f2d9ec42243 in do_system () from /lib64/libc.so.6
#2  0x00007f2d9e36743d in TUnixSystem::StackTrace() () from /cvmfs/cms.cern.ch/el9_amd64_gcc12/lcg/root/6.30.07-8b1a11e1ef0e074fdfd44e162b27e71c/lib/libCore.so
#3  0x00007f2d9e629423 in (anonymous namespace)::TExceptionHandlerImp::HandleException(int) () from /cvmfs/cms.cern.ch/el9_amd64_gcc12/lcg/root/6.30.07-8b1a11e1ef0e074fdfd44e162b27e71c/lib/libcppyy_backend3_9.so
#4  0x00007f2d9e366c71 in TUnixSystem::DispatchSignals(ESignals) () from /cvmfs/cms.cern.ch/el9_amd64_gcc12/lcg/root/6.30.07-8b1a11e1ef0e074fdfd44e162b27e71c/lib/libCore.so
#5  <signal handler called>
#6  0x00007f2d7a50364d in RooStats::ModelConfig::SetHasOnlyParameters(RooArgSet const&, char const*) () from /cvmfs/cms.cern.ch/el9_amd64_gcc12/lcg/root/6.30.07-8b1a11e1ef0e074fdfd44e162b27e71c/lib/libRooFitCore.so
#7  0x00007f2d7a509d30 in RooStats::ModelConfig::SetObservables(RooArgSet const&) () from /cvmfs/cms.cern.ch/el9_amd64_gcc12/lcg/root/6.30.07-8b1a11e1ef0e074fdfd44e162b27e71c/lib/libRooFitCore.so
#8  0x00007f2d79e79013 in ?? ()
#9  0x0000000000000001 in ?? ()
#10 0x00007f2d9e62a078 in WrapperCall(long, unsigned long, void*, void*, void*) () from /cvmfs/cms.cern.ch/el9_amd64_gcc12/lcg/root/6.30.07-8b1a11e1ef0e074fdfd44e162b27e71c/lib/libcppyy_backend3_9.so
#11 0x00007f2d9e6abe97 in CPyCppyy::(anonymous namespace)::VoidExecutor::Execute(long, void*, CPyCppyy::CallContext*) () from /cvmfs/cms.cern.ch/el9_amd64_gcc12/lcg/root/6.30.07-8b1a11e1ef0e074fdfd44e162b27e71c/lib/libcppyy3_9.so
#12 0x00007f2d9e697f87 in CPyCppyy::CPPMethod::ExecuteFast(void*, long, CPyCppyy::CallContext*) [clone .isra.0] () from /cvmfs/cms.cern.ch/el9_amd64_gcc12/lcg/root/6.30.07-8b1a11e1ef0e074fdfd44e162b27e71c/lib/libcppyy3_9.so
#13 0x00007f2d9e699316 in CPyCppyy::CPPMethod::Execute(void*, long, CPyCppyy::CallContext*) () from /cvmfs/cms.cern.ch/el9_amd64_gcc12/lcg/root/6.30.07-8b1a11e1ef0e074fdfd44e162b27e71c/lib/libcppyy3_9.so
#14 0x00007f2d9e69a0cf in CPyCppyy::CPPMethod::Call(CPyCppyy::CPPInstance*&, _object*, _object*, CPyCppyy::CallContext*) () from /cvmfs/cms.cern.ch/el9_amd64_gcc12/lcg/root/6.30.07-8b1a11e1ef0e074fdfd44e162b27e71c/lib/libcppyy3_9.so
#15 0x00007f2d9e69ee9a in CPyCppyy::(anonymous namespace)::mp_call(CPyCppyy::CPPOverload*, _object*, _object*) () from /cvmfs/cms.cern.ch/el9_amd64_gcc12/lcg/root/6.30.07-8b1a11e1ef0e074fdfd44e162b27e71c/lib/libcppyy3_9.so
#16 0x00007f2d9eeb786e in _PyObject_MakeTpCall (tstate=0xf84180, callable=callable
entry=0x7f2d7aa03a00, args=args
entry=0x96571d0, nargs=1, keywords=keywords
entry=0x0) at Objects/call.c:191
#17 0x00007f2d9ee6e50a in _PyObject_VectorcallTstate (kwnames=0x0, nargsf=9223372036854775809, args=0x96571d0, callable=0x7f2d7aa03a00, tstate=<optimized out>) at ./Include/cpython/abstract.h:116
#18 _PyObject_VectorcallTstate (kwnames=0x0, nargsf=9223372036854775809, args=0x96571d0, callable=0x7f2d7aa03a00, tstate=<optimized out>) at ./Include/cpython/abstract.h:103
#19 PyObject_Vectorcall (kwnames=0x0, nargsf=9223372036854775809, args=<optimized out>, callable=0x7f2d7aa03a00) at ./Include/cpython/abstract.h:127
#20 call_function (kwnames=0x0, oparg=1, pp_stack=<synthetic pointer>, tstate=0xf84180) at Python/ceval.c:5077
#21 _PyEval_EvalFrameDefault (tstate=<optimized out>, f=<optimized out>, throwflag=<optimized out>) at Python/ceval.c:3489
#22 0x00007f2d9ee659fb in _PyEval_EvalFrame (throwflag=0, f=0x9656ff0, tstate=0xf84180) at ./Include/internal/pycore_ceval.h:40
#23 function_code_fastcall (tstate=0xf84180, co=<optimized out>, args=<optimized out>, nargs=1, globals=<optimized out>) at Objects/call.c:330
#24 0x00007f2d9ee6cd0f in _PyObject_VectorcallTstate (kwnames=0x0, nargsf=<optimized out>, args=0x7f2d7aa12740, callable=0x7f2d9e712700, tstate=0xf84180) at ./Include/cpython/abstract.h:118
#25 PyObject_Vectorcall (kwnames=0x0, nargsf=<optimized out>, args=<optimized out>, callable=<optimized out>) at ./Include/cpython/abstract.h:127
#26 call_function (kwnames=0x0, oparg=<optimized out>, pp_stack=<synthetic pointer>, tstate=0xf84180) at Python/ceval.c:5077
#27 _PyEval_EvalFrameDefault (tstate=<optimized out>, f=<optimized out>, throwflag=<optimized out>) at Python/ceval.c:3506
#28 0x00007f2d9ef9ea91 in _PyEval_EvalFrame (throwflag=0, f=0x7f2d7aa125b0, tstate=0xf84180) at ./Include/internal/pycore_ceval.h:40
#29 _PyEval_EvalCode (tstate=tstate
entry=0xf84180, _co=<optimized out>, globals=<optimized out>, locals=locals
entry=0x0, args=<optimized out>, argcount=1, kwnames=0x7f2d9ea432f8, kwargs=0xfd81b0, kwcount=1, kwstep=1, defs=0x7f2d97df7808, defcount=1, kwdefs=0x0, closure=0x0, name=0x7f2d9e8a6770, qualname=0x7f2d88fab760) at Python/ceval.c:4329
#30 0x00007f2d9eeb769d in _PyFunction_Vectorcall (func=<optimized out>, stack=<optimized out>, nargsf=<optimized out>, kwnames=<optimized out>) at Objects/call.c:396
#31 0x00007f2d9eeba198 in _PyObject_VectorcallTstate (kwnames=0x7f2d9ea432e0, nargsf=1, args=0xfd81a8, callable=0x7f2d88faff70, tstate=0xf84180) at ./Include/cpython/abstract.h:118
#32 method_vectorcall (method=<optimized out>, args=0xfd81b0, nargsf=<optimized out>, kwnames=0x7f2d9ea432e0) at Objects/classobject.c:53
#33 0x00007f2d9ee6bde6 in _PyObject_VectorcallTstate (kwnames=0x7f2d9ea432e0, nargsf=9223372036854775808, args=0xfd81b0, callable=0x7f2d7aa23a00, tstate=0xf84180) at ./Include/cpython/abstract.h:118
#34 PyObject_Vectorcall (kwnames=0x7f2d9ea432e0, nargsf=9223372036854775808, args=0xfd81b0, callable=<optimized out>) at ./Include/cpython/abstract.h:127
#35 call_function (kwnames=0x7f2d9ea432e0, oparg=<optimized out>, pp_stack=<synthetic pointer>, tstate=0xf84180) at Python/ceval.c:5077
#36 _PyEval_EvalFrameDefault (tstate=<optimized out>, f=<optimized out>, throwflag=<optimized out>) at Python/ceval.c:3537
#37 0x00007f2d9ef9ea91 in _PyEval_EvalFrame (throwflag=0, f=0xfd8040, tstate=0xf84180) at ./Include/internal/pycore_ceval.h:40
#38 _PyEval_EvalCode (tstate=0xf84180, _co=_co
entry=0x7f2d9eab83a0, globals=globals
entry=0x7f2d9eada3c0, locals=locals
entry=0x7f2d9eada3c0, args=args
entry=0x0, argcount=argcount
entry=0, kwnames=0x0, kwargs=0x0, kwcount=0, kwstep=2, defs=0x0, defcount=0, kwdefs=0x0, closure=0x0, name=0x0, qualname=0x0) at Python/ceval.c:4329
#39 0x00007f2d9ef9ee32 in _PyEval_EvalCodeWithName (_co=_co
entry=0x7f2d9eab83a0, globals=globals
entry=0x7f2d9eada3c0, locals=locals
entry=0x7f2d9eada3c0, args=args
entry=0x0, argcount=argcount
entry=0, kwnames=kwnames
entry=0x0, kwargs=0x0, kwcount=0, kwstep=2, defs=0x0, defcount=0, kwdefs=0x0, closure=0x0, name=0x0, qualname=0x0) at Python/ceval.c:4361
#40 0x00007f2d9ef9ee7b in PyEval_EvalCodeEx (_co=_co
entry=0x7f2d9eab83a0, globals=globals
entry=0x7f2d9eada3c0, locals=locals
entry=0x7f2d9eada3c0, args=args
entry=0x0, argcount=argcount
entry=0, kws=kws
entry=0x0, kwcount=0, defs=0x0, defcount=0, kwdefs=0x0, closure=0x0) at Python/ceval.c:4377
#41 0x00007f2d9ef9eeab in PyEval_EvalCode (co=co
entry=0x7f2d9eab83a0, globals=globals
entry=0x7f2d9eada3c0, locals=locals
entry=0x7f2d9eada3c0) at Python/ceval.c:828
#42 0x00007f2d9efde3a9 in run_eval_code_obj (locals=0x7f2d9eada3c0, globals=0x7f2d9eada3c0, co=0x7f2d9eab83a0, tstate=0xf84180) at Python/pythonrun.c:1221
#43 run_mod (mod=<optimized out>, filename=filename
entry=0x7f2d9ea45390, globals=globals
entry=0x7f2d9eada3c0, locals=locals
entry=0x7f2d9eada3c0, flags=flags
entry=0x7ffc89f1e0e8, arena=arena
entry=0x7f2d9e8f6fd0) at Python/pythonrun.c:1242
#44 0x00007f2d9efdfdf2 in pyrun_file (flags=0x7ffc89f1e0e8, closeit=1, locals=0x7f2d9eada3c0, globals=0x7f2d9eada3c0, start=257, filename=0x7f2d9ea45390, fp=0xfd70f0) at Python/pythonrun.c:1140
#45 pyrun_simple_file (flags=0x7ffc89f1e0e8, closeit=1, filename=0x7f2d9ea45390, fp=0xfd70f0) at Python/pythonrun.c:450
#46 PyRun_SimpleFileExFlags (fp=fp
entry=0xfd70f0, filename=<optimized out>, closeit=closeit
entry=1, flags=flags
entry=0x7ffc89f1e0e8) at Python/pythonrun.c:483
#47 0x00007f2d9efe0453 in PyRun_AnyFileExFlags (fp=fp
entry=0xfd70f0, filename=<optimized out>, closeit=closeit
entry=1, flags=flags
entry=0x7ffc89f1e0e8) at Python/pythonrun.c:92
#48 0x00007f2d9effde28 in pymain_run_file (cf=0x7ffc89f1e0e8, config=0xf81f60) at Modules/main.c:373
#49 pymain_run_python (exitcode=0x7ffc89f1e0e0) at Modules/main.c:598
#50 Py_RunMain () at Modules/main.c:677
#51 0x00007f2d9effe347 in pymain_main (args=0x7ffc89f1e1d0) at Modules/main.c:707
#52 Py_BytesMain (argc=<optimized out>, argv=<optimized out>) at Modules/main.c:731
#53 0x00007f2d9ec20590 in __libc_start_call_main () from /lib64/libc.so.6
#54 0x00007f2d9ec20640 in __libc_start_main_impl () from /lib64/libc.so.6
#55 0x0000000000401075 in _start ()
===========================================================


The lines below might hint at the cause of the crash. If you see question
marks as part of the stack trace, try to recompile with debugging information
enabled and export CLING_DEBUG=1 environment variable before running.
You may get help by asking at the ROOT forum https://root.cern/forum
preferably using the command (.forum bug) in the ROOT prompt.
Only if you are really convinced it is a bug in ROOT then please submit a
report at https://root.cern/bugs or (preferably) using the command (.gh bug) in
the ROOT prompt. Please post the ENTIRE stack trace
from above as an attachment in addition to anything else
that might help us fixing this issue.
===========================================================
#6  0x00007f2d7a50364d in RooStats::ModelConfig::SetHasOnlyParameters(RooArgSet const&, char const*) () from /cvmfs/cms.cern.ch/el9_amd64_gcc12/lcg/root/6.30.07-8b1a11e1ef0e074fdfd44e162b27e71c/lib/libRooFitCore.so
#7  0x00007f2d7a509d30 in RooStats::ModelConfig::SetObservables(RooArgSet const&) () from /cvmfs/cms.cern.ch/el9_amd64_gcc12/lcg/root/6.30.07-8b1a11e1ef0e074fdfd44e162b27e71c/lib/libRooFitCore.so
#8  0x00007f2d79e79013 in ?? ()
#9  0x0000000000000001 in ?? ()
#10 0x00007f2d9e62a078 in WrapperCall(long, unsigned long, void*, void*, void*) () from /cvmfs/cms.cern.ch/el9_amd64_gcc12/lcg/root/6.30.07-8b1a11e1ef0e074fdfd44e162b27e71c/lib/libcppyy_backend3_9.so
#11 0x00007f2d9e6abe97 in CPyCppyy::(anonymous namespace)::VoidExecutor::Execute(long, void*, CPyCppyy::CallContext*) () from /cvmfs/cms.cern.ch/el9_amd64_gcc12/lcg/root/6.30.07-8b1a11e1ef0e074fdfd44e162b27e71c/lib/libcppyy3_9.so
#12 0x00007f2d9e697f87 in CPyCppyy::CPPMethod::ExecuteFast(void*, long, CPyCppyy::CallContext*) [clone .isra.0] () from /cvmfs/cms.cern.ch/el9_amd64_gcc12/lcg/root/6.30.07-8b1a11e1ef0e074fdfd44e162b27e71c/lib/libcppyy3_9.so
#13 0x00007f2d9e699316 in CPyCppyy::CPPMethod::Execute(void*, long, CPyCppyy::CallContext*) () from /cvmfs/cms.cern.ch/el9_amd64_gcc12/lcg/root/6.30.07-8b1a11e1ef0e074fdfd44e162b27e71c/lib/libcppyy3_9.so
#14 0x00007f2d9e69a0cf in CPyCppyy::CPPMethod::Call(CPyCppyy::CPPInstance*&, _object*, _object*, CPyCppyy::CallContext*) () from /cvmfs/cms.cern.ch/el9_amd64_gcc12/lcg/root/6.30.07-8b1a11e1ef0e074fdfd44e162b27e71c/lib/libcppyy3_9.so
#15 0x00007f2d9e69ee9a in CPyCppyy::(anonymous namespace)::mp_call(CPyCppyy::CPPOverload*, _object*, _object*) () from /cvmfs/cms.cern.ch/el9_amd64_gcc12/lcg/root/6.30.07-8b1a11e1ef0e074fdfd44e162b27e71c/lib/libcppyy3_9.so
#16 0x00007f2d9eeb786e in _PyObject_MakeTpCall (tstate=0xf84180, callable=callable
entry=0x7f2d7aa03a00, args=args
entry=0x96571d0, nargs=1, keywords=keywords
entry=0x0) at Objects/call.c:191
#17 0x00007f2d9ee6e50a in _PyObject_VectorcallTstate (kwnames=0x0, nargsf=9223372036854775809, args=0x96571d0, callable=0x7f2d7aa03a00, tstate=<optimized out>) at ./Include/cpython/abstract.h:116
#18 _PyObject_VectorcallTstate (kwnames=0x0, nargsf=9223372036854775809, args=0x96571d0, callable=0x7f2d7aa03a00, tstate=<optimized out>) at ./Include/cpython/abstract.h:103
#19 PyObject_Vectorcall (kwnames=0x0, nargsf=9223372036854775809, args=<optimized out>, callable=0x7f2d7aa03a00) at ./Include/cpython/abstract.h:127
#20 call_function (kwnames=0x0, oparg=1, pp_stack=<synthetic pointer>, tstate=0xf84180) at Python/ceval.c:5077
#21 _PyEval_EvalFrameDefault (tstate=<optimized out>, f=<optimized out>, throwflag=<optimized out>) at Python/ceval.c:3489
#22 0x00007f2d9ee659fb in _PyEval_EvalFrame (throwflag=0, f=0x9656ff0, tstate=0xf84180) at ./Include/internal/pycore_ceval.h:40
#23 function_code_fastcall (tstate=0xf84180, co=<optimized out>, args=<optimized out>, nargs=1, globals=<optimized out>) at Objects/call.c:330
#24 0x00007f2d9ee6cd0f in _PyObject_VectorcallTstate (kwnames=0x0, nargsf=<optimized out>, args=0x7f2d7aa12740, callable=0x7f2d9e712700, tstate=0xf84180) at ./Include/cpython/abstract.h:118
#25 PyObject_Vectorcall (kwnames=0x0, nargsf=<optimized out>, args=<optimized out>, callable=<optimized out>) at ./Include/cpython/abstract.h:127
#26 call_function (kwnames=0x0, oparg=<optimized out>, pp_stack=<synthetic pointer>, tstate=0xf84180) at Python/ceval.c:5077
#27 _PyEval_EvalFrameDefault (tstate=<optimized out>, f=<optimized out>, throwflag=<optimized out>) at Python/ceval.c:3506
#28 0x00007f2d9ef9ea91 in _PyEval_EvalFrame (throwflag=0, f=0x7f2d7aa125b0, tstate=0xf84180) at ./Include/internal/pycore_ceval.h:40
#29 _PyEval_EvalCode (tstate=tstate
entry=0xf84180, _co=<optimized out>, globals=<optimized out>, locals=locals
entry=0x0, args=<optimized out>, argcount=1, kwnames=0x7f2d9ea432f8, kwargs=0xfd81b0, kwcount=1, kwstep=1, defs=0x7f2d97df7808, defcount=1, kwdefs=0x0, closure=0x0, name=0x7f2d9e8a6770, qualname=0x7f2d88fab760) at Python/ceval.c:4329
#30 0x00007f2d9eeb769d in _PyFunction_Vectorcall (func=<optimized out>, stack=<optimized out>, nargsf=<optimized out>, kwnames=<optimized out>) at Objects/call.c:396
#31 0x00007f2d9eeba198 in _PyObject_VectorcallTstate (kwnames=0x7f2d9ea432e0, nargsf=1, args=0xfd81a8, callable=0x7f2d88faff70, tstate=0xf84180) at ./Include/cpython/abstract.h:118
#32 method_vectorcall (method=<optimized out>, args=0xfd81b0, nargsf=<optimized out>, kwnames=0x7f2d9ea432e0) at Objects/classobject.c:53
#33 0x00007f2d9ee6bde6 in _PyObject_VectorcallTstate (kwnames=0x7f2d9ea432e0, nargsf=9223372036854775808, args=0xfd81b0, callable=0x7f2d7aa23a00, tstate=0xf84180) at ./Include/cpython/abstract.h:118
#34 PyObject_Vectorcall (kwnames=0x7f2d9ea432e0, nargsf=9223372036854775808, args=0xfd81b0, callable=<optimized out>) at ./Include/cpython/abstract.h:127
#35 call_function (kwnames=0x7f2d9ea432e0, oparg=<optimized out>, pp_stack=<synthetic pointer>, tstate=0xf84180) at Python/ceval.c:5077
#36 _PyEval_EvalFrameDefault (tstate=<optimized out>, f=<optimized out>, throwflag=<optimized out>) at Python/ceval.c:3537
#37 0x00007f2d9ef9ea91 in _PyEval_EvalFrame (throwflag=0, f=0xfd8040, tstate=0xf84180) at ./Include/internal/pycore_ceval.h:40
#38 _PyEval_EvalCode (tstate=0xf84180, _co=_co
entry=0x7f2d9eab83a0, globals=globals
entry=0x7f2d9eada3c0, locals=locals
entry=0x7f2d9eada3c0, args=args
entry=0x0, argcount=argcount
entry=0, kwnames=0x0, kwargs=0x0, kwcount=0, kwstep=2, defs=0x0, defcount=0, kwdefs=0x0, closure=0x0, name=0x0, qualname=0x0) at Python/ceval.c:4329
#39 0x00007f2d9ef9ee32 in _PyEval_EvalCodeWithName (_co=_co
entry=0x7f2d9eab83a0, globals=globals
entry=0x7f2d9eada3c0, locals=locals
entry=0x7f2d9eada3c0, args=args
entry=0x0, argcount=argcount
entry=0, kwnames=kwnames
entry=0x0, kwargs=0x0, kwcount=0, kwstep=2, defs=0x0, defcount=0, kwdefs=0x0, closure=0x0, name=0x0, qualname=0x0) at Python/ceval.c:4361
#40 0x00007f2d9ef9ee7b in PyEval_EvalCodeEx (_co=_co
entry=0x7f2d9eab83a0, globals=globals
entry=0x7f2d9eada3c0, locals=locals
entry=0x7f2d9eada3c0, args=args
entry=0x0, argcount=argcount
entry=0, kws=kws
entry=0x0, kwcount=0, defs=0x0, defcount=0, kwdefs=0x0, closure=0x0) at Python/ceval.c:4377
#41 0x00007f2d9ef9eeab in PyEval_EvalCode (co=co
entry=0x7f2d9eab83a0, globals=globals
entry=0x7f2d9eada3c0, locals=locals
entry=0x7f2d9eada3c0) at Python/ceval.c:828
#42 0x00007f2d9efde3a9 in run_eval_code_obj (locals=0x7f2d9eada3c0, globals=0x7f2d9eada3c0, co=0x7f2d9eab83a0, tstate=0xf84180) at Python/pythonrun.c:1221
#43 run_mod (mod=<optimized out>, filename=filename
entry=0x7f2d9ea45390, globals=globals
entry=0x7f2d9eada3c0, locals=locals
entry=0x7f2d9eada3c0, flags=flags
entry=0x7ffc89f1e0e8, arena=arena
entry=0x7f2d9e8f6fd0) at Python/pythonrun.c:1242
#44 0x00007f2d9efdfdf2 in pyrun_file (flags=0x7ffc89f1e0e8, closeit=1, locals=0x7f2d9eada3c0, globals=0x7f2d9eada3c0, start=257, filename=0x7f2d9ea45390, fp=0xfd70f0) at Python/pythonrun.c:1140
#45 pyrun_simple_file (flags=0x7ffc89f1e0e8, closeit=1, filename=0x7f2d9ea45390, fp=0xfd70f0) at Python/pythonrun.c:450
#46 PyRun_SimpleFileExFlags (fp=fp
entry=0xfd70f0, filename=<optimized out>, closeit=closeit
entry=1, flags=flags
entry=0x7ffc89f1e0e8) at Python/pythonrun.c:483
#47 0x00007f2d9efe0453 in PyRun_AnyFileExFlags (fp=fp
entry=0xfd70f0, filename=<optimized out>, closeit=closeit
entry=1, flags=flags
entry=0x7ffc89f1e0e8) at Python/pythonrun.c:92
#48 0x00007f2d9effde28 in pymain_run_file (cf=0x7ffc89f1e0e8, config=0xf81f60) at Modules/main.c:373
#49 pymain_run_python (exitcode=0x7ffc89f1e0e0) at Modules/main.c:598
#50 Py_RunMain () at Modules/main.c:677
#51 0x00007f2d9effe347 in pymain_main (args=0x7ffc89f1e1d0) at Modules/main.c:707
#52 Py_BytesMain (argc=<optimized out>, argv=<optimized out>) at Modules/main.c:731
#53 0x00007f2d9ec20590 in __libc_start_call_main () from /lib64/libc.so.6
#54 0x00007f2d9ec20640 in __libc_start_main_impl () from /lib64/libc.so.6
#55 0x0000000000401075 in _start ()
===========================================================


Error when running the combination:
	File /home/submit/lavezzo/SUEP/CMSSW_14_1_0_pre4/src/SUEPLimits/cards/WH_11_20_fixed_noShape/cards-SUEP_mS125.000_mPhi3.000_T12.000_modegeneric/combined.root does not exist

 ----------------- 

/tmp/submit_higgsCombineSUEP_mS125.000_mPhi3.000_T6.000_modegeneric.AsymptoticLimits.mH125.sh: line 20: warning: here-document at line 7 delimited by end-of-file (wanted `EOF')
Traceback (most recent call last):
  File "/home/submit/lavezzo/SUEP/CMSSW_14_1_0_pre4/bin/el9_amd64_gcc12/combineCards.py", line 162, in <module>
    file = open(fname, "r")
FileNotFoundError: [Errno 2] No such file or directory: 'cards-SUEP_mS125.000_mPhi3.000_T6.000_modegeneric/shapes-GJHScrA2018.dat'
 *** Break *** segmentation violation



===========================================================
There was a crash.
This is the entire stack trace of all threads:
===========================================================

Thread 9 (Thread 0x7ff558028640 (LWP 1456132) "python3"):
#0  0x00007ff57a7a279a in __futex_abstimed_wait_common () from /lib64/libc.so.6
#1  0x00007ff57a7a4fa0 in pthread_cond_wait

GLIBC_2.3.2 () from /lib64/libc.so.6
#2  0x00007ff56358204f in th_worker (tidptr=<optimized out>) at numexpr/module.cpp:60
#3  0x00007ff57a7a5c02 in start_thread () from /lib64/libc.so.6
#4  0x00007ff57a82ac40 in clone3 () from /lib64/libc.so.6

Thread 8 (Thread 0x7ff558829640 (LWP 1456127) "python3"):
#0  0x00007ff57a7a279a in __futex_abstimed_wait_common () from /lib64/libc.so.6
#1  0x00007ff57a7a4fa0 in pthread_cond_wait

GLIBC_2.3.2 () from /lib64/libc.so.6
#2  0x00007ff56358204f in th_worker (tidptr=<optimized out>) at numexpr/module.cpp:60
#3  0x00007ff57a7a5c02 in start_thread () from /lib64/libc.so.6
#4  0x00007ff57a82ac40 in clone3 () from /lib64/libc.so.6

Thread 7 (Thread 0x7ff55902a640 (LWP 1456120) "python3"):
#0  0x00007ff57a7a279a in __futex_abstimed_wait_common () from /lib64/libc.so.6
#1  0x00007ff57a7a4fa0 in pthread_cond_wait

GLIBC_2.3.2 () from /lib64/libc.so.6
#2  0x00007ff56358204f in th_worker (tidptr=<optimized out>) at numexpr/module.cpp:60
#3  0x00007ff57a7a5c02 in start_thread () from /lib64/libc.so.6
#4  0x00007ff57a82ac40 in clone3 () from /lib64/libc.so.6

Thread 6 (Thread 0x7ff55982b640 (LWP 1456116) "python3"):
#0  0x00007ff57a7a279a in __futex_abstimed_wait_common () from /lib64/libc.so.6
#1  0x00007ff57a7a4fa0 in pthread_cond_wait

GLIBC_2.3.2 () from /lib64/libc.so.6
#2  0x00007ff56358204f in th_worker (tidptr=<optimized out>) at numexpr/module.cpp:60
#3  0x00007ff57a7a5c02 in start_thread () from /lib64/libc.so.6
#4  0x00007ff57a82ac40 in clone3 () from /lib64/libc.so.6

Thread 5 (Thread 0x7ff55a02c640 (LWP 1456111) "python3"):
#0  0x00007ff57a7a279a in __futex_abstimed_wait_common () from /lib64/libc.so.6
#1  0x00007ff57a7a4fa0 in pthread_cond_wait

GLIBC_2.3.2 () from /lib64/libc.so.6
#2  0x00007ff56358204f in th_worker (tidptr=<optimized out>) at numexpr/module.cpp:60
#3  0x00007ff57a7a5c02 in start_thread () from /lib64/libc.so.6
#4  0x00007ff57a82ac40 in clone3 () from /lib64/libc.so.6

Thread 4 (Thread 0x7ff55a82d640 (LWP 1456105) "python3"):
#0  0x00007ff57a7a279a in __futex_abstimed_wait_common () from /lib64/libc.so.6
#1  0x00007ff57a7a4fa0 in pthread_cond_wait

GLIBC_2.3.2 () from /lib64/libc.so.6
#2  0x00007ff56358204f in th_worker (tidptr=<optimized out>) at numexpr/module.cpp:60
#3  0x00007ff57a7a5c02 in start_thread () from /lib64/libc.so.6
#4  0x00007ff57a82ac40 in clone3 () from /lib64/libc.so.6

Thread 3 (Thread 0x7ff55b02e640 (LWP 1456100) "python3"):
#0  0x00007ff57a7a279a in __futex_abstimed_wait_common () from /lib64/libc.so.6
#1  0x00007ff57a7a4fa0 in pthread_cond_wait

GLIBC_2.3.2 () from /lib64/libc.so.6
#2  0x00007ff56358204f in th_worker (tidptr=<optimized out>) at numexpr/module.cpp:60
#3  0x00007ff57a7a5c02 in start_thread () from /lib64/libc.so.6
#4  0x00007ff57a82ac40 in clone3 () from /lib64/libc.so.6

Thread 2 (Thread 0x7ff55b82f640 (LWP 1456097) "python3"):
#0  0x00007ff57a7a279a in __futex_abstimed_wait_common () from /lib64/libc.so.6
#1  0x00007ff57a7a4fa0 in pthread_cond_wait

GLIBC_2.3.2 () from /lib64/libc.so.6
#2  0x00007ff56358204f in th_worker (tidptr=<optimized out>) at numexpr/module.cpp:60
#3  0x00007ff57a7a5c02 in start_thread () from /lib64/libc.so.6
#4  0x00007ff57a82ac40 in clone3 () from /lib64/libc.so.6

Thread 1 (Thread 0x7ff57ae25740 (LWP 1449415) "python3"):
#0  0x00007ff57a7f4a3f in wait4 () from /lib64/libc.so.6
#1  0x00007ff57a767243 in do_system () from /lib64/libc.so.6
#2  0x00007ff579f6743d in TUnixSystem::StackTrace() () from /cvmfs/cms.cern.ch/el9_amd64_gcc12/lcg/root/6.30.07-8b1a11e1ef0e074fdfd44e162b27e71c/lib/libCore.so
#3  0x00007ff57adc95a3 in (anonymous namespace)::TExceptionHandlerImp::HandleException(int) () from /cvmfs/cms.cern.ch/el9_amd64_gcc12/lcg/root/6.30.07-8b1a11e1ef0e074fdfd44e162b27e71c/lib/libcppyy_backend3_9.so
#4  0x00007ff579f66c71 in TUnixSystem::DispatchSignals(ESignals) () from /cvmfs/cms.cern.ch/el9_amd64_gcc12/lcg/root/6.30.07-8b1a11e1ef0e074fdfd44e162b27e71c/lib/libCore.so
#5  <signal handler called>
#6  0x00007ff55610364d in RooStats::ModelConfig::SetHasOnlyParameters(RooArgSet const&, char const*) () from /cvmfs/cms.cern.ch/el9_amd64_gcc12/lcg/root/6.30.07-8b1a11e1ef0e074fdfd44e162b27e71c/lib/libRooFitCore.so
#7  0x00007ff556109d30 in RooStats::ModelConfig::SetObservables(RooArgSet const&) () from /cvmfs/cms.cern.ch/el9_amd64_gcc12/lcg/root/6.30.07-8b1a11e1ef0e074fdfd44e162b27e71c/lib/libRooFitCore.so
#8  0x00007ff5544bf013 in ?? ()
#9  0x0000000000000001 in ?? ()
#10 0x00007ff57adca078 in WrapperCall(long, unsigned long, void*, void*, void*) () from /cvmfs/cms.cern.ch/el9_amd64_gcc12/lcg/root/6.30.07-8b1a11e1ef0e074fdfd44e162b27e71c/lib/libcppyy_backend3_9.so
#11 0x00007ff57a235e97 in CPyCppyy::(anonymous namespace)::VoidExecutor::Execute(long, void*, CPyCppyy::CallContext*) () from /cvmfs/cms.cern.ch/el9_amd64_gcc12/lcg/root/6.30.07-8b1a11e1ef0e074fdfd44e162b27e71c/lib/libcppyy3_9.so
#12 0x00007ff57a221f87 in CPyCppyy::CPPMethod::ExecuteFast(void*, long, CPyCppyy::CallContext*) [clone .isra.0] () from /cvmfs/cms.cern.ch/el9_amd64_gcc12/lcg/root/6.30.07-8b1a11e1ef0e074fdfd44e162b27e71c/lib/libcppyy3_9.so
#13 0x00007ff57a223316 in CPyCppyy::CPPMethod::Execute(void*, long, CPyCppyy::CallContext*) () from /cvmfs/cms.cern.ch/el9_amd64_gcc12/lcg/root/6.30.07-8b1a11e1ef0e074fdfd44e162b27e71c/lib/libcppyy3_9.so
#14 0x00007ff57a2240cf in CPyCppyy::CPPMethod::Call(CPyCppyy::CPPInstance*&, _object*, _object*, CPyCppyy::CallContext*) () from /cvmfs/cms.cern.ch/el9_amd64_gcc12/lcg/root/6.30.07-8b1a11e1ef0e074fdfd44e162b27e71c/lib/libcppyy3_9.so
#15 0x00007ff57a228e9a in CPyCppyy::(anonymous namespace)::mp_call(CPyCppyy::CPPOverload*, _object*, _object*) () from /cvmfs/cms.cern.ch/el9_amd64_gcc12/lcg/root/6.30.07-8b1a11e1ef0e074fdfd44e162b27e71c/lib/libcppyy3_9.so
#16 0x00007ff57aab786e in _PyObject_MakeTpCall (tstate=0x699180, callable=callable
entry=0x7ff5565c3a00, args=args
entry=0x9127d80, nargs=1, keywords=keywords
entry=0x0) at Objects/call.c:191
#17 0x00007ff57aa6e50a in _PyObject_VectorcallTstate (kwnames=0x0, nargsf=9223372036854775809, args=0x9127d80, callable=0x7ff5565c3a00, tstate=<optimized out>) at ./Include/cpython/abstract.h:116
#18 _PyObject_VectorcallTstate (kwnames=0x0, nargsf=9223372036854775809, args=0x9127d80, callable=0x7ff5565c3a00, tstate=<optimized out>) at ./Include/cpython/abstract.h:103
#19 PyObject_Vectorcall (kwnames=0x0, nargsf=9223372036854775809, args=<optimized out>, callable=0x7ff5565c3a00) at ./Include/cpython/abstract.h:127
#20 call_function (kwnames=0x0, oparg=1, pp_stack=<synthetic pointer>, tstate=0x699180) at Python/ceval.c:5077
#21 _PyEval_EvalFrameDefault (tstate=<optimized out>, f=<optimized out>, throwflag=<optimized out>) at Python/ceval.c:3489
#22 0x00007ff57aa659fb in _PyEval_EvalFrame (throwflag=0, f=0x9127ba0, tstate=0x699180) at ./Include/internal/pycore_ceval.h:40
#23 function_code_fastcall (tstate=0x699180, co=<optimized out>, args=<optimized out>, nargs=1, globals=<optimized out>) at Objects/call.c:330
#24 0x00007ff57aa6cd0f in _PyObject_VectorcallTstate (kwnames=0x0, nargsf=<optimized out>, args=0x7ff5565d1740, callable=0x7ff57a29c700, tstate=0x699180) at ./Include/cpython/abstract.h:118
#25 PyObject_Vectorcall (kwnames=0x0, nargsf=<optimized out>, args=<optimized out>, callable=<optimized out>) at ./Include/cpython/abstract.h:127
#26 call_function (kwnames=0x0, oparg=<optimized out>, pp_stack=<synthetic pointer>, tstate=0x699180) at Python/ceval.c:5077
#27 _PyEval_EvalFrameDefault (tstate=<optimized out>, f=<optimized out>, throwflag=<optimized out>) at Python/ceval.c:3506
#28 0x00007ff57ab9ea91 in _PyEval_EvalFrame (throwflag=0, f=0x7ff5565d15b0, tstate=0x699180) at ./Include/internal/pycore_ceval.h:40
#29 _PyEval_EvalCode (tstate=tstate
entry=0x699180, _co=<optimized out>, globals=<optimized out>, locals=locals
entry=0x0, args=<optimized out>, argcount=1, kwnames=0x7ff57a5a82f8, kwargs=0x6ed1b0, kwcount=1, kwstep=1, defs=0x7ff5739f7808, defcount=1, kwdefs=0x0, closure=0x0, name=0x7ff57a42f7f0, qualname=0x7ff5649cc6c0) at Python/ceval.c:4329
#30 0x00007ff57aab769d in _PyFunction_Vectorcall (func=<optimized out>, stack=<optimized out>, nargsf=<optimized out>, kwnames=<optimized out>) at Objects/call.c:396
#31 0x00007ff57aaba198 in _PyObject_VectorcallTstate (kwnames=0x7ff57a5a82e0, nargsf=1, args=0x6ed1a8, callable=0x7ff5649cef70, tstate=0x699180) at ./Include/cpython/abstract.h:118
#32 method_vectorcall (method=<optimized out>, args=0x6ed1b0, nargsf=<optimized out>, kwnames=0x7ff57a5a82e0) at Objects/classobject.c:53
#33 0x00007ff57aa6bde6 in _PyObject_VectorcallTstate (kwnames=0x7ff57a5a82e0, nargsf=9223372036854775808, args=0x6ed1b0, callable=0x7ff556d778c0, tstate=0x699180) at ./Include/cpython/abstract.h:118
#34 PyObject_Vectorcall (kwnames=0x7ff57a5a82e0, nargsf=9223372036854775808, args=0x6ed1b0, callable=<optimized out>) at ./Include/cpython/abstract.h:127
#35 call_function (kwnames=0x7ff57a5a82e0, oparg=<optimized out>, pp_stack=<synthetic pointer>, tstate=0x699180) at Python/ceval.c:5077
#36 _PyEval_EvalFrameDefault (tstate=<optimized out>, f=<optimized out>, throwflag=<optimized out>) at Python/ceval.c:3537
#37 0x00007ff57ab9ea91 in _PyEval_EvalFrame (throwflag=0, f=0x6ed040, tstate=0x699180) at ./Include/internal/pycore_ceval.h:40
#38 _PyEval_EvalCode (tstate=0x699180, _co=_co
entry=0x7ff57a61d3a0, globals=globals
entry=0x7ff57a63f3c0, locals=locals
entry=0x7ff57a63f3c0, args=args
entry=0x0, argcount=argcount
entry=0, kwnames=0x0, kwargs=0x0, kwcount=0, kwstep=2, defs=0x0, defcount=0, kwdefs=0x0, closure=0x0, name=0x0, qualname=0x0) at Python/ceval.c:4329
#39 0x00007ff57ab9ee32 in _PyEval_EvalCodeWithName (_co=_co
entry=0x7ff57a61d3a0, globals=globals
entry=0x7ff57a63f3c0, locals=locals
entry=0x7ff57a63f3c0, args=args
entry=0x0, argcount=argcount
entry=0, kwnames=kwnames
entry=0x0, kwargs=0x0, kwcount=0, kwstep=2, defs=0x0, defcount=0, kwdefs=0x0, closure=0x0, name=0x0, qualname=0x0) at Python/ceval.c:4361
#40 0x00007ff57ab9ee7b in PyEval_EvalCodeEx (_co=_co
entry=0x7ff57a61d3a0, globals=globals
entry=0x7ff57a63f3c0, locals=locals
entry=0x7ff57a63f3c0, args=args
entry=0x0, argcount=argcount
entry=0, kws=kws
entry=0x0, kwcount=0, defs=0x0, defcount=0, kwdefs=0x0, closure=0x0) at Python/ceval.c:4377
#41 0x00007ff57ab9eeab in PyEval_EvalCode (co=co
entry=0x7ff57a61d3a0, globals=globals
entry=0x7ff57a63f3c0, locals=locals
entry=0x7ff57a63f3c0) at Python/ceval.c:828
#42 0x00007ff57abde3a9 in run_eval_code_obj (locals=0x7ff57a63f3c0, globals=0x7ff57a63f3c0, co=0x7ff57a61d3a0, tstate=0x699180) at Python/pythonrun.c:1221
#43 run_mod (mod=<optimized out>, filename=filename
entry=0x7ff57a5aa390, globals=globals
entry=0x7ff57a63f3c0, locals=locals
entry=0x7ff57a63f3c0, flags=flags
entry=0x7ffed9913db8, arena=arena
entry=0x7ff57a47ffd0) at Python/pythonrun.c:1242
#44 0x00007ff57abdfdf2 in pyrun_file (flags=0x7ffed9913db8, closeit=1, locals=0x7ff57a63f3c0, globals=0x7ff57a63f3c0, start=257, filename=0x7ff57a5aa390, fp=0x6ec0f0) at Python/pythonrun.c:1140
#45 pyrun_simple_file (flags=0x7ffed9913db8, closeit=1, filename=0x7ff57a5aa390, fp=0x6ec0f0) at Python/pythonrun.c:450
#46 PyRun_SimpleFileExFlags (fp=fp
entry=0x6ec0f0, filename=<optimized out>, closeit=closeit
entry=1, flags=flags
entry=0x7ffed9913db8) at Python/pythonrun.c:483
#47 0x00007ff57abe0453 in PyRun_AnyFileExFlags (fp=fp
entry=0x6ec0f0, filename=<optimized out>, closeit=closeit
entry=1, flags=flags
entry=0x7ffed9913db8) at Python/pythonrun.c:92
#48 0x00007ff57abfde28 in pymain_run_file (cf=0x7ffed9913db8, config=0x696f60) at Modules/main.c:373
#49 pymain_run_python (exitcode=0x7ffed9913db0) at Modules/main.c:598
#50 Py_RunMain () at Modules/main.c:677
#51 0x00007ff57abfe347 in pymain_main (args=0x7ffed9913ea0) at Modules/main.c:707
#52 Py_BytesMain (argc=<optimized out>, argv=<optimized out>) at Modules/main.c:731
#53 0x00007ff57a745590 in __libc_start_call_main () from /lib64/libc.so.6
#54 0x00007ff57a745640 in __libc_start_main_impl () from /lib64/libc.so.6
#55 0x0000000000401075 in _start ()
===========================================================


The lines below might hint at the cause of the crash. If you see question
marks as part of the stack trace, try to recompile with debugging information
enabled and export CLING_DEBUG=1 environment variable before running.
You may get help by asking at the ROOT forum https://root.cern/forum
preferably using the command (.forum bug) in the ROOT prompt.
Only if you are really convinced it is a bug in ROOT then please submit a
report at https://root.cern/bugs or (preferably) using the command (.gh bug) in
the ROOT prompt. Please post the ENTIRE stack trace
from above as an attachment in addition to anything else
that might help us fixing this issue.
===========================================================
#6  0x00007ff55610364d in RooStats::ModelConfig::SetHasOnlyParameters(RooArgSet const&, char const*) () from /cvmfs/cms.cern.ch/el9_amd64_gcc12/lcg/root/6.30.07-8b1a11e1ef0e074fdfd44e162b27e71c/lib/libRooFitCore.so
#7  0x00007ff556109d30 in RooStats::ModelConfig::SetObservables(RooArgSet const&) () from /cvmfs/cms.cern.ch/el9_amd64_gcc12/lcg/root/6.30.07-8b1a11e1ef0e074fdfd44e162b27e71c/lib/libRooFitCore.so
#8  0x00007ff5544bf013 in ?? ()
#9  0x0000000000000001 in ?? ()
#10 0x00007ff57adca078 in WrapperCall(long, unsigned long, void*, void*, void*) () from /cvmfs/cms.cern.ch/el9_amd64_gcc12/lcg/root/6.30.07-8b1a11e1ef0e074fdfd44e162b27e71c/lib/libcppyy_backend3_9.so
#11 0x00007ff57a235e97 in CPyCppyy::(anonymous namespace)::VoidExecutor::Execute(long, void*, CPyCppyy::CallContext*) () from /cvmfs/cms.cern.ch/el9_amd64_gcc12/lcg/root/6.30.07-8b1a11e1ef0e074fdfd44e162b27e71c/lib/libcppyy3_9.so
#12 0x00007ff57a221f87 in CPyCppyy::CPPMethod::ExecuteFast(void*, long, CPyCppyy::CallContext*) [clone .isra.0] () from /cvmfs/cms.cern.ch/el9_amd64_gcc12/lcg/root/6.30.07-8b1a11e1ef0e074fdfd44e162b27e71c/lib/libcppyy3_9.so
#13 0x00007ff57a223316 in CPyCppyy::CPPMethod::Execute(void*, long, CPyCppyy::CallContext*) () from /cvmfs/cms.cern.ch/el9_amd64_gcc12/lcg/root/6.30.07-8b1a11e1ef0e074fdfd44e162b27e71c/lib/libcppyy3_9.so
#14 0x00007ff57a2240cf in CPyCppyy::CPPMethod::Call(CPyCppyy::CPPInstance*&, _object*, _object*, CPyCppyy::CallContext*) () from /cvmfs/cms.cern.ch/el9_amd64_gcc12/lcg/root/6.30.07-8b1a11e1ef0e074fdfd44e162b27e71c/lib/libcppyy3_9.so
#15 0x00007ff57a228e9a in CPyCppyy::(anonymous namespace)::mp_call(CPyCppyy::CPPOverload*, _object*, _object*) () from /cvmfs/cms.cern.ch/el9_amd64_gcc12/lcg/root/6.30.07-8b1a11e1ef0e074fdfd44e162b27e71c/lib/libcppyy3_9.so
#16 0x00007ff57aab786e in _PyObject_MakeTpCall (tstate=0x699180, callable=callable
entry=0x7ff5565c3a00, args=args
entry=0x9127d80, nargs=1, keywords=keywords
entry=0x0) at Objects/call.c:191
#17 0x00007ff57aa6e50a in _PyObject_VectorcallTstate (kwnames=0x0, nargsf=9223372036854775809, args=0x9127d80, callable=0x7ff5565c3a00, tstate=<optimized out>) at ./Include/cpython/abstract.h:116
#18 _PyObject_VectorcallTstate (kwnames=0x0, nargsf=9223372036854775809, args=0x9127d80, callable=0x7ff5565c3a00, tstate=<optimized out>) at ./Include/cpython/abstract.h:103
#19 PyObject_Vectorcall (kwnames=0x0, nargsf=9223372036854775809, args=<optimized out>, callable=0x7ff5565c3a00) at ./Include/cpython/abstract.h:127
#20 call_function (kwnames=0x0, oparg=1, pp_stack=<synthetic pointer>, tstate=0x699180) at Python/ceval.c:5077
#21 _PyEval_EvalFrameDefault (tstate=<optimized out>, f=<optimized out>, throwflag=<optimized out>) at Python/ceval.c:3489
#22 0x00007ff57aa659fb in _PyEval_EvalFrame (throwflag=0, f=0x9127ba0, tstate=0x699180) at ./Include/internal/pycore_ceval.h:40
#23 function_code_fastcall (tstate=0x699180, co=<optimized out>, args=<optimized out>, nargs=1, globals=<optimized out>) at Objects/call.c:330
#24 0x00007ff57aa6cd0f in _PyObject_VectorcallTstate (kwnames=0x0, nargsf=<optimized out>, args=0x7ff5565d1740, callable=0x7ff57a29c700, tstate=0x699180) at ./Include/cpython/abstract.h:118
#25 PyObject_Vectorcall (kwnames=0x0, nargsf=<optimized out>, args=<optimized out>, callable=<optimized out>) at ./Include/cpython/abstract.h:127
#26 call_function (kwnames=0x0, oparg=<optimized out>, pp_stack=<synthetic pointer>, tstate=0x699180) at Python/ceval.c:5077
#27 _PyEval_EvalFrameDefault (tstate=<optimized out>, f=<optimized out>, throwflag=<optimized out>) at Python/ceval.c:3506
#28 0x00007ff57ab9ea91 in _PyEval_EvalFrame (throwflag=0, f=0x7ff5565d15b0, tstate=0x699180) at ./Include/internal/pycore_ceval.h:40
#29 _PyEval_EvalCode (tstate=tstate
entry=0x699180, _co=<optimized out>, globals=<optimized out>, locals=locals
entry=0x0, args=<optimized out>, argcount=1, kwnames=0x7ff57a5a82f8, kwargs=0x6ed1b0, kwcount=1, kwstep=1, defs=0x7ff5739f7808, defcount=1, kwdefs=0x0, closure=0x0, name=0x7ff57a42f7f0, qualname=0x7ff5649cc6c0) at Python/ceval.c:4329
#30 0x00007ff57aab769d in _PyFunction_Vectorcall (func=<optimized out>, stack=<optimized out>, nargsf=<optimized out>, kwnames=<optimized out>) at Objects/call.c:396
#31 0x00007ff57aaba198 in _PyObject_VectorcallTstate (kwnames=0x7ff57a5a82e0, nargsf=1, args=0x6ed1a8, callable=0x7ff5649cef70, tstate=0x699180) at ./Include/cpython/abstract.h:118
#32 method_vectorcall (method=<optimized out>, args=0x6ed1b0, nargsf=<optimized out>, kwnames=0x7ff57a5a82e0) at Objects/classobject.c:53
#33 0x00007ff57aa6bde6 in _PyObject_VectorcallTstate (kwnames=0x7ff57a5a82e0, nargsf=9223372036854775808, args=0x6ed1b0, callable=0x7ff556d778c0, tstate=0x699180) at ./Include/cpython/abstract.h:118
#34 PyObject_Vectorcall (kwnames=0x7ff57a5a82e0, nargsf=9223372036854775808, args=0x6ed1b0, callable=<optimized out>) at ./Include/cpython/abstract.h:127
#35 call_function (kwnames=0x7ff57a5a82e0, oparg=<optimized out>, pp_stack=<synthetic pointer>, tstate=0x699180) at Python/ceval.c:5077
#36 _PyEval_EvalFrameDefault (tstate=<optimized out>, f=<optimized out>, throwflag=<optimized out>) at Python/ceval.c:3537
#37 0x00007ff57ab9ea91 in _PyEval_EvalFrame (throwflag=0, f=0x6ed040, tstate=0x699180) at ./Include/internal/pycore_ceval.h:40
#38 _PyEval_EvalCode (tstate=0x699180, _co=_co
entry=0x7ff57a61d3a0, globals=globals
entry=0x7ff57a63f3c0, locals=locals
entry=0x7ff57a63f3c0, args=args
entry=0x0, argcount=argcount
entry=0, kwnames=0x0, kwargs=0x0, kwcount=0, kwstep=2, defs=0x0, defcount=0, kwdefs=0x0, closure=0x0, name=0x0, qualname=0x0) at Python/ceval.c:4329
#39 0x00007ff57ab9ee32 in _PyEval_EvalCodeWithName (_co=_co
entry=0x7ff57a61d3a0, globals=globals
entry=0x7ff57a63f3c0, locals=locals
entry=0x7ff57a63f3c0, args=args
entry=0x0, argcount=argcount
entry=0, kwnames=kwnames
entry=0x0, kwargs=0x0, kwcount=0, kwstep=2, defs=0x0, defcount=0, kwdefs=0x0, closure=0x0, name=0x0, qualname=0x0) at Python/ceval.c:4361
#40 0x00007ff57ab9ee7b in PyEval_EvalCodeEx (_co=_co
entry=0x7ff57a61d3a0, globals=globals
entry=0x7ff57a63f3c0, locals=locals
entry=0x7ff57a63f3c0, args=args
entry=0x0, argcount=argcount
entry=0, kws=kws
entry=0x0, kwcount=0, defs=0x0, defcount=0, kwdefs=0x0, closure=0x0) at Python/ceval.c:4377
#41 0x00007ff57ab9eeab in PyEval_EvalCode (co=co
entry=0x7ff57a61d3a0, globals=globals
entry=0x7ff57a63f3c0, locals=locals
entry=0x7ff57a63f3c0) at Python/ceval.c:828
#42 0x00007ff57abde3a9 in run_eval_code_obj (locals=0x7ff57a63f3c0, globals=0x7ff57a63f3c0, co=0x7ff57a61d3a0, tstate=0x699180) at Python/pythonrun.c:1221
#43 run_mod (mod=<optimized out>, filename=filename
entry=0x7ff57a5aa390, globals=globals
entry=0x7ff57a63f3c0, locals=locals
entry=0x7ff57a63f3c0, flags=flags
entry=0x7ffed9913db8, arena=arena
entry=0x7ff57a47ffd0) at Python/pythonrun.c:1242
#44 0x00007ff57abdfdf2 in pyrun_file (flags=0x7ffed9913db8, closeit=1, locals=0x7ff57a63f3c0, globals=0x7ff57a63f3c0, start=257, filename=0x7ff57a5aa390, fp=0x6ec0f0) at Python/pythonrun.c:1140
#45 pyrun_simple_file (flags=0x7ffed9913db8, closeit=1, filename=0x7ff57a5aa390, fp=0x6ec0f0) at Python/pythonrun.c:450
#46 PyRun_SimpleFileExFlags (fp=fp
entry=0x6ec0f0, filename=<optimized out>, closeit=closeit
entry=1, flags=flags
entry=0x7ffed9913db8) at Python/pythonrun.c:483
#47 0x00007ff57abe0453 in PyRun_AnyFileExFlags (fp=fp
entry=0x6ec0f0, filename=<optimized out>, closeit=closeit
entry=1, flags=flags
entry=0x7ffed9913db8) at Python/pythonrun.c:92
#48 0x00007ff57abfde28 in pymain_run_file (cf=0x7ffed9913db8, config=0x696f60) at Modules/main.c:373
#49 pymain_run_python (exitcode=0x7ffed9913db0) at Modules/main.c:598
#50 Py_RunMain () at Modules/main.c:677
#51 0x00007ff57abfe347 in pymain_main (args=0x7ffed9913ea0) at Modules/main.c:707
#52 Py_BytesMain (argc=<optimized out>, argv=<optimized out>) at Modules/main.c:731
#53 0x00007ff57a745590 in __libc_start_call_main () from /lib64/libc.so.6
#54 0x00007ff57a745640 in __libc_start_main_impl () from /lib64/libc.so.6
#55 0x0000000000401075 in _start ()
===========================================================


 *** Break *** segmentation violation



===========================================================
There was a crash.
This is the entire stack trace of all threads:
===========================================================

Thread 9 (Thread 0x7ff558028640 (LWP 1456132) "python3"):
#0  0x00007ff57a7a279a in __futex_abstimed_wait_common () from /lib64/libc.so.6
#1  0x00007ff57a7a4fa0 in pthread_cond_wait

GLIBC_2.3.2 () from /lib64/libc.so.6
#2  0x00007ff56358204f in th_worker (tidptr=<optimized out>) at numexpr/module.cpp:60
#3  0x00007ff57a7a5c02 in start_thread () from /lib64/libc.so.6
#4  0x00007ff57a82ac40 in clone3 () from /lib64/libc.so.6

Thread 8 (Thread 0x7ff558829640 (LWP 1456127) "python3"):
#0  0x00007ff57a7a279a in __futex_abstimed_wait_common () from /lib64/libc.so.6
#1  0x00007ff57a7a4fa0 in pthread_cond_wait

GLIBC_2.3.2 () from /lib64/libc.so.6
#2  0x00007ff56358204f in th_worker (tidptr=<optimized out>) at numexpr/module.cpp:60
#3  0x00007ff57a7a5c02 in start_thread () from /lib64/libc.so.6
#4  0x00007ff57a82ac40 in clone3 () from /lib64/libc.so.6

Thread 7 (Thread 0x7ff55902a640 (LWP 1456120) "python3"):
#0  0x00007ff57a7a279a in __futex_abstimed_wait_common () from /lib64/libc.so.6
#1  0x00007ff57a7a4fa0 in pthread_cond_wait

GLIBC_2.3.2 () from /lib64/libc.so.6
#2  0x00007ff56358204f in th_worker (tidptr=<optimized out>) at numexpr/module.cpp:60
#3  0x00007ff57a7a5c02 in start_thread () from /lib64/libc.so.6
#4  0x00007ff57a82ac40 in clone3 () from /lib64/libc.so.6

Thread 6 (Thread 0x7ff55982b640 (LWP 1456116) "python3"):
#0  0x00007ff57a7a279a in __futex_abstimed_wait_common () from /lib64/libc.so.6
#1  0x00007ff57a7a4fa0 in pthread_cond_wait

GLIBC_2.3.2 () from /lib64/libc.so.6
#2  0x00007ff56358204f in th_worker (tidptr=<optimized out>) at numexpr/module.cpp:60
#3  0x00007ff57a7a5c02 in start_thread () from /lib64/libc.so.6
#4  0x00007ff57a82ac40 in clone3 () from /lib64/libc.so.6

Thread 5 (Thread 0x7ff55a02c640 (LWP 1456111) "python3"):
#0  0x00007ff57a7a279a in __futex_abstimed_wait_common () from /lib64/libc.so.6
#1  0x00007ff57a7a4fa0 in pthread_cond_wait

GLIBC_2.3.2 () from /lib64/libc.so.6
#2  0x00007ff56358204f in th_worker (tidptr=<optimized out>) at numexpr/module.cpp:60
#3  0x00007ff57a7a5c02 in start_thread () from /lib64/libc.so.6
#4  0x00007ff57a82ac40 in clone3 () from /lib64/libc.so.6

Thread 4 (Thread 0x7ff55a82d640 (LWP 1456105) "python3"):
#0  0x00007ff57a7a279a in __futex_abstimed_wait_common () from /lib64/libc.so.6
#1  0x00007ff57a7a4fa0 in pthread_cond_wait

GLIBC_2.3.2 () from /lib64/libc.so.6
#2  0x00007ff56358204f in th_worker (tidptr=<optimized out>) at numexpr/module.cpp:60
#3  0x00007ff57a7a5c02 in start_thread () from /lib64/libc.so.6
#4  0x00007ff57a82ac40 in clone3 () from /lib64/libc.so.6

Thread 3 (Thread 0x7ff55b02e640 (LWP 1456100) "python3"):
#0  0x00007ff57a7a279a in __futex_abstimed_wait_common () from /lib64/libc.so.6
#1  0x00007ff57a7a4fa0 in pthread_cond_wait

GLIBC_2.3.2 () from /lib64/libc.so.6
#2  0x00007ff56358204f in th_worker (tidptr=<optimized out>) at numexpr/module.cpp:60
#3  0x00007ff57a7a5c02 in start_thread () from /lib64/libc.so.6
#4  0x00007ff57a82ac40 in clone3 () from /lib64/libc.so.6

Thread 2 (Thread 0x7ff55b82f640 (LWP 1456097) "python3"):
#0  0x00007ff57a7a279a in __futex_abstimed_wait_common () from /lib64/libc.so.6
#1  0x00007ff57a7a4fa0 in pthread_cond_wait

GLIBC_2.3.2 () from /lib64/libc.so.6
#2  0x00007ff56358204f in th_worker (tidptr=<optimized out>) at numexpr/module.cpp:60
#3  0x00007ff57a7a5c02 in start_thread () from /lib64/libc.so.6
#4  0x00007ff57a82ac40 in clone3 () from /lib64/libc.so.6

Thread 1 (Thread 0x7ff57ae25740 (LWP 1449415) "python3"):
#0  0x00007ff57a7f4a3f in wait4 () from /lib64/libc.so.6
#1  0x00007ff57a767243 in do_system () from /lib64/libc.so.6
#2  0x00007ff579f6743d in TUnixSystem::StackTrace() () from /cvmfs/cms.cern.ch/el9_amd64_gcc12/lcg/root/6.30.07-8b1a11e1ef0e074fdfd44e162b27e71c/lib/libCore.so
#3  0x00007ff57adc9423 in (anonymous namespace)::TExceptionHandlerImp::HandleException(int) () from /cvmfs/cms.cern.ch/el9_amd64_gcc12/lcg/root/6.30.07-8b1a11e1ef0e074fdfd44e162b27e71c/lib/libcppyy_backend3_9.so
#4  0x00007ff579f66c71 in TUnixSystem::DispatchSignals(ESignals) () from /cvmfs/cms.cern.ch/el9_amd64_gcc12/lcg/root/6.30.07-8b1a11e1ef0e074fdfd44e162b27e71c/lib/libCore.so
#5  <signal handler called>
#6  0x00007ff55610364d in RooStats::ModelConfig::SetHasOnlyParameters(RooArgSet const&, char const*) () from /cvmfs/cms.cern.ch/el9_amd64_gcc12/lcg/root/6.30.07-8b1a11e1ef0e074fdfd44e162b27e71c/lib/libRooFitCore.so
#7  0x00007ff556109d30 in RooStats::ModelConfig::SetObservables(RooArgSet const&) () from /cvmfs/cms.cern.ch/el9_amd64_gcc12/lcg/root/6.30.07-8b1a11e1ef0e074fdfd44e162b27e71c/lib/libRooFitCore.so
#8  0x00007ff5544bf013 in ?? ()
#9  0x0000000000000001 in ?? ()
#10 0x00007ff57adca078 in WrapperCall(long, unsigned long, void*, void*, void*) () from /cvmfs/cms.cern.ch/el9_amd64_gcc12/lcg/root/6.30.07-8b1a11e1ef0e074fdfd44e162b27e71c/lib/libcppyy_backend3_9.so
#11 0x00007ff57a235e97 in CPyCppyy::(anonymous namespace)::VoidExecutor::Execute(long, void*, CPyCppyy::CallContext*) () from /cvmfs/cms.cern.ch/el9_amd64_gcc12/lcg/root/6.30.07-8b1a11e1ef0e074fdfd44e162b27e71c/lib/libcppyy3_9.so
#12 0x00007ff57a221f87 in CPyCppyy::CPPMethod::ExecuteFast(void*, long, CPyCppyy::CallContext*) [clone .isra.0] () from /cvmfs/cms.cern.ch/el9_amd64_gcc12/lcg/root/6.30.07-8b1a11e1ef0e074fdfd44e162b27e71c/lib/libcppyy3_9.so
#13 0x00007ff57a223316 in CPyCppyy::CPPMethod::Execute(void*, long, CPyCppyy::CallContext*) () from /cvmfs/cms.cern.ch/el9_amd64_gcc12/lcg/root/6.30.07-8b1a11e1ef0e074fdfd44e162b27e71c/lib/libcppyy3_9.so
#14 0x00007ff57a2240cf in CPyCppyy::CPPMethod::Call(CPyCppyy::CPPInstance*&, _object*, _object*, CPyCppyy::CallContext*) () from /cvmfs/cms.cern.ch/el9_amd64_gcc12/lcg/root/6.30.07-8b1a11e1ef0e074fdfd44e162b27e71c/lib/libcppyy3_9.so
#15 0x00007ff57a228e9a in CPyCppyy::(anonymous namespace)::mp_call(CPyCppyy::CPPOverload*, _object*, _object*) () from /cvmfs/cms.cern.ch/el9_amd64_gcc12/lcg/root/6.30.07-8b1a11e1ef0e074fdfd44e162b27e71c/lib/libcppyy3_9.so
#16 0x00007ff57aab786e in _PyObject_MakeTpCall (tstate=0x699180, callable=callable
entry=0x7ff5565c3a00, args=args
entry=0x9127d80, nargs=1, keywords=keywords
entry=0x0) at Objects/call.c:191
#17 0x00007ff57aa6e50a in _PyObject_VectorcallTstate (kwnames=0x0, nargsf=9223372036854775809, args=0x9127d80, callable=0x7ff5565c3a00, tstate=<optimized out>) at ./Include/cpython/abstract.h:116
#18 _PyObject_VectorcallTstate (kwnames=0x0, nargsf=9223372036854775809, args=0x9127d80, callable=0x7ff5565c3a00, tstate=<optimized out>) at ./Include/cpython/abstract.h:103
#19 PyObject_Vectorcall (kwnames=0x0, nargsf=9223372036854775809, args=<optimized out>, callable=0x7ff5565c3a00) at ./Include/cpython/abstract.h:127
#20 call_function (kwnames=0x0, oparg=1, pp_stack=<synthetic pointer>, tstate=0x699180) at Python/ceval.c:5077
#21 _PyEval_EvalFrameDefault (tstate=<optimized out>, f=<optimized out>, throwflag=<optimized out>) at Python/ceval.c:3489
#22 0x00007ff57aa659fb in _PyEval_EvalFrame (throwflag=0, f=0x9127ba0, tstate=0x699180) at ./Include/internal/pycore_ceval.h:40
#23 function_code_fastcall (tstate=0x699180, co=<optimized out>, args=<optimized out>, nargs=1, globals=<optimized out>) at Objects/call.c:330
#24 0x00007ff57aa6cd0f in _PyObject_VectorcallTstate (kwnames=0x0, nargsf=<optimized out>, args=0x7ff5565d1740, callable=0x7ff57a29c700, tstate=0x699180) at ./Include/cpython/abstract.h:118
#25 PyObject_Vectorcall (kwnames=0x0, nargsf=<optimized out>, args=<optimized out>, callable=<optimized out>) at ./Include/cpython/abstract.h:127
#26 call_function (kwnames=0x0, oparg=<optimized out>, pp_stack=<synthetic pointer>, tstate=0x699180) at Python/ceval.c:5077
#27 _PyEval_EvalFrameDefault (tstate=<optimized out>, f=<optimized out>, throwflag=<optimized out>) at Python/ceval.c:3506
#28 0x00007ff57ab9ea91 in _PyEval_EvalFrame (throwflag=0, f=0x7ff5565d15b0, tstate=0x699180) at ./Include/internal/pycore_ceval.h:40
#29 _PyEval_EvalCode (tstate=tstate
entry=0x699180, _co=<optimized out>, globals=<optimized out>, locals=locals
entry=0x0, args=<optimized out>, argcount=1, kwnames=0x7ff57a5a82f8, kwargs=0x6ed1b0, kwcount=1, kwstep=1, defs=0x7ff5739f7808, defcount=1, kwdefs=0x0, closure=0x0, name=0x7ff57a42f7f0, qualname=0x7ff5649cc6c0) at Python/ceval.c:4329
#30 0x00007ff57aab769d in _PyFunction_Vectorcall (func=<optimized out>, stack=<optimized out>, nargsf=<optimized out>, kwnames=<optimized out>) at Objects/call.c:396
#31 0x00007ff57aaba198 in _PyObject_VectorcallTstate (kwnames=0x7ff57a5a82e0, nargsf=1, args=0x6ed1a8, callable=0x7ff5649cef70, tstate=0x699180) at ./Include/cpython/abstract.h:118
#32 method_vectorcall (method=<optimized out>, args=0x6ed1b0, nargsf=<optimized out>, kwnames=0x7ff57a5a82e0) at Objects/classobject.c:53
#33 0x00007ff57aa6bde6 in _PyObject_VectorcallTstate (kwnames=0x7ff57a5a82e0, nargsf=9223372036854775808, args=0x6ed1b0, callable=0x7ff556d778c0, tstate=0x699180) at ./Include/cpython/abstract.h:118
#34 PyObject_Vectorcall (kwnames=0x7ff57a5a82e0, nargsf=9223372036854775808, args=0x6ed1b0, callable=<optimized out>) at ./Include/cpython/abstract.h:127
#35 call_function (kwnames=0x7ff57a5a82e0, oparg=<optimized out>, pp_stack=<synthetic pointer>, tstate=0x699180) at Python/ceval.c:5077
#36 _PyEval_EvalFrameDefault (tstate=<optimized out>, f=<optimized out>, throwflag=<optimized out>) at Python/ceval.c:3537
#37 0x00007ff57ab9ea91 in _PyEval_EvalFrame (throwflag=0, f=0x6ed040, tstate=0x699180) at ./Include/internal/pycore_ceval.h:40
#38 _PyEval_EvalCode (tstate=0x699180, _co=_co
entry=0x7ff57a61d3a0, globals=globals
entry=0x7ff57a63f3c0, locals=locals
entry=0x7ff57a63f3c0, args=args
entry=0x0, argcount=argcount
entry=0, kwnames=0x0, kwargs=0x0, kwcount=0, kwstep=2, defs=0x0, defcount=0, kwdefs=0x0, closure=0x0, name=0x0, qualname=0x0) at Python/ceval.c:4329
#39 0x00007ff57ab9ee32 in _PyEval_EvalCodeWithName (_co=_co
entry=0x7ff57a61d3a0, globals=globals
entry=0x7ff57a63f3c0, locals=locals
entry=0x7ff57a63f3c0, args=args
entry=0x0, argcount=argcount
entry=0, kwnames=kwnames
entry=0x0, kwargs=0x0, kwcount=0, kwstep=2, defs=0x0, defcount=0, kwdefs=0x0, closure=0x0, name=0x0, qualname=0x0) at Python/ceval.c:4361
#40 0x00007ff57ab9ee7b in PyEval_EvalCodeEx (_co=_co
entry=0x7ff57a61d3a0, globals=globals
entry=0x7ff57a63f3c0, locals=locals
entry=0x7ff57a63f3c0, args=args
entry=0x0, argcount=argcount
entry=0, kws=kws
entry=0x0, kwcount=0, defs=0x0, defcount=0, kwdefs=0x0, closure=0x0) at Python/ceval.c:4377
#41 0x00007ff57ab9eeab in PyEval_EvalCode (co=co
entry=0x7ff57a61d3a0, globals=globals
entry=0x7ff57a63f3c0, locals=locals
entry=0x7ff57a63f3c0) at Python/ceval.c:828
#42 0x00007ff57abde3a9 in run_eval_code_obj (locals=0x7ff57a63f3c0, globals=0x7ff57a63f3c0, co=0x7ff57a61d3a0, tstate=0x699180) at Python/pythonrun.c:1221
#43 run_mod (mod=<optimized out>, filename=filename
entry=0x7ff57a5aa390, globals=globals
entry=0x7ff57a63f3c0, locals=locals
entry=0x7ff57a63f3c0, flags=flags
entry=0x7ffed9913db8, arena=arena
entry=0x7ff57a47ffd0) at Python/pythonrun.c:1242
#44 0x00007ff57abdfdf2 in pyrun_file (flags=0x7ffed9913db8, closeit=1, locals=0x7ff57a63f3c0, globals=0x7ff57a63f3c0, start=257, filename=0x7ff57a5aa390, fp=0x6ec0f0) at Python/pythonrun.c:1140
#45 pyrun_simple_file (flags=0x7ffed9913db8, closeit=1, filename=0x7ff57a5aa390, fp=0x6ec0f0) at Python/pythonrun.c:450
#46 PyRun_SimpleFileExFlags (fp=fp
entry=0x6ec0f0, filename=<optimized out>, closeit=closeit
entry=1, flags=flags
entry=0x7ffed9913db8) at Python/pythonrun.c:483
#47 0x00007ff57abe0453 in PyRun_AnyFileExFlags (fp=fp
entry=0x6ec0f0, filename=<optimized out>, closeit=closeit
entry=1, flags=flags
entry=0x7ffed9913db8) at Python/pythonrun.c:92
#48 0x00007ff57abfde28 in pymain_run_file (cf=0x7ffed9913db8, config=0x696f60) at Modules/main.c:373
#49 pymain_run_python (exitcode=0x7ffed9913db0) at Modules/main.c:598
#50 Py_RunMain () at Modules/main.c:677
#51 0x00007ff57abfe347 in pymain_main (args=0x7ffed9913ea0) at Modules/main.c:707
#52 Py_BytesMain (argc=<optimized out>, argv=<optimized out>) at Modules/main.c:731
#53 0x00007ff57a745590 in __libc_start_call_main () from /lib64/libc.so.6
#54 0x00007ff57a745640 in __libc_start_main_impl () from /lib64/libc.so.6
#55 0x0000000000401075 in _start ()
===========================================================


The lines below might hint at the cause of the crash. If you see question
marks as part of the stack trace, try to recompile with debugging information
enabled and export CLING_DEBUG=1 environment variable before running.
You may get help by asking at the ROOT forum https://root.cern/forum
preferably using the command (.forum bug) in the ROOT prompt.
Only if you are really convinced it is a bug in ROOT then please submit a
report at https://root.cern/bugs or (preferably) using the command (.gh bug) in
the ROOT prompt. Please post the ENTIRE stack trace
from above as an attachment in addition to anything else
that might help us fixing this issue.
===========================================================
#6  0x00007ff55610364d in RooStats::ModelConfig::SetHasOnlyParameters(RooArgSet const&, char const*) () from /cvmfs/cms.cern.ch/el9_amd64_gcc12/lcg/root/6.30.07-8b1a11e1ef0e074fdfd44e162b27e71c/lib/libRooFitCore.so
#7  0x00007ff556109d30 in RooStats::ModelConfig::SetObservables(RooArgSet const&) () from /cvmfs/cms.cern.ch/el9_amd64_gcc12/lcg/root/6.30.07-8b1a11e1ef0e074fdfd44e162b27e71c/lib/libRooFitCore.so
#8  0x00007ff5544bf013 in ?? ()
#9  0x0000000000000001 in ?? ()
#10 0x00007ff57adca078 in WrapperCall(long, unsigned long, void*, void*, void*) () from /cvmfs/cms.cern.ch/el9_amd64_gcc12/lcg/root/6.30.07-8b1a11e1ef0e074fdfd44e162b27e71c/lib/libcppyy_backend3_9.so
#11 0x00007ff57a235e97 in CPyCppyy::(anonymous namespace)::VoidExecutor::Execute(long, void*, CPyCppyy::CallContext*) () from /cvmfs/cms.cern.ch/el9_amd64_gcc12/lcg/root/6.30.07-8b1a11e1ef0e074fdfd44e162b27e71c/lib/libcppyy3_9.so
#12 0x00007ff57a221f87 in CPyCppyy::CPPMethod::ExecuteFast(void*, long, CPyCppyy::CallContext*) [clone .isra.0] () from /cvmfs/cms.cern.ch/el9_amd64_gcc12/lcg/root/6.30.07-8b1a11e1ef0e074fdfd44e162b27e71c/lib/libcppyy3_9.so
#13 0x00007ff57a223316 in CPyCppyy::CPPMethod::Execute(void*, long, CPyCppyy::CallContext*) () from /cvmfs/cms.cern.ch/el9_amd64_gcc12/lcg/root/6.30.07-8b1a11e1ef0e074fdfd44e162b27e71c/lib/libcppyy3_9.so
#14 0x00007ff57a2240cf in CPyCppyy::CPPMethod::Call(CPyCppyy::CPPInstance*&, _object*, _object*, CPyCppyy::CallContext*) () from /cvmfs/cms.cern.ch/el9_amd64_gcc12/lcg/root/6.30.07-8b1a11e1ef0e074fdfd44e162b27e71c/lib/libcppyy3_9.so
#15 0x00007ff57a228e9a in CPyCppyy::(anonymous namespace)::mp_call(CPyCppyy::CPPOverload*, _object*, _object*) () from /cvmfs/cms.cern.ch/el9_amd64_gcc12/lcg/root/6.30.07-8b1a11e1ef0e074fdfd44e162b27e71c/lib/libcppyy3_9.so
#16 0x00007ff57aab786e in _PyObject_MakeTpCall (tstate=0x699180, callable=callable
entry=0x7ff5565c3a00, args=args
entry=0x9127d80, nargs=1, keywords=keywords
entry=0x0) at Objects/call.c:191
#17 0x00007ff57aa6e50a in _PyObject_VectorcallTstate (kwnames=0x0, nargsf=9223372036854775809, args=0x9127d80, callable=0x7ff5565c3a00, tstate=<optimized out>) at ./Include/cpython/abstract.h:116
#18 _PyObject_VectorcallTstate (kwnames=0x0, nargsf=9223372036854775809, args=0x9127d80, callable=0x7ff5565c3a00, tstate=<optimized out>) at ./Include/cpython/abstract.h:103
#19 PyObject_Vectorcall (kwnames=0x0, nargsf=9223372036854775809, args=<optimized out>, callable=0x7ff5565c3a00) at ./Include/cpython/abstract.h:127
#20 call_function (kwnames=0x0, oparg=1, pp_stack=<synthetic pointer>, tstate=0x699180) at Python/ceval.c:5077
#21 _PyEval_EvalFrameDefault (tstate=<optimized out>, f=<optimized out>, throwflag=<optimized out>) at Python/ceval.c:3489
#22 0x00007ff57aa659fb in _PyEval_EvalFrame (throwflag=0, f=0x9127ba0, tstate=0x699180) at ./Include/internal/pycore_ceval.h:40
#23 function_code_fastcall (tstate=0x699180, co=<optimized out>, args=<optimized out>, nargs=1, globals=<optimized out>) at Objects/call.c:330
#24 0x00007ff57aa6cd0f in _PyObject_VectorcallTstate (kwnames=0x0, nargsf=<optimized out>, args=0x7ff5565d1740, callable=0x7ff57a29c700, tstate=0x699180) at ./Include/cpython/abstract.h:118
#25 PyObject_Vectorcall (kwnames=0x0, nargsf=<optimized out>, args=<optimized out>, callable=<optimized out>) at ./Include/cpython/abstract.h:127
#26 call_function (kwnames=0x0, oparg=<optimized out>, pp_stack=<synthetic pointer>, tstate=0x699180) at Python/ceval.c:5077
#27 _PyEval_EvalFrameDefault (tstate=<optimized out>, f=<optimized out>, throwflag=<optimized out>) at Python/ceval.c:3506
#28 0x00007ff57ab9ea91 in _PyEval_EvalFrame (throwflag=0, f=0x7ff5565d15b0, tstate=0x699180) at ./Include/internal/pycore_ceval.h:40
#29 _PyEval_EvalCode (tstate=tstate
entry=0x699180, _co=<optimized out>, globals=<optimized out>, locals=locals
entry=0x0, args=<optimized out>, argcount=1, kwnames=0x7ff57a5a82f8, kwargs=0x6ed1b0, kwcount=1, kwstep=1, defs=0x7ff5739f7808, defcount=1, kwdefs=0x0, closure=0x0, name=0x7ff57a42f7f0, qualname=0x7ff5649cc6c0) at Python/ceval.c:4329
#30 0x00007ff57aab769d in _PyFunction_Vectorcall (func=<optimized out>, stack=<optimized out>, nargsf=<optimized out>, kwnames=<optimized out>) at Objects/call.c:396
#31 0x00007ff57aaba198 in _PyObject_VectorcallTstate (kwnames=0x7ff57a5a82e0, nargsf=1, args=0x6ed1a8, callable=0x7ff5649cef70, tstate=0x699180) at ./Include/cpython/abstract.h:118
#32 method_vectorcall (method=<optimized out>, args=0x6ed1b0, nargsf=<optimized out>, kwnames=0x7ff57a5a82e0) at Objects/classobject.c:53
#33 0x00007ff57aa6bde6 in _PyObject_VectorcallTstate (kwnames=0x7ff57a5a82e0, nargsf=9223372036854775808, args=0x6ed1b0, callable=0x7ff556d778c0, tstate=0x699180) at ./Include/cpython/abstract.h:118
#34 PyObject_Vectorcall (kwnames=0x7ff57a5a82e0, nargsf=9223372036854775808, args=0x6ed1b0, callable=<optimized out>) at ./Include/cpython/abstract.h:127
#35 call_function (kwnames=0x7ff57a5a82e0, oparg=<optimized out>, pp_stack=<synthetic pointer>, tstate=0x699180) at Python/ceval.c:5077
#36 _PyEval_EvalFrameDefault (tstate=<optimized out>, f=<optimized out>, throwflag=<optimized out>) at Python/ceval.c:3537
#37 0x00007ff57ab9ea91 in _PyEval_EvalFrame (throwflag=0, f=0x6ed040, tstate=0x699180) at ./Include/internal/pycore_ceval.h:40
#38 _PyEval_EvalCode (tstate=0x699180, _co=_co
entry=0x7ff57a61d3a0, globals=globals
entry=0x7ff57a63f3c0, locals=locals
entry=0x7ff57a63f3c0, args=args
entry=0x0, argcount=argcount
entry=0, kwnames=0x0, kwargs=0x0, kwcount=0, kwstep=2, defs=0x0, defcount=0, kwdefs=0x0, closure=0x0, name=0x0, qualname=0x0) at Python/ceval.c:4329
#39 0x00007ff57ab9ee32 in _PyEval_EvalCodeWithName (_co=_co
entry=0x7ff57a61d3a0, globals=globals
entry=0x7ff57a63f3c0, locals=locals
entry=0x7ff57a63f3c0, args=args
entry=0x0, argcount=argcount
entry=0, kwnames=kwnames
entry=0x0, kwargs=0x0, kwcount=0, kwstep=2, defs=0x0, defcount=0, kwdefs=0x0, closure=0x0, name=0x0, qualname=0x0) at Python/ceval.c:4361
#40 0x00007ff57ab9ee7b in PyEval_EvalCodeEx (_co=_co
entry=0x7ff57a61d3a0, globals=globals
entry=0x7ff57a63f3c0, locals=locals
entry=0x7ff57a63f3c0, args=args
entry=0x0, argcount=argcount
entry=0, kws=kws
entry=0x0, kwcount=0, defs=0x0, defcount=0, kwdefs=0x0, closure=0x0) at Python/ceval.c:4377
#41 0x00007ff57ab9eeab in PyEval_EvalCode (co=co
entry=0x7ff57a61d3a0, globals=globals
entry=0x7ff57a63f3c0, locals=locals
entry=0x7ff57a63f3c0) at Python/ceval.c:828
#42 0x00007ff57abde3a9 in run_eval_code_obj (locals=0x7ff57a63f3c0, globals=0x7ff57a63f3c0, co=0x7ff57a61d3a0, tstate=0x699180) at Python/pythonrun.c:1221
#43 run_mod (mod=<optimized out>, filename=filename
entry=0x7ff57a5aa390, globals=globals
entry=0x7ff57a63f3c0, locals=locals
entry=0x7ff57a63f3c0, flags=flags
entry=0x7ffed9913db8, arena=arena
entry=0x7ff57a47ffd0) at Python/pythonrun.c:1242
#44 0x00007ff57abdfdf2 in pyrun_file (flags=0x7ffed9913db8, closeit=1, locals=0x7ff57a63f3c0, globals=0x7ff57a63f3c0, start=257, filename=0x7ff57a5aa390, fp=0x6ec0f0) at Python/pythonrun.c:1140
#45 pyrun_simple_file (flags=0x7ffed9913db8, closeit=1, filename=0x7ff57a5aa390, fp=0x6ec0f0) at Python/pythonrun.c:450
#46 PyRun_SimpleFileExFlags (fp=fp
entry=0x6ec0f0, filename=<optimized out>, closeit=closeit
entry=1, flags=flags
entry=0x7ffed9913db8) at Python/pythonrun.c:483
#47 0x00007ff57abe0453 in PyRun_AnyFileExFlags (fp=fp
entry=0x6ec0f0, filename=<optimized out>, closeit=closeit
entry=1, flags=flags
entry=0x7ffed9913db8) at Python/pythonrun.c:92
#48 0x00007ff57abfde28 in pymain_run_file (cf=0x7ffed9913db8, config=0x696f60) at Modules/main.c:373
#49 pymain_run_python (exitcode=0x7ffed9913db0) at Modules/main.c:598
#50 Py_RunMain () at Modules/main.c:677
#51 0x00007ff57abfe347 in pymain_main (args=0x7ffed9913ea0) at Modules/main.c:707
#52 Py_BytesMain (argc=<optimized out>, argv=<optimized out>) at Modules/main.c:731
#53 0x00007ff57a745590 in __libc_start_call_main () from /lib64/libc.so.6
#54 0x00007ff57a745640 in __libc_start_main_impl () from /lib64/libc.so.6
#55 0x0000000000401075 in _start ()
===========================================================


Error when running the combination:
	File /home/submit/lavezzo/SUEP/CMSSW_14_1_0_pre4/src/SUEPLimits/cards/WH_11_20_fixed_noShape/cards-SUEP_mS125.000_mPhi3.000_T6.000_modegeneric/combined.root does not exist

 ----------------- 

/tmp/submit_higgsCombineSUEP_mS125.000_mPhi3.000_T3.000_modegeneric.AsymptoticLimits.mH125.sh: line 20: warning: here-document at line 7 delimited by end-of-file (wanted `EOF')
Traceback (most recent call last):
  File "/home/submit/lavezzo/SUEP/CMSSW_14_1_0_pre4/bin/el9_amd64_gcc12/combineCards.py", line 162, in <module>
    file = open(fname, "r")
FileNotFoundError: [Errno 2] No such file or directory: 'cards-SUEP_mS125.000_mPhi3.000_T3.000_modegeneric/shapes-GJHScrA2018.dat'
 *** Break *** segmentation violation



===========================================================
There was a crash.
This is the entire stack trace of all threads:
===========================================================

Thread 9 (Thread 0x7f7f51443640 (LWP 1456135) "python3"):
#0  0x00007f7f73c7d79a in __futex_abstimed_wait_common () from /lib64/libc.so.6
#1  0x00007f7f73c7ffa0 in pthread_cond_wait

GLIBC_2.3.2 () from /lib64/libc.so.6
#2  0x00007f7f54cef04f in th_worker (tidptr=<optimized out>) at numexpr/module.cpp:60
#3  0x00007f7f73c80c02 in start_thread () from /lib64/libc.so.6
#4  0x00007f7f73d05c40 in clone3 () from /lib64/libc.so.6

Thread 8 (Thread 0x7f7f51c44640 (LWP 1456129) "python3"):
#0  0x00007f7f73c7d79a in __futex_abstimed_wait_common () from /lib64/libc.so.6
#1  0x00007f7f73c7ffa0 in pthread_cond_wait

GLIBC_2.3.2 () from /lib64/libc.so.6
#2  0x00007f7f54cef04f in th_worker (tidptr=<optimized out>) at numexpr/module.cpp:60
#3  0x00007f7f73c80c02 in start_thread () from /lib64/libc.so.6
#4  0x00007f7f73d05c40 in clone3 () from /lib64/libc.so.6

Thread 7 (Thread 0x7f7f52445640 (LWP 1456122) "python3"):
#0  0x00007f7f73c7d79a in __futex_abstimed_wait_common () from /lib64/libc.so.6
#1  0x00007f7f73c7ffa0 in pthread_cond_wait

GLIBC_2.3.2 () from /lib64/libc.so.6
#2  0x00007f7f54cef04f in th_worker (tidptr=<optimized out>) at numexpr/module.cpp:60
#3  0x00007f7f73c80c02 in start_thread () from /lib64/libc.so.6
#4  0x00007f7f73d05c40 in clone3 () from /lib64/libc.so.6

Thread 6 (Thread 0x7f7f52c46640 (LWP 1456119) "python3"):
#0  0x00007f7f73c7d79a in __futex_abstimed_wait_common () from /lib64/libc.so.6
#1  0x00007f7f73c7ffa0 in pthread_cond_wait

GLIBC_2.3.2 () from /lib64/libc.so.6
#2  0x00007f7f54cef04f in th_worker (tidptr=<optimized out>) at numexpr/module.cpp:60
#3  0x00007f7f73c80c02 in start_thread () from /lib64/libc.so.6
#4  0x00007f7f73d05c40 in clone3 () from /lib64/libc.so.6

Thread 5 (Thread 0x7f7f53447640 (LWP 1456114) "python3"):
#0  0x00007f7f73c7d79a in __futex_abstimed_wait_common () from /lib64/libc.so.6
#1  0x00007f7f73c7ffa0 in pthread_cond_wait

GLIBC_2.3.2 () from /lib64/libc.so.6
#2  0x00007f7f54cef04f in th_worker (tidptr=<optimized out>) at numexpr/module.cpp:60
#3  0x00007f7f73c80c02 in start_thread () from /lib64/libc.so.6
#4  0x00007f7f73d05c40 in clone3 () from /lib64/libc.so.6

Thread 4 (Thread 0x7f7f53c48640 (LWP 1456108) "python3"):
#0  0x00007f7f73c7d79a in __futex_abstimed_wait_common () from /lib64/libc.so.6
#1  0x00007f7f73c7ffa0 in pthread_cond_wait

GLIBC_2.3.2 () from /lib64/libc.so.6
#2  0x00007f7f54cef04f in th_worker (tidptr=<optimized out>) at numexpr/module.cpp:60
#3  0x00007f7f73c80c02 in start_thread () from /lib64/libc.so.6
#4  0x00007f7f73d05c40 in clone3 () from /lib64/libc.so.6

Thread 3 (Thread 0x7f7f54449640 (LWP 1456102) "python3"):
#0  0x00007f7f73c7d79a in __futex_abstimed_wait_common () from /lib64/libc.so.6
#1  0x00007f7f73c7ffa0 in pthread_cond_wait

GLIBC_2.3.2 () from /lib64/libc.so.6
#2  0x00007f7f54cef04f in th_worker (tidptr=<optimized out>) at numexpr/module.cpp:60
#3  0x00007f7f73c80c02 in start_thread () from /lib64/libc.so.6
#4  0x00007f7f73d05c40 in clone3 () from /lib64/libc.so.6

Thread 2 (Thread 0x7f7f54c4a640 (LWP 1456094) "python3"):
#0  0x00007f7f73c7d79a in __futex_abstimed_wait_common () from /lib64/libc.so.6
#1  0x00007f7f73c7ffa0 in pthread_cond_wait

GLIBC_2.3.2 () from /lib64/libc.so.6
#2  0x00007f7f54cef04f in th_worker (tidptr=<optimized out>) at numexpr/module.cpp:60
#3  0x00007f7f73c80c02 in start_thread () from /lib64/libc.so.6
#4  0x00007f7f73d05c40 in clone3 () from /lib64/libc.so.6

Thread 1 (Thread 0x7f7f73bf2740 (LWP 1449418) "python3"):
#0  0x00007f7f73ccfa3f in wait4 () from /lib64/libc.so.6
#1  0x00007f7f73c42243 in do_system () from /lib64/libc.so.6
#2  0x00007f7f7336743d in TUnixSystem::StackTrace() () from /cvmfs/cms.cern.ch/el9_amd64_gcc12/lcg/root/6.30.07-8b1a11e1ef0e074fdfd44e162b27e71c/lib/libCore.so
#3  0x00007f7f736245a3 in (anonymous namespace)::TExceptionHandlerImp::HandleException(int) () from /cvmfs/cms.cern.ch/el9_amd64_gcc12/lcg/root/6.30.07-8b1a11e1ef0e074fdfd44e162b27e71c/lib/libcppyy_backend3_9.so
#4  0x00007f7f73366c71 in TUnixSystem::DispatchSignals(ESignals) () from /cvmfs/cms.cern.ch/el9_amd64_gcc12/lcg/root/6.30.07-8b1a11e1ef0e074fdfd44e162b27e71c/lib/libCore.so
#5  <signal handler called>
#6  0x00007f7f4f50364d in RooStats::ModelConfig::SetHasOnlyParameters(RooArgSet const&, char const*) () from /cvmfs/cms.cern.ch/el9_amd64_gcc12/lcg/root/6.30.07-8b1a11e1ef0e074fdfd44e162b27e71c/lib/libRooFitCore.so
#7  0x00007f7f4f509d30 in RooStats::ModelConfig::SetObservables(RooArgSet const&) () from /cvmfs/cms.cern.ch/el9_amd64_gcc12/lcg/root/6.30.07-8b1a11e1ef0e074fdfd44e162b27e71c/lib/libRooFitCore.so
#8  0x00007f7f4ee6f013 in ?? ()
#9  0x0000000000000001 in ?? ()
#10 0x00007f7f73625078 in WrapperCall(long, unsigned long, void*, void*, void*) () from /cvmfs/cms.cern.ch/el9_amd64_gcc12/lcg/root/6.30.07-8b1a11e1ef0e074fdfd44e162b27e71c/lib/libcppyy_backend3_9.so
#11 0x00007f7f736a6e97 in CPyCppyy::(anonymous namespace)::VoidExecutor::Execute(long, void*, CPyCppyy::CallContext*) () from /cvmfs/cms.cern.ch/el9_amd64_gcc12/lcg/root/6.30.07-8b1a11e1ef0e074fdfd44e162b27e71c/lib/libcppyy3_9.so
#12 0x00007f7f73692f87 in CPyCppyy::CPPMethod::ExecuteFast(void*, long, CPyCppyy::CallContext*) [clone .isra.0] () from /cvmfs/cms.cern.ch/el9_amd64_gcc12/lcg/root/6.30.07-8b1a11e1ef0e074fdfd44e162b27e71c/lib/libcppyy3_9.so
#13 0x00007f7f73694316 in CPyCppyy::CPPMethod::Execute(void*, long, CPyCppyy::CallContext*) () from /cvmfs/cms.cern.ch/el9_amd64_gcc12/lcg/root/6.30.07-8b1a11e1ef0e074fdfd44e162b27e71c/lib/libcppyy3_9.so
#14 0x00007f7f736950cf in CPyCppyy::CPPMethod::Call(CPyCppyy::CPPInstance*&, _object*, _object*, CPyCppyy::CallContext*) () from /cvmfs/cms.cern.ch/el9_amd64_gcc12/lcg/root/6.30.07-8b1a11e1ef0e074fdfd44e162b27e71c/lib/libcppyy3_9.so
#15 0x00007f7f73699e9a in CPyCppyy::(anonymous namespace)::mp_call(CPyCppyy::CPPOverload*, _object*, _object*) () from /cvmfs/cms.cern.ch/el9_amd64_gcc12/lcg/root/6.30.07-8b1a11e1ef0e074fdfd44e162b27e71c/lib/libcppyy3_9.so
#16 0x00007f7f73eb786e in _PyObject_MakeTpCall (tstate=0x18f8180, callable=callable
entry=0x7f7f4fa03a00, args=args
entry=0xa042a10, nargs=1, keywords=keywords
entry=0x0) at Objects/call.c:191
#17 0x00007f7f73e6e50a in _PyObject_VectorcallTstate (kwnames=0x0, nargsf=9223372036854775809, args=0xa042a10, callable=0x7f7f4fa03a00, tstate=<optimized out>) at ./Include/cpython/abstract.h:116
#18 _PyObject_VectorcallTstate (kwnames=0x0, nargsf=9223372036854775809, args=0xa042a10, callable=0x7f7f4fa03a00, tstate=<optimized out>) at ./Include/cpython/abstract.h:103
#19 PyObject_Vectorcall (kwnames=0x0, nargsf=9223372036854775809, args=<optimized out>, callable=0x7f7f4fa03a00) at ./Include/cpython/abstract.h:127
#20 call_function (kwnames=0x0, oparg=1, pp_stack=<synthetic pointer>, tstate=0x18f8180) at Python/ceval.c:5077
#21 _PyEval_EvalFrameDefault (tstate=<optimized out>, f=<optimized out>, throwflag=<optimized out>) at Python/ceval.c:3489
#22 0x00007f7f73e659fb in _PyEval_EvalFrame (throwflag=0, f=0xa042830, tstate=0x18f8180) at ./Include/internal/pycore_ceval.h:40
#23 function_code_fastcall (tstate=0x18f8180, co=<optimized out>, args=<optimized out>, nargs=1, globals=<optimized out>) at Objects/call.c:330
#24 0x00007f7f73e6cd0f in _PyObject_VectorcallTstate (kwnames=0x0, nargsf=<optimized out>, args=0x7f7f4fa11740, callable=0x7f7f7370d700, tstate=0x18f8180) at ./Include/cpython/abstract.h:118
#25 PyObject_Vectorcall (kwnames=0x0, nargsf=<optimized out>, args=<optimized out>, callable=<optimized out>) at ./Include/cpython/abstract.h:127
#26 call_function (kwnames=0x0, oparg=<optimized out>, pp_stack=<synthetic pointer>, tstate=0x18f8180) at Python/ceval.c:5077
#27 _PyEval_EvalFrameDefault (tstate=<optimized out>, f=<optimized out>, throwflag=<optimized out>) at Python/ceval.c:3506
#28 0x00007f7f73f9ea91 in _PyEval_EvalFrame (throwflag=0, f=0x7f7f4fa115b0, tstate=0x18f8180) at ./Include/internal/pycore_ceval.h:40
#29 _PyEval_EvalCode (tstate=tstate
entry=0x18f8180, _co=<optimized out>, globals=<optimized out>, locals=locals
entry=0x0, args=<optimized out>, argcount=1, kwnames=0x7f7f73a3e2f8, kwargs=0x194c1b0, kwcount=1, kwstep=1, defs=0x7f7f6cdf7808, defcount=1, kwdefs=0x0, closure=0x0, name=0x7f7f738a07b0, qualname=0x7f7f5dfab710) at Python/ceval.c:4329
#30 0x00007f7f73eb769d in _PyFunction_Vectorcall (func=<optimized out>, stack=<optimized out>, nargsf=<optimized out>, kwnames=<optimized out>) at Objects/call.c:396
#31 0x00007f7f73eba198 in _PyObject_VectorcallTstate (kwnames=0x7f7f73a3e2e0, nargsf=1, args=0x194c1a8, callable=0x7f7f5dfaff70, tstate=0x18f8180) at ./Include/cpython/abstract.h:118
#32 method_vectorcall (method=<optimized out>, args=0x194c1b0, nargsf=<optimized out>, kwnames=0x7f7f73a3e2e0) at Objects/classobject.c:53
#33 0x00007f7f73e6bde6 in _PyObject_VectorcallTstate (kwnames=0x7f7f73a3e2e0, nargsf=9223372036854775808, args=0x194c1b0, callable=0x7f7f4fa23840, tstate=0x18f8180) at ./Include/cpython/abstract.h:118
#34 PyObject_Vectorcall (kwnames=0x7f7f73a3e2e0, nargsf=9223372036854775808, args=0x194c1b0, callable=<optimized out>) at ./Include/cpython/abstract.h:127
#35 call_function (kwnames=0x7f7f73a3e2e0, oparg=<optimized out>, pp_stack=<synthetic pointer>, tstate=0x18f8180) at Python/ceval.c:5077
#36 _PyEval_EvalFrameDefault (tstate=<optimized out>, f=<optimized out>, throwflag=<optimized out>) at Python/ceval.c:3537
#37 0x00007f7f73f9ea91 in _PyEval_EvalFrame (throwflag=0, f=0x194c040, tstate=0x18f8180) at ./Include/internal/pycore_ceval.h:40
#38 _PyEval_EvalCode (tstate=0x18f8180, _co=_co
entry=0x7f7f73ab33a0, globals=globals
entry=0x7f7f73ad53c0, locals=locals
entry=0x7f7f73ad53c0, args=args
entry=0x0, argcount=argcount
entry=0, kwnames=0x0, kwargs=0x0, kwcount=0, kwstep=2, defs=0x0, defcount=0, kwdefs=0x0, closure=0x0, name=0x0, qualname=0x0) at Python/ceval.c:4329
#39 0x00007f7f73f9ee32 in _PyEval_EvalCodeWithName (_co=_co
entry=0x7f7f73ab33a0, globals=globals
entry=0x7f7f73ad53c0, locals=locals
entry=0x7f7f73ad53c0, args=args
entry=0x0, argcount=argcount
entry=0, kwnames=kwnames
entry=0x0, kwargs=0x0, kwcount=0, kwstep=2, defs=0x0, defcount=0, kwdefs=0x0, closure=0x0, name=0x0, qualname=0x0) at Python/ceval.c:4361
#40 0x00007f7f73f9ee7b in PyEval_EvalCodeEx (_co=_co
entry=0x7f7f73ab33a0, globals=globals
entry=0x7f7f73ad53c0, locals=locals
entry=0x7f7f73ad53c0, args=args
entry=0x0, argcount=argcount
entry=0, kws=kws
entry=0x0, kwcount=0, defs=0x0, defcount=0, kwdefs=0x0, closure=0x0) at Python/ceval.c:4377
#41 0x00007f7f73f9eeab in PyEval_EvalCode (co=co
entry=0x7f7f73ab33a0, globals=globals
entry=0x7f7f73ad53c0, locals=locals
entry=0x7f7f73ad53c0) at Python/ceval.c:828
#42 0x00007f7f73fde3a9 in run_eval_code_obj (locals=0x7f7f73ad53c0, globals=0x7f7f73ad53c0, co=0x7f7f73ab33a0, tstate=0x18f8180) at Python/pythonrun.c:1221
#43 run_mod (mod=<optimized out>, filename=filename
entry=0x7f7f73a40390, globals=globals
entry=0x7f7f73ad53c0, locals=locals
entry=0x7f7f73ad53c0, flags=flags
entry=0x7ffd37c3ca18, arena=arena
entry=0x7f7f738f0fd0) at Python/pythonrun.c:1242
#44 0x00007f7f73fdfdf2 in pyrun_file (flags=0x7ffd37c3ca18, closeit=1, locals=0x7f7f73ad53c0, globals=0x7f7f73ad53c0, start=257, filename=0x7f7f73a40390, fp=0x194b0f0) at Python/pythonrun.c:1140
#45 pyrun_simple_file (flags=0x7ffd37c3ca18, closeit=1, filename=0x7f7f73a40390, fp=0x194b0f0) at Python/pythonrun.c:450
#46 PyRun_SimpleFileExFlags (fp=fp
entry=0x194b0f0, filename=<optimized out>, closeit=closeit
entry=1, flags=flags
entry=0x7ffd37c3ca18) at Python/pythonrun.c:483
#47 0x00007f7f73fe0453 in PyRun_AnyFileExFlags (fp=fp
entry=0x194b0f0, filename=<optimized out>, closeit=closeit
entry=1, flags=flags
entry=0x7ffd37c3ca18) at Python/pythonrun.c:92
#48 0x00007f7f73ffde28 in pymain_run_file (cf=0x7ffd37c3ca18, config=0x18f5f60) at Modules/main.c:373
#49 pymain_run_python (exitcode=0x7ffd37c3ca10) at Modules/main.c:598
#50 Py_RunMain () at Modules/main.c:677
#51 0x00007f7f73ffe347 in pymain_main (args=0x7ffd37c3cb00) at Modules/main.c:707
#52 Py_BytesMain (argc=<optimized out>, argv=<optimized out>) at Modules/main.c:731
#53 0x00007f7f73c20590 in __libc_start_call_main () from /lib64/libc.so.6
#54 0x00007f7f73c20640 in __libc_start_main_impl () from /lib64/libc.so.6
#55 0x0000000000401075 in _start ()
===========================================================


The lines below might hint at the cause of the crash. If you see question
marks as part of the stack trace, try to recompile with debugging information
enabled and export CLING_DEBUG=1 environment variable before running.
You may get help by asking at the ROOT forum https://root.cern/forum
preferably using the command (.forum bug) in the ROOT prompt.
Only if you are really convinced it is a bug in ROOT then please submit a
report at https://root.cern/bugs or (preferably) using the command (.gh bug) in
the ROOT prompt. Please post the ENTIRE stack trace
from above as an attachment in addition to anything else
that might help us fixing this issue.
===========================================================
#6  0x00007f7f4f50364d in RooStats::ModelConfig::SetHasOnlyParameters(RooArgSet const&, char const*) () from /cvmfs/cms.cern.ch/el9_amd64_gcc12/lcg/root/6.30.07-8b1a11e1ef0e074fdfd44e162b27e71c/lib/libRooFitCore.so
#7  0x00007f7f4f509d30 in RooStats::ModelConfig::SetObservables(RooArgSet const&) () from /cvmfs/cms.cern.ch/el9_amd64_gcc12/lcg/root/6.30.07-8b1a11e1ef0e074fdfd44e162b27e71c/lib/libRooFitCore.so
#8  0x00007f7f4ee6f013 in ?? ()
#9  0x0000000000000001 in ?? ()
#10 0x00007f7f73625078 in WrapperCall(long, unsigned long, void*, void*, void*) () from /cvmfs/cms.cern.ch/el9_amd64_gcc12/lcg/root/6.30.07-8b1a11e1ef0e074fdfd44e162b27e71c/lib/libcppyy_backend3_9.so
#11 0x00007f7f736a6e97 in CPyCppyy::(anonymous namespace)::VoidExecutor::Execute(long, void*, CPyCppyy::CallContext*) () from /cvmfs/cms.cern.ch/el9_amd64_gcc12/lcg/root/6.30.07-8b1a11e1ef0e074fdfd44e162b27e71c/lib/libcppyy3_9.so
#12 0x00007f7f73692f87 in CPyCppyy::CPPMethod::ExecuteFast(void*, long, CPyCppyy::CallContext*) [clone .isra.0] () from /cvmfs/cms.cern.ch/el9_amd64_gcc12/lcg/root/6.30.07-8b1a11e1ef0e074fdfd44e162b27e71c/lib/libcppyy3_9.so
#13 0x00007f7f73694316 in CPyCppyy::CPPMethod::Execute(void*, long, CPyCppyy::CallContext*) () from /cvmfs/cms.cern.ch/el9_amd64_gcc12/lcg/root/6.30.07-8b1a11e1ef0e074fdfd44e162b27e71c/lib/libcppyy3_9.so
#14 0x00007f7f736950cf in CPyCppyy::CPPMethod::Call(CPyCppyy::CPPInstance*&, _object*, _object*, CPyCppyy::CallContext*) () from /cvmfs/cms.cern.ch/el9_amd64_gcc12/lcg/root/6.30.07-8b1a11e1ef0e074fdfd44e162b27e71c/lib/libcppyy3_9.so
#15 0x00007f7f73699e9a in CPyCppyy::(anonymous namespace)::mp_call(CPyCppyy::CPPOverload*, _object*, _object*) () from /cvmfs/cms.cern.ch/el9_amd64_gcc12/lcg/root/6.30.07-8b1a11e1ef0e074fdfd44e162b27e71c/lib/libcppyy3_9.so
#16 0x00007f7f73eb786e in _PyObject_MakeTpCall (tstate=0x18f8180, callable=callable
entry=0x7f7f4fa03a00, args=args
entry=0xa042a10, nargs=1, keywords=keywords
entry=0x0) at Objects/call.c:191
#17 0x00007f7f73e6e50a in _PyObject_VectorcallTstate (kwnames=0x0, nargsf=9223372036854775809, args=0xa042a10, callable=0x7f7f4fa03a00, tstate=<optimized out>) at ./Include/cpython/abstract.h:116
#18 _PyObject_VectorcallTstate (kwnames=0x0, nargsf=9223372036854775809, args=0xa042a10, callable=0x7f7f4fa03a00, tstate=<optimized out>) at ./Include/cpython/abstract.h:103
#19 PyObject_Vectorcall (kwnames=0x0, nargsf=9223372036854775809, args=<optimized out>, callable=0x7f7f4fa03a00) at ./Include/cpython/abstract.h:127
#20 call_function (kwnames=0x0, oparg=1, pp_stack=<synthetic pointer>, tstate=0x18f8180) at Python/ceval.c:5077
#21 _PyEval_EvalFrameDefault (tstate=<optimized out>, f=<optimized out>, throwflag=<optimized out>) at Python/ceval.c:3489
#22 0x00007f7f73e659fb in _PyEval_EvalFrame (throwflag=0, f=0xa042830, tstate=0x18f8180) at ./Include/internal/pycore_ceval.h:40
#23 function_code_fastcall (tstate=0x18f8180, co=<optimized out>, args=<optimized out>, nargs=1, globals=<optimized out>) at Objects/call.c:330
#24 0x00007f7f73e6cd0f in _PyObject_VectorcallTstate (kwnames=0x0, nargsf=<optimized out>, args=0x7f7f4fa11740, callable=0x7f7f7370d700, tstate=0x18f8180) at ./Include/cpython/abstract.h:118
#25 PyObject_Vectorcall (kwnames=0x0, nargsf=<optimized out>, args=<optimized out>, callable=<optimized out>) at ./Include/cpython/abstract.h:127
#26 call_function (kwnames=0x0, oparg=<optimized out>, pp_stack=<synthetic pointer>, tstate=0x18f8180) at Python/ceval.c:5077
#27 _PyEval_EvalFrameDefault (tstate=<optimized out>, f=<optimized out>, throwflag=<optimized out>) at Python/ceval.c:3506
#28 0x00007f7f73f9ea91 in _PyEval_EvalFrame (throwflag=0, f=0x7f7f4fa115b0, tstate=0x18f8180) at ./Include/internal/pycore_ceval.h:40
#29 _PyEval_EvalCode (tstate=tstate
entry=0x18f8180, _co=<optimized out>, globals=<optimized out>, locals=locals
entry=0x0, args=<optimized out>, argcount=1, kwnames=0x7f7f73a3e2f8, kwargs=0x194c1b0, kwcount=1, kwstep=1, defs=0x7f7f6cdf7808, defcount=1, kwdefs=0x0, closure=0x0, name=0x7f7f738a07b0, qualname=0x7f7f5dfab710) at Python/ceval.c:4329
#30 0x00007f7f73eb769d in _PyFunction_Vectorcall (func=<optimized out>, stack=<optimized out>, nargsf=<optimized out>, kwnames=<optimized out>) at Objects/call.c:396
#31 0x00007f7f73eba198 in _PyObject_VectorcallTstate (kwnames=0x7f7f73a3e2e0, nargsf=1, args=0x194c1a8, callable=0x7f7f5dfaff70, tstate=0x18f8180) at ./Include/cpython/abstract.h:118
#32 method_vectorcall (method=<optimized out>, args=0x194c1b0, nargsf=<optimized out>, kwnames=0x7f7f73a3e2e0) at Objects/classobject.c:53
#33 0x00007f7f73e6bde6 in _PyObject_VectorcallTstate (kwnames=0x7f7f73a3e2e0, nargsf=9223372036854775808, args=0x194c1b0, callable=0x7f7f4fa23840, tstate=0x18f8180) at ./Include/cpython/abstract.h:118
#34 PyObject_Vectorcall (kwnames=0x7f7f73a3e2e0, nargsf=9223372036854775808, args=0x194c1b0, callable=<optimized out>) at ./Include/cpython/abstract.h:127
#35 call_function (kwnames=0x7f7f73a3e2e0, oparg=<optimized out>, pp_stack=<synthetic pointer>, tstate=0x18f8180) at Python/ceval.c:5077
#36 _PyEval_EvalFrameDefault (tstate=<optimized out>, f=<optimized out>, throwflag=<optimized out>) at Python/ceval.c:3537
#37 0x00007f7f73f9ea91 in _PyEval_EvalFrame (throwflag=0, f=0x194c040, tstate=0x18f8180) at ./Include/internal/pycore_ceval.h:40
#38 _PyEval_EvalCode (tstate=0x18f8180, _co=_co
entry=0x7f7f73ab33a0, globals=globals
entry=0x7f7f73ad53c0, locals=locals
entry=0x7f7f73ad53c0, args=args
entry=0x0, argcount=argcount
entry=0, kwnames=0x0, kwargs=0x0, kwcount=0, kwstep=2, defs=0x0, defcount=0, kwdefs=0x0, closure=0x0, name=0x0, qualname=0x0) at Python/ceval.c:4329
#39 0x00007f7f73f9ee32 in _PyEval_EvalCodeWithName (_co=_co
entry=0x7f7f73ab33a0, globals=globals
entry=0x7f7f73ad53c0, locals=locals
entry=0x7f7f73ad53c0, args=args
entry=0x0, argcount=argcount
entry=0, kwnames=kwnames
entry=0x0, kwargs=0x0, kwcount=0, kwstep=2, defs=0x0, defcount=0, kwdefs=0x0, closure=0x0, name=0x0, qualname=0x0) at Python/ceval.c:4361
#40 0x00007f7f73f9ee7b in PyEval_EvalCodeEx (_co=_co
entry=0x7f7f73ab33a0, globals=globals
entry=0x7f7f73ad53c0, locals=locals
entry=0x7f7f73ad53c0, args=args
entry=0x0, argcount=argcount
entry=0, kws=kws
entry=0x0, kwcount=0, defs=0x0, defcount=0, kwdefs=0x0, closure=0x0) at Python/ceval.c:4377
#41 0x00007f7f73f9eeab in PyEval_EvalCode (co=co
entry=0x7f7f73ab33a0, globals=globals
entry=0x7f7f73ad53c0, locals=locals
entry=0x7f7f73ad53c0) at Python/ceval.c:828
#42 0x00007f7f73fde3a9 in run_eval_code_obj (locals=0x7f7f73ad53c0, globals=0x7f7f73ad53c0, co=0x7f7f73ab33a0, tstate=0x18f8180) at Python/pythonrun.c:1221
#43 run_mod (mod=<optimized out>, filename=filename
entry=0x7f7f73a40390, globals=globals
entry=0x7f7f73ad53c0, locals=locals
entry=0x7f7f73ad53c0, flags=flags
entry=0x7ffd37c3ca18, arena=arena
entry=0x7f7f738f0fd0) at Python/pythonrun.c:1242
#44 0x00007f7f73fdfdf2 in pyrun_file (flags=0x7ffd37c3ca18, closeit=1, locals=0x7f7f73ad53c0, globals=0x7f7f73ad53c0, start=257, filename=0x7f7f73a40390, fp=0x194b0f0) at Python/pythonrun.c:1140
#45 pyrun_simple_file (flags=0x7ffd37c3ca18, closeit=1, filename=0x7f7f73a40390, fp=0x194b0f0) at Python/pythonrun.c:450
#46 PyRun_SimpleFileExFlags (fp=fp
entry=0x194b0f0, filename=<optimized out>, closeit=closeit
entry=1, flags=flags
entry=0x7ffd37c3ca18) at Python/pythonrun.c:483
#47 0x00007f7f73fe0453 in PyRun_AnyFileExFlags (fp=fp
entry=0x194b0f0, filename=<optimized out>, closeit=closeit
entry=1, flags=flags
entry=0x7ffd37c3ca18) at Python/pythonrun.c:92
#48 0x00007f7f73ffde28 in pymain_run_file (cf=0x7ffd37c3ca18, config=0x18f5f60) at Modules/main.c:373
#49 pymain_run_python (exitcode=0x7ffd37c3ca10) at Modules/main.c:598
#50 Py_RunMain () at Modules/main.c:677
#51 0x00007f7f73ffe347 in pymain_main (args=0x7ffd37c3cb00) at Modules/main.c:707
#52 Py_BytesMain (argc=<optimized out>, argv=<optimized out>) at Modules/main.c:731
#53 0x00007f7f73c20590 in __libc_start_call_main () from /lib64/libc.so.6
#54 0x00007f7f73c20640 in __libc_start_main_impl () from /lib64/libc.so.6
#55 0x0000000000401075 in _start ()
===========================================================


 *** Break *** segmentation violation



===========================================================
There was a crash.
This is the entire stack trace of all threads:
===========================================================

Thread 9 (Thread 0x7f7f51443640 (LWP 1456135) "python3"):
#0  0x00007f7f73c7d79a in __futex_abstimed_wait_common () from /lib64/libc.so.6
#1  0x00007f7f73c7ffa0 in pthread_cond_wait

GLIBC_2.3.2 () from /lib64/libc.so.6
#2  0x00007f7f54cef04f in th_worker (tidptr=<optimized out>) at numexpr/module.cpp:60
#3  0x00007f7f73c80c02 in start_thread () from /lib64/libc.so.6
#4  0x00007f7f73d05c40 in clone3 () from /lib64/libc.so.6

Thread 8 (Thread 0x7f7f51c44640 (LWP 1456129) "python3"):
#0  0x00007f7f73c7d79a in __futex_abstimed_wait_common () from /lib64/libc.so.6
#1  0x00007f7f73c7ffa0 in pthread_cond_wait

GLIBC_2.3.2 () from /lib64/libc.so.6
#2  0x00007f7f54cef04f in th_worker (tidptr=<optimized out>) at numexpr/module.cpp:60
#3  0x00007f7f73c80c02 in start_thread () from /lib64/libc.so.6
#4  0x00007f7f73d05c40 in clone3 () from /lib64/libc.so.6

Thread 7 (Thread 0x7f7f52445640 (LWP 1456122) "python3"):
#0  0x00007f7f73c7d79a in __futex_abstimed_wait_common () from /lib64/libc.so.6
#1  0x00007f7f73c7ffa0 in pthread_cond_wait

GLIBC_2.3.2 () from /lib64/libc.so.6
#2  0x00007f7f54cef04f in th_worker (tidptr=<optimized out>) at numexpr/module.cpp:60
#3  0x00007f7f73c80c02 in start_thread () from /lib64/libc.so.6
#4  0x00007f7f73d05c40 in clone3 () from /lib64/libc.so.6

Thread 6 (Thread 0x7f7f52c46640 (LWP 1456119) "python3"):
#0  0x00007f7f73c7d79a in __futex_abstimed_wait_common () from /lib64/libc.so.6
#1  0x00007f7f73c7ffa0 in pthread_cond_wait

GLIBC_2.3.2 () from /lib64/libc.so.6
#2  0x00007f7f54cef04f in th_worker (tidptr=<optimized out>) at numexpr/module.cpp:60
#3  0x00007f7f73c80c02 in start_thread () from /lib64/libc.so.6
#4  0x00007f7f73d05c40 in clone3 () from /lib64/libc.so.6

Thread 5 (Thread 0x7f7f53447640 (LWP 1456114) "python3"):
#0  0x00007f7f73c7d79a in __futex_abstimed_wait_common () from /lib64/libc.so.6
#1  0x00007f7f73c7ffa0 in pthread_cond_wait

GLIBC_2.3.2 () from /lib64/libc.so.6
#2  0x00007f7f54cef04f in th_worker (tidptr=<optimized out>) at numexpr/module.cpp:60
#3  0x00007f7f73c80c02 in start_thread () from /lib64/libc.so.6
#4  0x00007f7f73d05c40 in clone3 () from /lib64/libc.so.6

Thread 4 (Thread 0x7f7f53c48640 (LWP 1456108) "python3"):
#0  0x00007f7f73c7d79a in __futex_abstimed_wait_common () from /lib64/libc.so.6
#1  0x00007f7f73c7ffa0 in pthread_cond_wait

GLIBC_2.3.2 () from /lib64/libc.so.6
#2  0x00007f7f54cef04f in th_worker (tidptr=<optimized out>) at numexpr/module.cpp:60
#3  0x00007f7f73c80c02 in start_thread () from /lib64/libc.so.6
#4  0x00007f7f73d05c40 in clone3 () from /lib64/libc.so.6

Thread 3 (Thread 0x7f7f54449640 (LWP 1456102) "python3"):
#0  0x00007f7f73c7d79a in __futex_abstimed_wait_common () from /lib64/libc.so.6
#1  0x00007f7f73c7ffa0 in pthread_cond_wait

GLIBC_2.3.2 () from /lib64/libc.so.6
#2  0x00007f7f54cef04f in th_worker (tidptr=<optimized out>) at numexpr/module.cpp:60
#3  0x00007f7f73c80c02 in start_thread () from /lib64/libc.so.6
#4  0x00007f7f73d05c40 in clone3 () from /lib64/libc.so.6

Thread 2 (Thread 0x7f7f54c4a640 (LWP 1456094) "python3"):
#0  0x00007f7f73c7d79a in __futex_abstimed_wait_common () from /lib64/libc.so.6
#1  0x00007f7f73c7ffa0 in pthread_cond_wait

GLIBC_2.3.2 () from /lib64/libc.so.6
#2  0x00007f7f54cef04f in th_worker (tidptr=<optimized out>) at numexpr/module.cpp:60
#3  0x00007f7f73c80c02 in start_thread () from /lib64/libc.so.6
#4  0x00007f7f73d05c40 in clone3 () from /lib64/libc.so.6

Thread 1 (Thread 0x7f7f73bf2740 (LWP 1449418) "python3"):
#0  0x00007f7f73ccfa3f in wait4 () from /lib64/libc.so.6
#1  0x00007f7f73c42243 in do_system () from /lib64/libc.so.6
#2  0x00007f7f7336743d in TUnixSystem::StackTrace() () from /cvmfs/cms.cern.ch/el9_amd64_gcc12/lcg/root/6.30.07-8b1a11e1ef0e074fdfd44e162b27e71c/lib/libCore.so
#3  0x00007f7f73624423 in (anonymous namespace)::TExceptionHandlerImp::HandleException(int) () from /cvmfs/cms.cern.ch/el9_amd64_gcc12/lcg/root/6.30.07-8b1a11e1ef0e074fdfd44e162b27e71c/lib/libcppyy_backend3_9.so
#4  0x00007f7f73366c71 in TUnixSystem::DispatchSignals(ESignals) () from /cvmfs/cms.cern.ch/el9_amd64_gcc12/lcg/root/6.30.07-8b1a11e1ef0e074fdfd44e162b27e71c/lib/libCore.so
#5  <signal handler called>
#6  0x00007f7f4f50364d in RooStats::ModelConfig::SetHasOnlyParameters(RooArgSet const&, char const*) () from /cvmfs/cms.cern.ch/el9_amd64_gcc12/lcg/root/6.30.07-8b1a11e1ef0e074fdfd44e162b27e71c/lib/libRooFitCore.so
#7  0x00007f7f4f509d30 in RooStats::ModelConfig::SetObservables(RooArgSet const&) () from /cvmfs/cms.cern.ch/el9_amd64_gcc12/lcg/root/6.30.07-8b1a11e1ef0e074fdfd44e162b27e71c/lib/libRooFitCore.so
#8  0x00007f7f4ee6f013 in ?? ()
#9  0x0000000000000001 in ?? ()
#10 0x00007f7f73625078 in WrapperCall(long, unsigned long, void*, void*, void*) () from /cvmfs/cms.cern.ch/el9_amd64_gcc12/lcg/root/6.30.07-8b1a11e1ef0e074fdfd44e162b27e71c/lib/libcppyy_backend3_9.so
#11 0x00007f7f736a6e97 in CPyCppyy::(anonymous namespace)::VoidExecutor::Execute(long, void*, CPyCppyy::CallContext*) () from /cvmfs/cms.cern.ch/el9_amd64_gcc12/lcg/root/6.30.07-8b1a11e1ef0e074fdfd44e162b27e71c/lib/libcppyy3_9.so
#12 0x00007f7f73692f87 in CPyCppyy::CPPMethod::ExecuteFast(void*, long, CPyCppyy::CallContext*) [clone .isra.0] () from /cvmfs/cms.cern.ch/el9_amd64_gcc12/lcg/root/6.30.07-8b1a11e1ef0e074fdfd44e162b27e71c/lib/libcppyy3_9.so
#13 0x00007f7f73694316 in CPyCppyy::CPPMethod::Execute(void*, long, CPyCppyy::CallContext*) () from /cvmfs/cms.cern.ch/el9_amd64_gcc12/lcg/root/6.30.07-8b1a11e1ef0e074fdfd44e162b27e71c/lib/libcppyy3_9.so
#14 0x00007f7f736950cf in CPyCppyy::CPPMethod::Call(CPyCppyy::CPPInstance*&, _object*, _object*, CPyCppyy::CallContext*) () from /cvmfs/cms.cern.ch/el9_amd64_gcc12/lcg/root/6.30.07-8b1a11e1ef0e074fdfd44e162b27e71c/lib/libcppyy3_9.so
#15 0x00007f7f73699e9a in CPyCppyy::(anonymous namespace)::mp_call(CPyCppyy::CPPOverload*, _object*, _object*) () from /cvmfs/cms.cern.ch/el9_amd64_gcc12/lcg/root/6.30.07-8b1a11e1ef0e074fdfd44e162b27e71c/lib/libcppyy3_9.so
#16 0x00007f7f73eb786e in _PyObject_MakeTpCall (tstate=0x18f8180, callable=callable
entry=0x7f7f4fa03a00, args=args
entry=0xa042a10, nargs=1, keywords=keywords
entry=0x0) at Objects/call.c:191
#17 0x00007f7f73e6e50a in _PyObject_VectorcallTstate (kwnames=0x0, nargsf=9223372036854775809, args=0xa042a10, callable=0x7f7f4fa03a00, tstate=<optimized out>) at ./Include/cpython/abstract.h:116
#18 _PyObject_VectorcallTstate (kwnames=0x0, nargsf=9223372036854775809, args=0xa042a10, callable=0x7f7f4fa03a00, tstate=<optimized out>) at ./Include/cpython/abstract.h:103
#19 PyObject_Vectorcall (kwnames=0x0, nargsf=9223372036854775809, args=<optimized out>, callable=0x7f7f4fa03a00) at ./Include/cpython/abstract.h:127
#20 call_function (kwnames=0x0, oparg=1, pp_stack=<synthetic pointer>, tstate=0x18f8180) at Python/ceval.c:5077
#21 _PyEval_EvalFrameDefault (tstate=<optimized out>, f=<optimized out>, throwflag=<optimized out>) at Python/ceval.c:3489
#22 0x00007f7f73e659fb in _PyEval_EvalFrame (throwflag=0, f=0xa042830, tstate=0x18f8180) at ./Include/internal/pycore_ceval.h:40
#23 function_code_fastcall (tstate=0x18f8180, co=<optimized out>, args=<optimized out>, nargs=1, globals=<optimized out>) at Objects/call.c:330
#24 0x00007f7f73e6cd0f in _PyObject_VectorcallTstate (kwnames=0x0, nargsf=<optimized out>, args=0x7f7f4fa11740, callable=0x7f7f7370d700, tstate=0x18f8180) at ./Include/cpython/abstract.h:118
#25 PyObject_Vectorcall (kwnames=0x0, nargsf=<optimized out>, args=<optimized out>, callable=<optimized out>) at ./Include/cpython/abstract.h:127
#26 call_function (kwnames=0x0, oparg=<optimized out>, pp_stack=<synthetic pointer>, tstate=0x18f8180) at Python/ceval.c:5077
#27 _PyEval_EvalFrameDefault (tstate=<optimized out>, f=<optimized out>, throwflag=<optimized out>) at Python/ceval.c:3506
#28 0x00007f7f73f9ea91 in _PyEval_EvalFrame (throwflag=0, f=0x7f7f4fa115b0, tstate=0x18f8180) at ./Include/internal/pycore_ceval.h:40
#29 _PyEval_EvalCode (tstate=tstate
entry=0x18f8180, _co=<optimized out>, globals=<optimized out>, locals=locals
entry=0x0, args=<optimized out>, argcount=1, kwnames=0x7f7f73a3e2f8, kwargs=0x194c1b0, kwcount=1, kwstep=1, defs=0x7f7f6cdf7808, defcount=1, kwdefs=0x0, closure=0x0, name=0x7f7f738a07b0, qualname=0x7f7f5dfab710) at Python/ceval.c:4329
#30 0x00007f7f73eb769d in _PyFunction_Vectorcall (func=<optimized out>, stack=<optimized out>, nargsf=<optimized out>, kwnames=<optimized out>) at Objects/call.c:396
#31 0x00007f7f73eba198 in _PyObject_VectorcallTstate (kwnames=0x7f7f73a3e2e0, nargsf=1, args=0x194c1a8, callable=0x7f7f5dfaff70, tstate=0x18f8180) at ./Include/cpython/abstract.h:118
#32 method_vectorcall (method=<optimized out>, args=0x194c1b0, nargsf=<optimized out>, kwnames=0x7f7f73a3e2e0) at Objects/classobject.c:53
#33 0x00007f7f73e6bde6 in _PyObject_VectorcallTstate (kwnames=0x7f7f73a3e2e0, nargsf=9223372036854775808, args=0x194c1b0, callable=0x7f7f4fa23840, tstate=0x18f8180) at ./Include/cpython/abstract.h:118
#34 PyObject_Vectorcall (kwnames=0x7f7f73a3e2e0, nargsf=9223372036854775808, args=0x194c1b0, callable=<optimized out>) at ./Include/cpython/abstract.h:127
#35 call_function (kwnames=0x7f7f73a3e2e0, oparg=<optimized out>, pp_stack=<synthetic pointer>, tstate=0x18f8180) at Python/ceval.c:5077
#36 _PyEval_EvalFrameDefault (tstate=<optimized out>, f=<optimized out>, throwflag=<optimized out>) at Python/ceval.c:3537
#37 0x00007f7f73f9ea91 in _PyEval_EvalFrame (throwflag=0, f=0x194c040, tstate=0x18f8180) at ./Include/internal/pycore_ceval.h:40
#38 _PyEval_EvalCode (tstate=0x18f8180, _co=_co
entry=0x7f7f73ab33a0, globals=globals
entry=0x7f7f73ad53c0, locals=locals
entry=0x7f7f73ad53c0, args=args
entry=0x0, argcount=argcount
entry=0, kwnames=0x0, kwargs=0x0, kwcount=0, kwstep=2, defs=0x0, defcount=0, kwdefs=0x0, closure=0x0, name=0x0, qualname=0x0) at Python/ceval.c:4329
#39 0x00007f7f73f9ee32 in _PyEval_EvalCodeWithName (_co=_co
entry=0x7f7f73ab33a0, globals=globals
entry=0x7f7f73ad53c0, locals=locals
entry=0x7f7f73ad53c0, args=args
entry=0x0, argcount=argcount
entry=0, kwnames=kwnames
entry=0x0, kwargs=0x0, kwcount=0, kwstep=2, defs=0x0, defcount=0, kwdefs=0x0, closure=0x0, name=0x0, qualname=0x0) at Python/ceval.c:4361
#40 0x00007f7f73f9ee7b in PyEval_EvalCodeEx (_co=_co
entry=0x7f7f73ab33a0, globals=globals
entry=0x7f7f73ad53c0, locals=locals
entry=0x7f7f73ad53c0, args=args
entry=0x0, argcount=argcount
entry=0, kws=kws
entry=0x0, kwcount=0, defs=0x0, defcount=0, kwdefs=0x0, closure=0x0) at Python/ceval.c:4377
#41 0x00007f7f73f9eeab in PyEval_EvalCode (co=co
entry=0x7f7f73ab33a0, globals=globals
entry=0x7f7f73ad53c0, locals=locals
entry=0x7f7f73ad53c0) at Python/ceval.c:828
#42 0x00007f7f73fde3a9 in run_eval_code_obj (locals=0x7f7f73ad53c0, globals=0x7f7f73ad53c0, co=0x7f7f73ab33a0, tstate=0x18f8180) at Python/pythonrun.c:1221
#43 run_mod (mod=<optimized out>, filename=filename
entry=0x7f7f73a40390, globals=globals
entry=0x7f7f73ad53c0, locals=locals
entry=0x7f7f73ad53c0, flags=flags
entry=0x7ffd37c3ca18, arena=arena
entry=0x7f7f738f0fd0) at Python/pythonrun.c:1242
#44 0x00007f7f73fdfdf2 in pyrun_file (flags=0x7ffd37c3ca18, closeit=1, locals=0x7f7f73ad53c0, globals=0x7f7f73ad53c0, start=257, filename=0x7f7f73a40390, fp=0x194b0f0) at Python/pythonrun.c:1140
#45 pyrun_simple_file (flags=0x7ffd37c3ca18, closeit=1, filename=0x7f7f73a40390, fp=0x194b0f0) at Python/pythonrun.c:450
#46 PyRun_SimpleFileExFlags (fp=fp
entry=0x194b0f0, filename=<optimized out>, closeit=closeit
entry=1, flags=flags
entry=0x7ffd37c3ca18) at Python/pythonrun.c:483
#47 0x00007f7f73fe0453 in PyRun_AnyFileExFlags (fp=fp
entry=0x194b0f0, filename=<optimized out>, closeit=closeit
entry=1, flags=flags
entry=0x7ffd37c3ca18) at Python/pythonrun.c:92
#48 0x00007f7f73ffde28 in pymain_run_file (cf=0x7ffd37c3ca18, config=0x18f5f60) at Modules/main.c:373
#49 pymain_run_python (exitcode=0x7ffd37c3ca10) at Modules/main.c:598
#50 Py_RunMain () at Modules/main.c:677
#51 0x00007f7f73ffe347 in pymain_main (args=0x7ffd37c3cb00) at Modules/main.c:707
#52 Py_BytesMain (argc=<optimized out>, argv=<optimized out>) at Modules/main.c:731
#53 0x00007f7f73c20590 in __libc_start_call_main () from /lib64/libc.so.6
#54 0x00007f7f73c20640 in __libc_start_main_impl () from /lib64/libc.so.6
#55 0x0000000000401075 in _start ()
===========================================================


The lines below might hint at the cause of the crash. If you see question
marks as part of the stack trace, try to recompile with debugging information
enabled and export CLING_DEBUG=1 environment variable before running.
You may get help by asking at the ROOT forum https://root.cern/forum
preferably using the command (.forum bug) in the ROOT prompt.
Only if you are really convinced it is a bug in ROOT then please submit a
report at https://root.cern/bugs or (preferably) using the command (.gh bug) in
the ROOT prompt. Please post the ENTIRE stack trace
from above as an attachment in addition to anything else
that might help us fixing this issue.
===========================================================
#6  0x00007f7f4f50364d in RooStats::ModelConfig::SetHasOnlyParameters(RooArgSet const&, char const*) () from /cvmfs/cms.cern.ch/el9_amd64_gcc12/lcg/root/6.30.07-8b1a11e1ef0e074fdfd44e162b27e71c/lib/libRooFitCore.so
#7  0x00007f7f4f509d30 in RooStats::ModelConfig::SetObservables(RooArgSet const&) () from /cvmfs/cms.cern.ch/el9_amd64_gcc12/lcg/root/6.30.07-8b1a11e1ef0e074fdfd44e162b27e71c/lib/libRooFitCore.so
#8  0x00007f7f4ee6f013 in ?? ()
#9  0x0000000000000001 in ?? ()
#10 0x00007f7f73625078 in WrapperCall(long, unsigned long, void*, void*, void*) () from /cvmfs/cms.cern.ch/el9_amd64_gcc12/lcg/root/6.30.07-8b1a11e1ef0e074fdfd44e162b27e71c/lib/libcppyy_backend3_9.so
#11 0x00007f7f736a6e97 in CPyCppyy::(anonymous namespace)::VoidExecutor::Execute(long, void*, CPyCppyy::CallContext*) () from /cvmfs/cms.cern.ch/el9_amd64_gcc12/lcg/root/6.30.07-8b1a11e1ef0e074fdfd44e162b27e71c/lib/libcppyy3_9.so
#12 0x00007f7f73692f87 in CPyCppyy::CPPMethod::ExecuteFast(void*, long, CPyCppyy::CallContext*) [clone .isra.0] () from /cvmfs/cms.cern.ch/el9_amd64_gcc12/lcg/root/6.30.07-8b1a11e1ef0e074fdfd44e162b27e71c/lib/libcppyy3_9.so
#13 0x00007f7f73694316 in CPyCppyy::CPPMethod::Execute(void*, long, CPyCppyy::CallContext*) () from /cvmfs/cms.cern.ch/el9_amd64_gcc12/lcg/root/6.30.07-8b1a11e1ef0e074fdfd44e162b27e71c/lib/libcppyy3_9.so
#14 0x00007f7f736950cf in CPyCppyy::CPPMethod::Call(CPyCppyy::CPPInstance*&, _object*, _object*, CPyCppyy::CallContext*) () from /cvmfs/cms.cern.ch/el9_amd64_gcc12/lcg/root/6.30.07-8b1a11e1ef0e074fdfd44e162b27e71c/lib/libcppyy3_9.so
#15 0x00007f7f73699e9a in CPyCppyy::(anonymous namespace)::mp_call(CPyCppyy::CPPOverload*, _object*, _object*) () from /cvmfs/cms.cern.ch/el9_amd64_gcc12/lcg/root/6.30.07-8b1a11e1ef0e074fdfd44e162b27e71c/lib/libcppyy3_9.so
#16 0x00007f7f73eb786e in _PyObject_MakeTpCall (tstate=0x18f8180, callable=callable
entry=0x7f7f4fa03a00, args=args
entry=0xa042a10, nargs=1, keywords=keywords
entry=0x0) at Objects/call.c:191
#17 0x00007f7f73e6e50a in _PyObject_VectorcallTstate (kwnames=0x0, nargsf=9223372036854775809, args=0xa042a10, callable=0x7f7f4fa03a00, tstate=<optimized out>) at ./Include/cpython/abstract.h:116
#18 _PyObject_VectorcallTstate (kwnames=0x0, nargsf=9223372036854775809, args=0xa042a10, callable=0x7f7f4fa03a00, tstate=<optimized out>) at ./Include/cpython/abstract.h:103
#19 PyObject_Vectorcall (kwnames=0x0, nargsf=9223372036854775809, args=<optimized out>, callable=0x7f7f4fa03a00) at ./Include/cpython/abstract.h:127
#20 call_function (kwnames=0x0, oparg=1, pp_stack=<synthetic pointer>, tstate=0x18f8180) at Python/ceval.c:5077
#21 _PyEval_EvalFrameDefault (tstate=<optimized out>, f=<optimized out>, throwflag=<optimized out>) at Python/ceval.c:3489
#22 0x00007f7f73e659fb in _PyEval_EvalFrame (throwflag=0, f=0xa042830, tstate=0x18f8180) at ./Include/internal/pycore_ceval.h:40
#23 function_code_fastcall (tstate=0x18f8180, co=<optimized out>, args=<optimized out>, nargs=1, globals=<optimized out>) at Objects/call.c:330
#24 0x00007f7f73e6cd0f in _PyObject_VectorcallTstate (kwnames=0x0, nargsf=<optimized out>, args=0x7f7f4fa11740, callable=0x7f7f7370d700, tstate=0x18f8180) at ./Include/cpython/abstract.h:118
#25 PyObject_Vectorcall (kwnames=0x0, nargsf=<optimized out>, args=<optimized out>, callable=<optimized out>) at ./Include/cpython/abstract.h:127
#26 call_function (kwnames=0x0, oparg=<optimized out>, pp_stack=<synthetic pointer>, tstate=0x18f8180) at Python/ceval.c:5077
#27 _PyEval_EvalFrameDefault (tstate=<optimized out>, f=<optimized out>, throwflag=<optimized out>) at Python/ceval.c:3506
#28 0x00007f7f73f9ea91 in _PyEval_EvalFrame (throwflag=0, f=0x7f7f4fa115b0, tstate=0x18f8180) at ./Include/internal/pycore_ceval.h:40
#29 _PyEval_EvalCode (tstate=tstate
entry=0x18f8180, _co=<optimized out>, globals=<optimized out>, locals=locals
entry=0x0, args=<optimized out>, argcount=1, kwnames=0x7f7f73a3e2f8, kwargs=0x194c1b0, kwcount=1, kwstep=1, defs=0x7f7f6cdf7808, defcount=1, kwdefs=0x0, closure=0x0, name=0x7f7f738a07b0, qualname=0x7f7f5dfab710) at Python/ceval.c:4329
#30 0x00007f7f73eb769d in _PyFunction_Vectorcall (func=<optimized out>, stack=<optimized out>, nargsf=<optimized out>, kwnames=<optimized out>) at Objects/call.c:396
#31 0x00007f7f73eba198 in _PyObject_VectorcallTstate (kwnames=0x7f7f73a3e2e0, nargsf=1, args=0x194c1a8, callable=0x7f7f5dfaff70, tstate=0x18f8180) at ./Include/cpython/abstract.h:118
#32 method_vectorcall (method=<optimized out>, args=0x194c1b0, nargsf=<optimized out>, kwnames=0x7f7f73a3e2e0) at Objects/classobject.c:53
#33 0x00007f7f73e6bde6 in _PyObject_VectorcallTstate (kwnames=0x7f7f73a3e2e0, nargsf=9223372036854775808, args=0x194c1b0, callable=0x7f7f4fa23840, tstate=0x18f8180) at ./Include/cpython/abstract.h:118
#34 PyObject_Vectorcall (kwnames=0x7f7f73a3e2e0, nargsf=9223372036854775808, args=0x194c1b0, callable=<optimized out>) at ./Include/cpython/abstract.h:127
#35 call_function (kwnames=0x7f7f73a3e2e0, oparg=<optimized out>, pp_stack=<synthetic pointer>, tstate=0x18f8180) at Python/ceval.c:5077
#36 _PyEval_EvalFrameDefault (tstate=<optimized out>, f=<optimized out>, throwflag=<optimized out>) at Python/ceval.c:3537
#37 0x00007f7f73f9ea91 in _PyEval_EvalFrame (throwflag=0, f=0x194c040, tstate=0x18f8180) at ./Include/internal/pycore_ceval.h:40
#38 _PyEval_EvalCode (tstate=0x18f8180, _co=_co
entry=0x7f7f73ab33a0, globals=globals
entry=0x7f7f73ad53c0, locals=locals
entry=0x7f7f73ad53c0, args=args
entry=0x0, argcount=argcount
entry=0, kwnames=0x0, kwargs=0x0, kwcount=0, kwstep=2, defs=0x0, defcount=0, kwdefs=0x0, closure=0x0, name=0x0, qualname=0x0) at Python/ceval.c:4329
#39 0x00007f7f73f9ee32 in _PyEval_EvalCodeWithName (_co=_co
entry=0x7f7f73ab33a0, globals=globals
entry=0x7f7f73ad53c0, locals=locals
entry=0x7f7f73ad53c0, args=args
entry=0x0, argcount=argcount
entry=0, kwnames=kwnames
entry=0x0, kwargs=0x0, kwcount=0, kwstep=2, defs=0x0, defcount=0, kwdefs=0x0, closure=0x0, name=0x0, qualname=0x0) at Python/ceval.c:4361
#40 0x00007f7f73f9ee7b in PyEval_EvalCodeEx (_co=_co
entry=0x7f7f73ab33a0, globals=globals
entry=0x7f7f73ad53c0, locals=locals
entry=0x7f7f73ad53c0, args=args
entry=0x0, argcount=argcount
entry=0, kws=kws
entry=0x0, kwcount=0, defs=0x0, defcount=0, kwdefs=0x0, closure=0x0) at Python/ceval.c:4377
#41 0x00007f7f73f9eeab in PyEval_EvalCode (co=co
entry=0x7f7f73ab33a0, globals=globals
entry=0x7f7f73ad53c0, locals=locals
entry=0x7f7f73ad53c0) at Python/ceval.c:828
#42 0x00007f7f73fde3a9 in run_eval_code_obj (locals=0x7f7f73ad53c0, globals=0x7f7f73ad53c0, co=0x7f7f73ab33a0, tstate=0x18f8180) at Python/pythonrun.c:1221
#43 run_mod (mod=<optimized out>, filename=filename
entry=0x7f7f73a40390, globals=globals
entry=0x7f7f73ad53c0, locals=locals
entry=0x7f7f73ad53c0, flags=flags
entry=0x7ffd37c3ca18, arena=arena
entry=0x7f7f738f0fd0) at Python/pythonrun.c:1242
#44 0x00007f7f73fdfdf2 in pyrun_file (flags=0x7ffd37c3ca18, closeit=1, locals=0x7f7f73ad53c0, globals=0x7f7f73ad53c0, start=257, filename=0x7f7f73a40390, fp=0x194b0f0) at Python/pythonrun.c:1140
#45 pyrun_simple_file (flags=0x7ffd37c3ca18, closeit=1, filename=0x7f7f73a40390, fp=0x194b0f0) at Python/pythonrun.c:450
#46 PyRun_SimpleFileExFlags (fp=fp
entry=0x194b0f0, filename=<optimized out>, closeit=closeit
entry=1, flags=flags
entry=0x7ffd37c3ca18) at Python/pythonrun.c:483
#47 0x00007f7f73fe0453 in PyRun_AnyFileExFlags (fp=fp
entry=0x194b0f0, filename=<optimized out>, closeit=closeit
entry=1, flags=flags
entry=0x7ffd37c3ca18) at Python/pythonrun.c:92
#48 0x00007f7f73ffde28 in pymain_run_file (cf=0x7ffd37c3ca18, config=0x18f5f60) at Modules/main.c:373
#49 pymain_run_python (exitcode=0x7ffd37c3ca10) at Modules/main.c:598
#50 Py_RunMain () at Modules/main.c:677
#51 0x00007f7f73ffe347 in pymain_main (args=0x7ffd37c3cb00) at Modules/main.c:707
#52 Py_BytesMain (argc=<optimized out>, argv=<optimized out>) at Modules/main.c:731
#53 0x00007f7f73c20590 in __libc_start_call_main () from /lib64/libc.so.6
#54 0x00007f7f73c20640 in __libc_start_main_impl () from /lib64/libc.so.6
#55 0x0000000000401075 in _start ()
===========================================================


Error when running the combination:
	File /home/submit/lavezzo/SUEP/CMSSW_14_1_0_pre4/src/SUEPLimits/cards/WH_11_20_fixed_noShape/cards-SUEP_mS125.000_mPhi3.000_T3.000_modegeneric/combined.root does not exist

 ----------------- 

/tmp/submit_higgsCombineSUEP_mS125.000_mPhi4.000_T1.000_modegeneric.AsymptoticLimits.mH125.sh: line 20: warning: here-document at line 7 delimited by end-of-file (wanted `EOF')
Traceback (most recent call last):
  File "/home/submit/lavezzo/SUEP/CMSSW_14_1_0_pre4/bin/el9_amd64_gcc12/combineCards.py", line 162, in <module>
    file = open(fname, "r")
FileNotFoundError: [Errno 2] No such file or directory: 'cards-SUEP_mS125.000_mPhi4.000_T1.000_modegeneric/shapes-GJHScrA2018.dat'
 *** Break *** segmentation violation



===========================================================
There was a crash.
This is the entire stack trace of all threads:
===========================================================

Thread 9 (Thread 0x7ff68ec6e640 (LWP 1456073) "python3"):
#0  0x00007ff6b147d79a in __futex_abstimed_wait_common () from /lib64/libc.so.6
#1  0x00007ff6b147ffa0 in pthread_cond_wait

GLIBC_2.3.2 () from /lib64/libc.so.6
#2  0x00007ff693af904f in th_worker (tidptr=<optimized out>) at numexpr/module.cpp:60
#3  0x00007ff6b1480c02 in start_thread () from /lib64/libc.so.6
#4  0x00007ff6b1505c40 in clone3 () from /lib64/libc.so.6

Thread 8 (Thread 0x7ff68f46f640 (LWP 1456063) "python3"):
#0  0x00007ff6b147d79a in __futex_abstimed_wait_common () from /lib64/libc.so.6
#1  0x00007ff6b147ffa0 in pthread_cond_wait

GLIBC_2.3.2 () from /lib64/libc.so.6
#2  0x00007ff693af904f in th_worker (tidptr=<optimized out>) at numexpr/module.cpp:60
#3  0x00007ff6b1480c02 in start_thread () from /lib64/libc.so.6
#4  0x00007ff6b1505c40 in clone3 () from /lib64/libc.so.6

Thread 7 (Thread 0x7ff68fc70640 (LWP 1456052) "python3"):
#0  0x00007ff6b147d79a in __futex_abstimed_wait_common () from /lib64/libc.so.6
#1  0x00007ff6b147ffa0 in pthread_cond_wait

GLIBC_2.3.2 () from /lib64/libc.so.6
#2  0x00007ff693af904f in th_worker (tidptr=<optimized out>) at numexpr/module.cpp:60
#3  0x00007ff6b1480c02 in start_thread () from /lib64/libc.so.6
#4  0x00007ff6b1505c40 in clone3 () from /lib64/libc.so.6

Thread 6 (Thread 0x7ff690471640 (LWP 1456041) "python3"):
#0  0x00007ff6b147d79a in __futex_abstimed_wait_common () from /lib64/libc.so.6
#1  0x00007ff6b147ffa0 in pthread_cond_wait

GLIBC_2.3.2 () from /lib64/libc.so.6
#2  0x00007ff693af904f in th_worker (tidptr=<optimized out>) at numexpr/module.cpp:60
#3  0x00007ff6b1480c02 in start_thread () from /lib64/libc.so.6
#4  0x00007ff6b1505c40 in clone3 () from /lib64/libc.so.6

Thread 5 (Thread 0x7ff690c72640 (LWP 1456029) "python3"):
#0  0x00007ff6b147d79a in __futex_abstimed_wait_common () from /lib64/libc.so.6
#1  0x00007ff6b147ffa0 in pthread_cond_wait

GLIBC_2.3.2 () from /lib64/libc.so.6
#2  0x00007ff693af904f in th_worker (tidptr=<optimized out>) at numexpr/module.cpp:60
#3  0x00007ff6b1480c02 in start_thread () from /lib64/libc.so.6
#4  0x00007ff6b1505c40 in clone3 () from /lib64/libc.so.6

Thread 4 (Thread 0x7ff691473640 (LWP 1456019) "python3"):
#0  0x00007ff6b147d79a in __futex_abstimed_wait_common () from /lib64/libc.so.6
#1  0x00007ff6b147ffa0 in pthread_cond_wait

GLIBC_2.3.2 () from /lib64/libc.so.6
#2  0x00007ff693af904f in th_worker (tidptr=<optimized out>) at numexpr/module.cpp:60
#3  0x00007ff6b1480c02 in start_thread () from /lib64/libc.so.6
#4  0x00007ff6b1505c40 in clone3 () from /lib64/libc.so.6

Thread 3 (Thread 0x7ff691c74640 (LWP 1456012) "python3"):
#0  0x00007ff6b147d79a in __futex_abstimed_wait_common () from /lib64/libc.so.6
#1  0x00007ff6b147ffa0 in pthread_cond_wait

GLIBC_2.3.2 () from /lib64/libc.so.6
#2  0x00007ff693af904f in th_worker (tidptr=<optimized out>) at numexpr/module.cpp:60
#3  0x00007ff6b1480c02 in start_thread () from /lib64/libc.so.6
#4  0x00007ff6b1505c40 in clone3 () from /lib64/libc.so.6

Thread 2 (Thread 0x7ff692475640 (LWP 1456003) "python3"):
#0  0x00007ff6b147d79a in __futex_abstimed_wait_common () from /lib64/libc.so.6
#1  0x00007ff6b147ffa0 in pthread_cond_wait

GLIBC_2.3.2 () from /lib64/libc.so.6
#2  0x00007ff693af904f in th_worker (tidptr=<optimized out>) at numexpr/module.cpp:60
#3  0x00007ff6b1480c02 in start_thread () from /lib64/libc.so.6
#4  0x00007ff6b1505c40 in clone3 () from /lib64/libc.so.6

Thread 1 (Thread 0x7ff6b1a03740 (LWP 1449409) "python3"):
#0  0x00007ff6b14cfa3f in wait4 () from /lib64/libc.so.6
#1  0x00007ff6b1442243 in do_system () from /lib64/libc.so.6
#2  0x00007ff6b0b6743d in TUnixSystem::StackTrace() () from /cvmfs/cms.cern.ch/el9_amd64_gcc12/lcg/root/6.30.07-8b1a11e1ef0e074fdfd44e162b27e71c/lib/libCore.so
#3  0x00007ff6b0e695a3 in (anonymous namespace)::TExceptionHandlerImp::HandleException(int) () from /cvmfs/cms.cern.ch/el9_amd64_gcc12/lcg/root/6.30.07-8b1a11e1ef0e074fdfd44e162b27e71c/lib/libcppyy_backend3_9.so
#4  0x00007ff6b0b66c71 in TUnixSystem::DispatchSignals(ESignals) () from /cvmfs/cms.cern.ch/el9_amd64_gcc12/lcg/root/6.30.07-8b1a11e1ef0e074fdfd44e162b27e71c/lib/libCore.so
#5  <signal handler called>
#6  0x00007ff68cd0364d in RooStats::ModelConfig::SetHasOnlyParameters(RooArgSet const&, char const*) () from /cvmfs/cms.cern.ch/el9_amd64_gcc12/lcg/root/6.30.07-8b1a11e1ef0e074fdfd44e162b27e71c/lib/libRooFitCore.so
#7  0x00007ff68cd09d30 in RooStats::ModelConfig::SetObservables(RooArgSet const&) () from /cvmfs/cms.cern.ch/el9_amd64_gcc12/lcg/root/6.30.07-8b1a11e1ef0e074fdfd44e162b27e71c/lib/libRooFitCore.so
#8  0x00007ff68c675013 in ?? ()
#9  0x0000000000000001 in ?? ()
#10 0x00007ff6b0e6a078 in WrapperCall(long, unsigned long, void*, void*, void*) () from /cvmfs/cms.cern.ch/el9_amd64_gcc12/lcg/root/6.30.07-8b1a11e1ef0e074fdfd44e162b27e71c/lib/libcppyy_backend3_9.so
#11 0x00007ff6b0eebe97 in CPyCppyy::(anonymous namespace)::VoidExecutor::Execute(long, void*, CPyCppyy::CallContext*) () from /cvmfs/cms.cern.ch/el9_amd64_gcc12/lcg/root/6.30.07-8b1a11e1ef0e074fdfd44e162b27e71c/lib/libcppyy3_9.so
#12 0x00007ff6b0ed7f87 in CPyCppyy::CPPMethod::ExecuteFast(void*, long, CPyCppyy::CallContext*) [clone .isra.0] () from /cvmfs/cms.cern.ch/el9_amd64_gcc12/lcg/root/6.30.07-8b1a11e1ef0e074fdfd44e162b27e71c/lib/libcppyy3_9.so
#13 0x00007ff6b0ed9316 in CPyCppyy::CPPMethod::Execute(void*, long, CPyCppyy::CallContext*) () from /cvmfs/cms.cern.ch/el9_amd64_gcc12/lcg/root/6.30.07-8b1a11e1ef0e074fdfd44e162b27e71c/lib/libcppyy3_9.so
#14 0x00007ff6b0eda0cf in CPyCppyy::CPPMethod::Call(CPyCppyy::CPPInstance*&, _object*, _object*, CPyCppyy::CallContext*) () from /cvmfs/cms.cern.ch/el9_amd64_gcc12/lcg/root/6.30.07-8b1a11e1ef0e074fdfd44e162b27e71c/lib/libcppyy3_9.so
#15 0x00007ff6b0edee9a in CPyCppyy::(anonymous namespace)::mp_call(CPyCppyy::CPPOverload*, _object*, _object*) () from /cvmfs/cms.cern.ch/el9_amd64_gcc12/lcg/root/6.30.07-8b1a11e1ef0e074fdfd44e162b27e71c/lib/libcppyy3_9.so
#16 0x00007ff6b16b786e in _PyObject_MakeTpCall (tstate=0x2113180, callable=callable
entry=0x7ff68d252a00, args=args
entry=0xa87d750, nargs=1, keywords=keywords
entry=0x0) at Objects/call.c:191
#17 0x00007ff6b166e50a in _PyObject_VectorcallTstate (kwnames=0x0, nargsf=9223372036854775809, args=0xa87d750, callable=0x7ff68d252a00, tstate=<optimized out>) at ./Include/cpython/abstract.h:116
#18 _PyObject_VectorcallTstate (kwnames=0x0, nargsf=9223372036854775809, args=0xa87d750, callable=0x7ff68d252a00, tstate=<optimized out>) at ./Include/cpython/abstract.h:103
#19 PyObject_Vectorcall (kwnames=0x0, nargsf=9223372036854775809, args=<optimized out>, callable=0x7ff68d252a00) at ./Include/cpython/abstract.h:127
#20 call_function (kwnames=0x0, oparg=1, pp_stack=<synthetic pointer>, tstate=0x2113180) at Python/ceval.c:5077
#21 _PyEval_EvalFrameDefault (tstate=<optimized out>, f=<optimized out>, throwflag=<optimized out>) at Python/ceval.c:3489
#22 0x00007ff6b16659fb in _PyEval_EvalFrame (throwflag=0, f=0xa87d570, tstate=0x2113180) at ./Include/internal/pycore_ceval.h:40
#23 function_code_fastcall (tstate=0x2113180, co=<optimized out>, args=<optimized out>, nargs=1, globals=<optimized out>) at Objects/call.c:330
#24 0x00007ff6b166cd0f in _PyObject_VectorcallTstate (kwnames=0x0, nargsf=<optimized out>, args=0x7ff68d261740, callable=0x7ff6b0f52700, tstate=0x2113180) at ./Include/cpython/abstract.h:118
#25 PyObject_Vectorcall (kwnames=0x0, nargsf=<optimized out>, args=<optimized out>, callable=<optimized out>) at ./Include/cpython/abstract.h:127
#26 call_function (kwnames=0x0, oparg=<optimized out>, pp_stack=<synthetic pointer>, tstate=0x2113180) at Python/ceval.c:5077
#27 _PyEval_EvalFrameDefault (tstate=<optimized out>, f=<optimized out>, throwflag=<optimized out>) at Python/ceval.c:3506
#28 0x00007ff6b179ea91 in _PyEval_EvalFrame (throwflag=0, f=0x7ff68d2615b0, tstate=0x2113180) at ./Include/internal/pycore_ceval.h:40
#29 _PyEval_EvalCode (tstate=tstate
entry=0x2113180, _co=<optimized out>, globals=<optimized out>, locals=locals
entry=0x0, args=<optimized out>, argcount=1, kwnames=0x7ff6b12832f8, kwargs=0x21671b0, kwcount=1, kwstep=1, defs=0x7ff6aa5da808, defcount=1, kwdefs=0x0, closure=0x0, name=0x7ff6b10e5770, qualname=0x7ff69b7af710) at Python/ceval.c:4329
#30 0x00007ff6b16b769d in _PyFunction_Vectorcall (func=<optimized out>, stack=<optimized out>, nargsf=<optimized out>, kwnames=<optimized out>) at Objects/call.c:396
#31 0x00007ff6b16ba198 in _PyObject_VectorcallTstate (kwnames=0x7ff6b12832e0, nargsf=1, args=0x21671a8, callable=0x7ff69b7b3f70, tstate=0x2113180) at ./Include/cpython/abstract.h:118
#32 method_vectorcall (method=<optimized out>, args=0x21671b0, nargsf=<optimized out>, kwnames=0x7ff6b12832e0) at Objects/classobject.c:53
#33 0x00007ff6b166bde6 in _PyObject_VectorcallTstate (kwnames=0x7ff6b12832e0, nargsf=9223372036854775808, args=0x21671b0, callable=0x7ff68d271d00, tstate=0x2113180) at ./Include/cpython/abstract.h:118
#34 PyObject_Vectorcall (kwnames=0x7ff6b12832e0, nargsf=9223372036854775808, args=0x21671b0, callable=<optimized out>) at ./Include/cpython/abstract.h:127
#35 call_function (kwnames=0x7ff6b12832e0, oparg=<optimized out>, pp_stack=<synthetic pointer>, tstate=0x2113180) at Python/ceval.c:5077
#36 _PyEval_EvalFrameDefault (tstate=<optimized out>, f=<optimized out>, throwflag=<optimized out>) at Python/ceval.c:3537
#37 0x00007ff6b179ea91 in _PyEval_EvalFrame (throwflag=0, f=0x2167040, tstate=0x2113180) at ./Include/internal/pycore_ceval.h:40
#38 _PyEval_EvalCode (tstate=0x2113180, _co=_co
entry=0x7ff6b12f83a0, globals=globals
entry=0x7ff6b131a3c0, locals=locals
entry=0x7ff6b131a3c0, args=args
entry=0x0, argcount=argcount
entry=0, kwnames=0x0, kwargs=0x0, kwcount=0, kwstep=2, defs=0x0, defcount=0, kwdefs=0x0, closure=0x0, name=0x0, qualname=0x0) at Python/ceval.c:4329
#39 0x00007ff6b179ee32 in _PyEval_EvalCodeWithName (_co=_co
entry=0x7ff6b12f83a0, globals=globals
entry=0x7ff6b131a3c0, locals=locals
entry=0x7ff6b131a3c0, args=args
entry=0x0, argcount=argcount
entry=0, kwnames=kwnames
entry=0x0, kwargs=0x0, kwcount=0, kwstep=2, defs=0x0, defcount=0, kwdefs=0x0, closure=0x0, name=0x0, qualname=0x0) at Python/ceval.c:4361
#40 0x00007ff6b179ee7b in PyEval_EvalCodeEx (_co=_co
entry=0x7ff6b12f83a0, globals=globals
entry=0x7ff6b131a3c0, locals=locals
entry=0x7ff6b131a3c0, args=args
entry=0x0, argcount=argcount
entry=0, kws=kws
entry=0x0, kwcount=0, defs=0x0, defcount=0, kwdefs=0x0, closure=0x0) at Python/ceval.c:4377
#41 0x00007ff6b179eeab in PyEval_EvalCode (co=co
entry=0x7ff6b12f83a0, globals=globals
entry=0x7ff6b131a3c0, locals=locals
entry=0x7ff6b131a3c0) at Python/ceval.c:828
#42 0x00007ff6b17de3a9 in run_eval_code_obj (locals=0x7ff6b131a3c0, globals=0x7ff6b131a3c0, co=0x7ff6b12f83a0, tstate=0x2113180) at Python/pythonrun.c:1221
#43 run_mod (mod=<optimized out>, filename=filename
entry=0x7ff6b1285390, globals=globals
entry=0x7ff6b131a3c0, locals=locals
entry=0x7ff6b131a3c0, flags=flags
entry=0x7ffdbe970588, arena=arena
entry=0x7ff6b1135fd0) at Python/pythonrun.c:1242
#44 0x00007ff6b17dfdf2 in pyrun_file (flags=0x7ffdbe970588, closeit=1, locals=0x7ff6b131a3c0, globals=0x7ff6b131a3c0, start=257, filename=0x7ff6b1285390, fp=0x21660f0) at Python/pythonrun.c:1140
#45 pyrun_simple_file (flags=0x7ffdbe970588, closeit=1, filename=0x7ff6b1285390, fp=0x21660f0) at Python/pythonrun.c:450
#46 PyRun_SimpleFileExFlags (fp=fp
entry=0x21660f0, filename=<optimized out>, closeit=closeit
entry=1, flags=flags
entry=0x7ffdbe970588) at Python/pythonrun.c:483
#47 0x00007ff6b17e0453 in PyRun_AnyFileExFlags (fp=fp
entry=0x21660f0, filename=<optimized out>, closeit=closeit
entry=1, flags=flags
entry=0x7ffdbe970588) at Python/pythonrun.c:92
#48 0x00007ff6b17fde28 in pymain_run_file (cf=0x7ffdbe970588, config=0x2110f60) at Modules/main.c:373
#49 pymain_run_python (exitcode=0x7ffdbe970580) at Modules/main.c:598
#50 Py_RunMain () at Modules/main.c:677
#51 0x00007ff6b17fe347 in pymain_main (args=0x7ffdbe970670) at Modules/main.c:707
#52 Py_BytesMain (argc=<optimized out>, argv=<optimized out>) at Modules/main.c:731
#53 0x00007ff6b1420590 in __libc_start_call_main () from /lib64/libc.so.6
#54 0x00007ff6b1420640 in __libc_start_main_impl () from /lib64/libc.so.6
#55 0x0000000000401075 in _start ()
===========================================================


The lines below might hint at the cause of the crash. If you see question
marks as part of the stack trace, try to recompile with debugging information
enabled and export CLING_DEBUG=1 environment variable before running.
You may get help by asking at the ROOT forum https://root.cern/forum
preferably using the command (.forum bug) in the ROOT prompt.
Only if you are really convinced it is a bug in ROOT then please submit a
report at https://root.cern/bugs or (preferably) using the command (.gh bug) in
the ROOT prompt. Please post the ENTIRE stack trace
from above as an attachment in addition to anything else
that might help us fixing this issue.
===========================================================
#6  0x00007ff68cd0364d in RooStats::ModelConfig::SetHasOnlyParameters(RooArgSet const&, char const*) () from /cvmfs/cms.cern.ch/el9_amd64_gcc12/lcg/root/6.30.07-8b1a11e1ef0e074fdfd44e162b27e71c/lib/libRooFitCore.so
#7  0x00007ff68cd09d30 in RooStats::ModelConfig::SetObservables(RooArgSet const&) () from /cvmfs/cms.cern.ch/el9_amd64_gcc12/lcg/root/6.30.07-8b1a11e1ef0e074fdfd44e162b27e71c/lib/libRooFitCore.so
#8  0x00007ff68c675013 in ?? ()
#9  0x0000000000000001 in ?? ()
#10 0x00007ff6b0e6a078 in WrapperCall(long, unsigned long, void*, void*, void*) () from /cvmfs/cms.cern.ch/el9_amd64_gcc12/lcg/root/6.30.07-8b1a11e1ef0e074fdfd44e162b27e71c/lib/libcppyy_backend3_9.so
#11 0x00007ff6b0eebe97 in CPyCppyy::(anonymous namespace)::VoidExecutor::Execute(long, void*, CPyCppyy::CallContext*) () from /cvmfs/cms.cern.ch/el9_amd64_gcc12/lcg/root/6.30.07-8b1a11e1ef0e074fdfd44e162b27e71c/lib/libcppyy3_9.so
#12 0x00007ff6b0ed7f87 in CPyCppyy::CPPMethod::ExecuteFast(void*, long, CPyCppyy::CallContext*) [clone .isra.0] () from /cvmfs/cms.cern.ch/el9_amd64_gcc12/lcg/root/6.30.07-8b1a11e1ef0e074fdfd44e162b27e71c/lib/libcppyy3_9.so
#13 0x00007ff6b0ed9316 in CPyCppyy::CPPMethod::Execute(void*, long, CPyCppyy::CallContext*) () from /cvmfs/cms.cern.ch/el9_amd64_gcc12/lcg/root/6.30.07-8b1a11e1ef0e074fdfd44e162b27e71c/lib/libcppyy3_9.so
#14 0x00007ff6b0eda0cf in CPyCppyy::CPPMethod::Call(CPyCppyy::CPPInstance*&, _object*, _object*, CPyCppyy::CallContext*) () from /cvmfs/cms.cern.ch/el9_amd64_gcc12/lcg/root/6.30.07-8b1a11e1ef0e074fdfd44e162b27e71c/lib/libcppyy3_9.so
#15 0x00007ff6b0edee9a in CPyCppyy::(anonymous namespace)::mp_call(CPyCppyy::CPPOverload*, _object*, _object*) () from /cvmfs/cms.cern.ch/el9_amd64_gcc12/lcg/root/6.30.07-8b1a11e1ef0e074fdfd44e162b27e71c/lib/libcppyy3_9.so
#16 0x00007ff6b16b786e in _PyObject_MakeTpCall (tstate=0x2113180, callable=callable
entry=0x7ff68d252a00, args=args
entry=0xa87d750, nargs=1, keywords=keywords
entry=0x0) at Objects/call.c:191
#17 0x00007ff6b166e50a in _PyObject_VectorcallTstate (kwnames=0x0, nargsf=9223372036854775809, args=0xa87d750, callable=0x7ff68d252a00, tstate=<optimized out>) at ./Include/cpython/abstract.h:116
#18 _PyObject_VectorcallTstate (kwnames=0x0, nargsf=9223372036854775809, args=0xa87d750, callable=0x7ff68d252a00, tstate=<optimized out>) at ./Include/cpython/abstract.h:103
#19 PyObject_Vectorcall (kwnames=0x0, nargsf=9223372036854775809, args=<optimized out>, callable=0x7ff68d252a00) at ./Include/cpython/abstract.h:127
#20 call_function (kwnames=0x0, oparg=1, pp_stack=<synthetic pointer>, tstate=0x2113180) at Python/ceval.c:5077
#21 _PyEval_EvalFrameDefault (tstate=<optimized out>, f=<optimized out>, throwflag=<optimized out>) at Python/ceval.c:3489
#22 0x00007ff6b16659fb in _PyEval_EvalFrame (throwflag=0, f=0xa87d570, tstate=0x2113180) at ./Include/internal/pycore_ceval.h:40
#23 function_code_fastcall (tstate=0x2113180, co=<optimized out>, args=<optimized out>, nargs=1, globals=<optimized out>) at Objects/call.c:330
#24 0x00007ff6b166cd0f in _PyObject_VectorcallTstate (kwnames=0x0, nargsf=<optimized out>, args=0x7ff68d261740, callable=0x7ff6b0f52700, tstate=0x2113180) at ./Include/cpython/abstract.h:118
#25 PyObject_Vectorcall (kwnames=0x0, nargsf=<optimized out>, args=<optimized out>, callable=<optimized out>) at ./Include/cpython/abstract.h:127
#26 call_function (kwnames=0x0, oparg=<optimized out>, pp_stack=<synthetic pointer>, tstate=0x2113180) at Python/ceval.c:5077
#27 _PyEval_EvalFrameDefault (tstate=<optimized out>, f=<optimized out>, throwflag=<optimized out>) at Python/ceval.c:3506
#28 0x00007ff6b179ea91 in _PyEval_EvalFrame (throwflag=0, f=0x7ff68d2615b0, tstate=0x2113180) at ./Include/internal/pycore_ceval.h:40
#29 _PyEval_EvalCode (tstate=tstate
entry=0x2113180, _co=<optimized out>, globals=<optimized out>, locals=locals
entry=0x0, args=<optimized out>, argcount=1, kwnames=0x7ff6b12832f8, kwargs=0x21671b0, kwcount=1, kwstep=1, defs=0x7ff6aa5da808, defcount=1, kwdefs=0x0, closure=0x0, name=0x7ff6b10e5770, qualname=0x7ff69b7af710) at Python/ceval.c:4329
#30 0x00007ff6b16b769d in _PyFunction_Vectorcall (func=<optimized out>, stack=<optimized out>, nargsf=<optimized out>, kwnames=<optimized out>) at Objects/call.c:396
#31 0x00007ff6b16ba198 in _PyObject_VectorcallTstate (kwnames=0x7ff6b12832e0, nargsf=1, args=0x21671a8, callable=0x7ff69b7b3f70, tstate=0x2113180) at ./Include/cpython/abstract.h:118
#32 method_vectorcall (method=<optimized out>, args=0x21671b0, nargsf=<optimized out>, kwnames=0x7ff6b12832e0) at Objects/classobject.c:53
#33 0x00007ff6b166bde6 in _PyObject_VectorcallTstate (kwnames=0x7ff6b12832e0, nargsf=9223372036854775808, args=0x21671b0, callable=0x7ff68d271d00, tstate=0x2113180) at ./Include/cpython/abstract.h:118
#34 PyObject_Vectorcall (kwnames=0x7ff6b12832e0, nargsf=9223372036854775808, args=0x21671b0, callable=<optimized out>) at ./Include/cpython/abstract.h:127
#35 call_function (kwnames=0x7ff6b12832e0, oparg=<optimized out>, pp_stack=<synthetic pointer>, tstate=0x2113180) at Python/ceval.c:5077
#36 _PyEval_EvalFrameDefault (tstate=<optimized out>, f=<optimized out>, throwflag=<optimized out>) at Python/ceval.c:3537
#37 0x00007ff6b179ea91 in _PyEval_EvalFrame (throwflag=0, f=0x2167040, tstate=0x2113180) at ./Include/internal/pycore_ceval.h:40
#38 _PyEval_EvalCode (tstate=0x2113180, _co=_co
entry=0x7ff6b12f83a0, globals=globals
entry=0x7ff6b131a3c0, locals=locals
entry=0x7ff6b131a3c0, args=args
entry=0x0, argcount=argcount
entry=0, kwnames=0x0, kwargs=0x0, kwcount=0, kwstep=2, defs=0x0, defcount=0, kwdefs=0x0, closure=0x0, name=0x0, qualname=0x0) at Python/ceval.c:4329
#39 0x00007ff6b179ee32 in _PyEval_EvalCodeWithName (_co=_co
entry=0x7ff6b12f83a0, globals=globals
entry=0x7ff6b131a3c0, locals=locals
entry=0x7ff6b131a3c0, args=args
entry=0x0, argcount=argcount
entry=0, kwnames=kwnames
entry=0x0, kwargs=0x0, kwcount=0, kwstep=2, defs=0x0, defcount=0, kwdefs=0x0, closure=0x0, name=0x0, qualname=0x0) at Python/ceval.c:4361
#40 0x00007ff6b179ee7b in PyEval_EvalCodeEx (_co=_co
entry=0x7ff6b12f83a0, globals=globals
entry=0x7ff6b131a3c0, locals=locals
entry=0x7ff6b131a3c0, args=args
entry=0x0, argcount=argcount
entry=0, kws=kws
entry=0x0, kwcount=0, defs=0x0, defcount=0, kwdefs=0x0, closure=0x0) at Python/ceval.c:4377
#41 0x00007ff6b179eeab in PyEval_EvalCode (co=co
entry=0x7ff6b12f83a0, globals=globals
entry=0x7ff6b131a3c0, locals=locals
entry=0x7ff6b131a3c0) at Python/ceval.c:828
#42 0x00007ff6b17de3a9 in run_eval_code_obj (locals=0x7ff6b131a3c0, globals=0x7ff6b131a3c0, co=0x7ff6b12f83a0, tstate=0x2113180) at Python/pythonrun.c:1221
#43 run_mod (mod=<optimized out>, filename=filename
entry=0x7ff6b1285390, globals=globals
entry=0x7ff6b131a3c0, locals=locals
entry=0x7ff6b131a3c0, flags=flags
entry=0x7ffdbe970588, arena=arena
entry=0x7ff6b1135fd0) at Python/pythonrun.c:1242
#44 0x00007ff6b17dfdf2 in pyrun_file (flags=0x7ffdbe970588, closeit=1, locals=0x7ff6b131a3c0, globals=0x7ff6b131a3c0, start=257, filename=0x7ff6b1285390, fp=0x21660f0) at Python/pythonrun.c:1140
#45 pyrun_simple_file (flags=0x7ffdbe970588, closeit=1, filename=0x7ff6b1285390, fp=0x21660f0) at Python/pythonrun.c:450
#46 PyRun_SimpleFileExFlags (fp=fp
entry=0x21660f0, filename=<optimized out>, closeit=closeit
entry=1, flags=flags
entry=0x7ffdbe970588) at Python/pythonrun.c:483
#47 0x00007ff6b17e0453 in PyRun_AnyFileExFlags (fp=fp
entry=0x21660f0, filename=<optimized out>, closeit=closeit
entry=1, flags=flags
entry=0x7ffdbe970588) at Python/pythonrun.c:92
#48 0x00007ff6b17fde28 in pymain_run_file (cf=0x7ffdbe970588, config=0x2110f60) at Modules/main.c:373
#49 pymain_run_python (exitcode=0x7ffdbe970580) at Modules/main.c:598
#50 Py_RunMain () at Modules/main.c:677
#51 0x00007ff6b17fe347 in pymain_main (args=0x7ffdbe970670) at Modules/main.c:707
#52 Py_BytesMain (argc=<optimized out>, argv=<optimized out>) at Modules/main.c:731
#53 0x00007ff6b1420590 in __libc_start_call_main () from /lib64/libc.so.6
#54 0x00007ff6b1420640 in __libc_start_main_impl () from /lib64/libc.so.6
#55 0x0000000000401075 in _start ()
===========================================================


 *** Break *** segmentation violation



===========================================================
There was a crash.
This is the entire stack trace of all threads:
===========================================================

Thread 9 (Thread 0x7ff68ec6e640 (LWP 1456073) "python3"):
#0  0x00007ff6b147d79a in __futex_abstimed_wait_common () from /lib64/libc.so.6
#1  0x00007ff6b147ffa0 in pthread_cond_wait

GLIBC_2.3.2 () from /lib64/libc.so.6
#2  0x00007ff693af904f in th_worker (tidptr=<optimized out>) at numexpr/module.cpp:60
#3  0x00007ff6b1480c02 in start_thread () from /lib64/libc.so.6
#4  0x00007ff6b1505c40 in clone3 () from /lib64/libc.so.6

Thread 8 (Thread 0x7ff68f46f640 (LWP 1456063) "python3"):
#0  0x00007ff6b147d79a in __futex_abstimed_wait_common () from /lib64/libc.so.6
#1  0x00007ff6b147ffa0 in pthread_cond_wait

GLIBC_2.3.2 () from /lib64/libc.so.6
#2  0x00007ff693af904f in th_worker (tidptr=<optimized out>) at numexpr/module.cpp:60
#3  0x00007ff6b1480c02 in start_thread () from /lib64/libc.so.6
#4  0x00007ff6b1505c40 in clone3 () from /lib64/libc.so.6

Thread 7 (Thread 0x7ff68fc70640 (LWP 1456052) "python3"):
#0  0x00007ff6b147d79a in __futex_abstimed_wait_common () from /lib64/libc.so.6
#1  0x00007ff6b147ffa0 in pthread_cond_wait

GLIBC_2.3.2 () from /lib64/libc.so.6
#2  0x00007ff693af904f in th_worker (tidptr=<optimized out>) at numexpr/module.cpp:60
#3  0x00007ff6b1480c02 in start_thread () from /lib64/libc.so.6
#4  0x00007ff6b1505c40 in clone3 () from /lib64/libc.so.6

Thread 6 (Thread 0x7ff690471640 (LWP 1456041) "python3"):
#0  0x00007ff6b147d79a in __futex_abstimed_wait_common () from /lib64/libc.so.6
#1  0x00007ff6b147ffa0 in pthread_cond_wait

GLIBC_2.3.2 () from /lib64/libc.so.6
#2  0x00007ff693af904f in th_worker (tidptr=<optimized out>) at numexpr/module.cpp:60
#3  0x00007ff6b1480c02 in start_thread () from /lib64/libc.so.6
#4  0x00007ff6b1505c40 in clone3 () from /lib64/libc.so.6

Thread 5 (Thread 0x7ff690c72640 (LWP 1456029) "python3"):
#0  0x00007ff6b147d79a in __futex_abstimed_wait_common () from /lib64/libc.so.6
#1  0x00007ff6b147ffa0 in pthread_cond_wait

GLIBC_2.3.2 () from /lib64/libc.so.6
#2  0x00007ff693af904f in th_worker (tidptr=<optimized out>) at numexpr/module.cpp:60
#3  0x00007ff6b1480c02 in start_thread () from /lib64/libc.so.6
#4  0x00007ff6b1505c40 in clone3 () from /lib64/libc.so.6

Thread 4 (Thread 0x7ff691473640 (LWP 1456019) "python3"):
#0  0x00007ff6b147d79a in __futex_abstimed_wait_common () from /lib64/libc.so.6
#1  0x00007ff6b147ffa0 in pthread_cond_wait

GLIBC_2.3.2 () from /lib64/libc.so.6
#2  0x00007ff693af904f in th_worker (tidptr=<optimized out>) at numexpr/module.cpp:60
#3  0x00007ff6b1480c02 in start_thread () from /lib64/libc.so.6
#4  0x00007ff6b1505c40 in clone3 () from /lib64/libc.so.6

Thread 3 (Thread 0x7ff691c74640 (LWP 1456012) "python3"):
#0  0x00007ff6b147d79a in __futex_abstimed_wait_common () from /lib64/libc.so.6
#1  0x00007ff6b147ffa0 in pthread_cond_wait

GLIBC_2.3.2 () from /lib64/libc.so.6
#2  0x00007ff693af904f in th_worker (tidptr=<optimized out>) at numexpr/module.cpp:60
#3  0x00007ff6b1480c02 in start_thread () from /lib64/libc.so.6
#4  0x00007ff6b1505c40 in clone3 () from /lib64/libc.so.6

Thread 2 (Thread 0x7ff692475640 (LWP 1456003) "python3"):
#0  0x00007ff6b147d79a in __futex_abstimed_wait_common () from /lib64/libc.so.6
#1  0x00007ff6b147ffa0 in pthread_cond_wait

GLIBC_2.3.2 () from /lib64/libc.so.6
#2  0x00007ff693af904f in th_worker (tidptr=<optimized out>) at numexpr/module.cpp:60
#3  0x00007ff6b1480c02 in start_thread () from /lib64/libc.so.6
#4  0x00007ff6b1505c40 in clone3 () from /lib64/libc.so.6

Thread 1 (Thread 0x7ff6b1a03740 (LWP 1449409) "python3"):
#0  0x00007ff6b14cfa3f in wait4 () from /lib64/libc.so.6
#1  0x00007ff6b1442243 in do_system () from /lib64/libc.so.6
#2  0x00007ff6b0b6743d in TUnixSystem::StackTrace() () from /cvmfs/cms.cern.ch/el9_amd64_gcc12/lcg/root/6.30.07-8b1a11e1ef0e074fdfd44e162b27e71c/lib/libCore.so
#3  0x00007ff6b0e69423 in (anonymous namespace)::TExceptionHandlerImp::HandleException(int) () from /cvmfs/cms.cern.ch/el9_amd64_gcc12/lcg/root/6.30.07-8b1a11e1ef0e074fdfd44e162b27e71c/lib/libcppyy_backend3_9.so
#4  0x00007ff6b0b66c71 in TUnixSystem::DispatchSignals(ESignals) () from /cvmfs/cms.cern.ch/el9_amd64_gcc12/lcg/root/6.30.07-8b1a11e1ef0e074fdfd44e162b27e71c/lib/libCore.so
#5  <signal handler called>
#6  0x00007ff68cd0364d in RooStats::ModelConfig::SetHasOnlyParameters(RooArgSet const&, char const*) () from /cvmfs/cms.cern.ch/el9_amd64_gcc12/lcg/root/6.30.07-8b1a11e1ef0e074fdfd44e162b27e71c/lib/libRooFitCore.so
#7  0x00007ff68cd09d30 in RooStats::ModelConfig::SetObservables(RooArgSet const&) () from /cvmfs/cms.cern.ch/el9_amd64_gcc12/lcg/root/6.30.07-8b1a11e1ef0e074fdfd44e162b27e71c/lib/libRooFitCore.so
#8  0x00007ff68c675013 in ?? ()
#9  0x0000000000000001 in ?? ()
#10 0x00007ff6b0e6a078 in WrapperCall(long, unsigned long, void*, void*, void*) () from /cvmfs/cms.cern.ch/el9_amd64_gcc12/lcg/root/6.30.07-8b1a11e1ef0e074fdfd44e162b27e71c/lib/libcppyy_backend3_9.so
#11 0x00007ff6b0eebe97 in CPyCppyy::(anonymous namespace)::VoidExecutor::Execute(long, void*, CPyCppyy::CallContext*) () from /cvmfs/cms.cern.ch/el9_amd64_gcc12/lcg/root/6.30.07-8b1a11e1ef0e074fdfd44e162b27e71c/lib/libcppyy3_9.so
#12 0x00007ff6b0ed7f87 in CPyCppyy::CPPMethod::ExecuteFast(void*, long, CPyCppyy::CallContext*) [clone .isra.0] () from /cvmfs/cms.cern.ch/el9_amd64_gcc12/lcg/root/6.30.07-8b1a11e1ef0e074fdfd44e162b27e71c/lib/libcppyy3_9.so
#13 0x00007ff6b0ed9316 in CPyCppyy::CPPMethod::Execute(void*, long, CPyCppyy::CallContext*) () from /cvmfs/cms.cern.ch/el9_amd64_gcc12/lcg/root/6.30.07-8b1a11e1ef0e074fdfd44e162b27e71c/lib/libcppyy3_9.so
#14 0x00007ff6b0eda0cf in CPyCppyy::CPPMethod::Call(CPyCppyy::CPPInstance*&, _object*, _object*, CPyCppyy::CallContext*) () from /cvmfs/cms.cern.ch/el9_amd64_gcc12/lcg/root/6.30.07-8b1a11e1ef0e074fdfd44e162b27e71c/lib/libcppyy3_9.so
#15 0x00007ff6b0edee9a in CPyCppyy::(anonymous namespace)::mp_call(CPyCppyy::CPPOverload*, _object*, _object*) () from /cvmfs/cms.cern.ch/el9_amd64_gcc12/lcg/root/6.30.07-8b1a11e1ef0e074fdfd44e162b27e71c/lib/libcppyy3_9.so
#16 0x00007ff6b16b786e in _PyObject_MakeTpCall (tstate=0x2113180, callable=callable
entry=0x7ff68d252a00, args=args
entry=0xa87d750, nargs=1, keywords=keywords
entry=0x0) at Objects/call.c:191
#17 0x00007ff6b166e50a in _PyObject_VectorcallTstate (kwnames=0x0, nargsf=9223372036854775809, args=0xa87d750, callable=0x7ff68d252a00, tstate=<optimized out>) at ./Include/cpython/abstract.h:116
#18 _PyObject_VectorcallTstate (kwnames=0x0, nargsf=9223372036854775809, args=0xa87d750, callable=0x7ff68d252a00, tstate=<optimized out>) at ./Include/cpython/abstract.h:103
#19 PyObject_Vectorcall (kwnames=0x0, nargsf=9223372036854775809, args=<optimized out>, callable=0x7ff68d252a00) at ./Include/cpython/abstract.h:127
#20 call_function (kwnames=0x0, oparg=1, pp_stack=<synthetic pointer>, tstate=0x2113180) at Python/ceval.c:5077
#21 _PyEval_EvalFrameDefault (tstate=<optimized out>, f=<optimized out>, throwflag=<optimized out>) at Python/ceval.c:3489
#22 0x00007ff6b16659fb in _PyEval_EvalFrame (throwflag=0, f=0xa87d570, tstate=0x2113180) at ./Include/internal/pycore_ceval.h:40
#23 function_code_fastcall (tstate=0x2113180, co=<optimized out>, args=<optimized out>, nargs=1, globals=<optimized out>) at Objects/call.c:330
#24 0x00007ff6b166cd0f in _PyObject_VectorcallTstate (kwnames=0x0, nargsf=<optimized out>, args=0x7ff68d261740, callable=0x7ff6b0f52700, tstate=0x2113180) at ./Include/cpython/abstract.h:118
#25 PyObject_Vectorcall (kwnames=0x0, nargsf=<optimized out>, args=<optimized out>, callable=<optimized out>) at ./Include/cpython/abstract.h:127
#26 call_function (kwnames=0x0, oparg=<optimized out>, pp_stack=<synthetic pointer>, tstate=0x2113180) at Python/ceval.c:5077
#27 _PyEval_EvalFrameDefault (tstate=<optimized out>, f=<optimized out>, throwflag=<optimized out>) at Python/ceval.c:3506
#28 0x00007ff6b179ea91 in _PyEval_EvalFrame (throwflag=0, f=0x7ff68d2615b0, tstate=0x2113180) at ./Include/internal/pycore_ceval.h:40
#29 _PyEval_EvalCode (tstate=tstate
entry=0x2113180, _co=<optimized out>, globals=<optimized out>, locals=locals
entry=0x0, args=<optimized out>, argcount=1, kwnames=0x7ff6b12832f8, kwargs=0x21671b0, kwcount=1, kwstep=1, defs=0x7ff6aa5da808, defcount=1, kwdefs=0x0, closure=0x0, name=0x7ff6b10e5770, qualname=0x7ff69b7af710) at Python/ceval.c:4329
#30 0x00007ff6b16b769d in _PyFunction_Vectorcall (func=<optimized out>, stack=<optimized out>, nargsf=<optimized out>, kwnames=<optimized out>) at Objects/call.c:396
#31 0x00007ff6b16ba198 in _PyObject_VectorcallTstate (kwnames=0x7ff6b12832e0, nargsf=1, args=0x21671a8, callable=0x7ff69b7b3f70, tstate=0x2113180) at ./Include/cpython/abstract.h:118
#32 method_vectorcall (method=<optimized out>, args=0x21671b0, nargsf=<optimized out>, kwnames=0x7ff6b12832e0) at Objects/classobject.c:53
#33 0x00007ff6b166bde6 in _PyObject_VectorcallTstate (kwnames=0x7ff6b12832e0, nargsf=9223372036854775808, args=0x21671b0, callable=0x7ff68d271d00, tstate=0x2113180) at ./Include/cpython/abstract.h:118
#34 PyObject_Vectorcall (kwnames=0x7ff6b12832e0, nargsf=9223372036854775808, args=0x21671b0, callable=<optimized out>) at ./Include/cpython/abstract.h:127
#35 call_function (kwnames=0x7ff6b12832e0, oparg=<optimized out>, pp_stack=<synthetic pointer>, tstate=0x2113180) at Python/ceval.c:5077
#36 _PyEval_EvalFrameDefault (tstate=<optimized out>, f=<optimized out>, throwflag=<optimized out>) at Python/ceval.c:3537
#37 0x00007ff6b179ea91 in _PyEval_EvalFrame (throwflag=0, f=0x2167040, tstate=0x2113180) at ./Include/internal/pycore_ceval.h:40
#38 _PyEval_EvalCode (tstate=0x2113180, _co=_co
entry=0x7ff6b12f83a0, globals=globals
entry=0x7ff6b131a3c0, locals=locals
entry=0x7ff6b131a3c0, args=args
entry=0x0, argcount=argcount
entry=0, kwnames=0x0, kwargs=0x0, kwcount=0, kwstep=2, defs=0x0, defcount=0, kwdefs=0x0, closure=0x0, name=0x0, qualname=0x0) at Python/ceval.c:4329
#39 0x00007ff6b179ee32 in _PyEval_EvalCodeWithName (_co=_co
entry=0x7ff6b12f83a0, globals=globals
entry=0x7ff6b131a3c0, locals=locals
entry=0x7ff6b131a3c0, args=args
entry=0x0, argcount=argcount
entry=0, kwnames=kwnames
entry=0x0, kwargs=0x0, kwcount=0, kwstep=2, defs=0x0, defcount=0, kwdefs=0x0, closure=0x0, name=0x0, qualname=0x0) at Python/ceval.c:4361
#40 0x00007ff6b179ee7b in PyEval_EvalCodeEx (_co=_co
entry=0x7ff6b12f83a0, globals=globals
entry=0x7ff6b131a3c0, locals=locals
entry=0x7ff6b131a3c0, args=args
entry=0x0, argcount=argcount
entry=0, kws=kws
entry=0x0, kwcount=0, defs=0x0, defcount=0, kwdefs=0x0, closure=0x0) at Python/ceval.c:4377
#41 0x00007ff6b179eeab in PyEval_EvalCode (co=co
entry=0x7ff6b12f83a0, globals=globals
entry=0x7ff6b131a3c0, locals=locals
entry=0x7ff6b131a3c0) at Python/ceval.c:828
#42 0x00007ff6b17de3a9 in run_eval_code_obj (locals=0x7ff6b131a3c0, globals=0x7ff6b131a3c0, co=0x7ff6b12f83a0, tstate=0x2113180) at Python/pythonrun.c:1221
#43 run_mod (mod=<optimized out>, filename=filename
entry=0x7ff6b1285390, globals=globals
entry=0x7ff6b131a3c0, locals=locals
entry=0x7ff6b131a3c0, flags=flags
entry=0x7ffdbe970588, arena=arena
entry=0x7ff6b1135fd0) at Python/pythonrun.c:1242
#44 0x00007ff6b17dfdf2 in pyrun_file (flags=0x7ffdbe970588, closeit=1, locals=0x7ff6b131a3c0, globals=0x7ff6b131a3c0, start=257, filename=0x7ff6b1285390, fp=0x21660f0) at Python/pythonrun.c:1140
#45 pyrun_simple_file (flags=0x7ffdbe970588, closeit=1, filename=0x7ff6b1285390, fp=0x21660f0) at Python/pythonrun.c:450
#46 PyRun_SimpleFileExFlags (fp=fp
entry=0x21660f0, filename=<optimized out>, closeit=closeit
entry=1, flags=flags
entry=0x7ffdbe970588) at Python/pythonrun.c:483
#47 0x00007ff6b17e0453 in PyRun_AnyFileExFlags (fp=fp
entry=0x21660f0, filename=<optimized out>, closeit=closeit
entry=1, flags=flags
entry=0x7ffdbe970588) at Python/pythonrun.c:92
#48 0x00007ff6b17fde28 in pymain_run_file (cf=0x7ffdbe970588, config=0x2110f60) at Modules/main.c:373
#49 pymain_run_python (exitcode=0x7ffdbe970580) at Modules/main.c:598
#50 Py_RunMain () at Modules/main.c:677
#51 0x00007ff6b17fe347 in pymain_main (args=0x7ffdbe970670) at Modules/main.c:707
#52 Py_BytesMain (argc=<optimized out>, argv=<optimized out>) at Modules/main.c:731
#53 0x00007ff6b1420590 in __libc_start_call_main () from /lib64/libc.so.6
#54 0x00007ff6b1420640 in __libc_start_main_impl () from /lib64/libc.so.6
#55 0x0000000000401075 in _start ()
===========================================================


The lines below might hint at the cause of the crash. If you see question
marks as part of the stack trace, try to recompile with debugging information
enabled and export CLING_DEBUG=1 environment variable before running.
You may get help by asking at the ROOT forum https://root.cern/forum
preferably using the command (.forum bug) in the ROOT prompt.
Only if you are really convinced it is a bug in ROOT then please submit a
report at https://root.cern/bugs or (preferably) using the command (.gh bug) in
the ROOT prompt. Please post the ENTIRE stack trace
from above as an attachment in addition to anything else
that might help us fixing this issue.
===========================================================
#6  0x00007ff68cd0364d in RooStats::ModelConfig::SetHasOnlyParameters(RooArgSet const&, char const*) () from /cvmfs/cms.cern.ch/el9_amd64_gcc12/lcg/root/6.30.07-8b1a11e1ef0e074fdfd44e162b27e71c/lib/libRooFitCore.so
#7  0x00007ff68cd09d30 in RooStats::ModelConfig::SetObservables(RooArgSet const&) () from /cvmfs/cms.cern.ch/el9_amd64_gcc12/lcg/root/6.30.07-8b1a11e1ef0e074fdfd44e162b27e71c/lib/libRooFitCore.so
#8  0x00007ff68c675013 in ?? ()
#9  0x0000000000000001 in ?? ()
#10 0x00007ff6b0e6a078 in WrapperCall(long, unsigned long, void*, void*, void*) () from /cvmfs/cms.cern.ch/el9_amd64_gcc12/lcg/root/6.30.07-8b1a11e1ef0e074fdfd44e162b27e71c/lib/libcppyy_backend3_9.so
#11 0x00007ff6b0eebe97 in CPyCppyy::(anonymous namespace)::VoidExecutor::Execute(long, void*, CPyCppyy::CallContext*) () from /cvmfs/cms.cern.ch/el9_amd64_gcc12/lcg/root/6.30.07-8b1a11e1ef0e074fdfd44e162b27e71c/lib/libcppyy3_9.so
#12 0x00007ff6b0ed7f87 in CPyCppyy::CPPMethod::ExecuteFast(void*, long, CPyCppyy::CallContext*) [clone .isra.0] () from /cvmfs/cms.cern.ch/el9_amd64_gcc12/lcg/root/6.30.07-8b1a11e1ef0e074fdfd44e162b27e71c/lib/libcppyy3_9.so
#13 0x00007ff6b0ed9316 in CPyCppyy::CPPMethod::Execute(void*, long, CPyCppyy::CallContext*) () from /cvmfs/cms.cern.ch/el9_amd64_gcc12/lcg/root/6.30.07-8b1a11e1ef0e074fdfd44e162b27e71c/lib/libcppyy3_9.so
#14 0x00007ff6b0eda0cf in CPyCppyy::CPPMethod::Call(CPyCppyy::CPPInstance*&, _object*, _object*, CPyCppyy::CallContext*) () from /cvmfs/cms.cern.ch/el9_amd64_gcc12/lcg/root/6.30.07-8b1a11e1ef0e074fdfd44e162b27e71c/lib/libcppyy3_9.so
#15 0x00007ff6b0edee9a in CPyCppyy::(anonymous namespace)::mp_call(CPyCppyy::CPPOverload*, _object*, _object*) () from /cvmfs/cms.cern.ch/el9_amd64_gcc12/lcg/root/6.30.07-8b1a11e1ef0e074fdfd44e162b27e71c/lib/libcppyy3_9.so
#16 0x00007ff6b16b786e in _PyObject_MakeTpCall (tstate=0x2113180, callable=callable
entry=0x7ff68d252a00, args=args
entry=0xa87d750, nargs=1, keywords=keywords
entry=0x0) at Objects/call.c:191
#17 0x00007ff6b166e50a in _PyObject_VectorcallTstate (kwnames=0x0, nargsf=9223372036854775809, args=0xa87d750, callable=0x7ff68d252a00, tstate=<optimized out>) at ./Include/cpython/abstract.h:116
#18 _PyObject_VectorcallTstate (kwnames=0x0, nargsf=9223372036854775809, args=0xa87d750, callable=0x7ff68d252a00, tstate=<optimized out>) at ./Include/cpython/abstract.h:103
#19 PyObject_Vectorcall (kwnames=0x0, nargsf=9223372036854775809, args=<optimized out>, callable=0x7ff68d252a00) at ./Include/cpython/abstract.h:127
#20 call_function (kwnames=0x0, oparg=1, pp_stack=<synthetic pointer>, tstate=0x2113180) at Python/ceval.c:5077
#21 _PyEval_EvalFrameDefault (tstate=<optimized out>, f=<optimized out>, throwflag=<optimized out>) at Python/ceval.c:3489
#22 0x00007ff6b16659fb in _PyEval_EvalFrame (throwflag=0, f=0xa87d570, tstate=0x2113180) at ./Include/internal/pycore_ceval.h:40
#23 function_code_fastcall (tstate=0x2113180, co=<optimized out>, args=<optimized out>, nargs=1, globals=<optimized out>) at Objects/call.c:330
#24 0x00007ff6b166cd0f in _PyObject_VectorcallTstate (kwnames=0x0, nargsf=<optimized out>, args=0x7ff68d261740, callable=0x7ff6b0f52700, tstate=0x2113180) at ./Include/cpython/abstract.h:118
#25 PyObject_Vectorcall (kwnames=0x0, nargsf=<optimized out>, args=<optimized out>, callable=<optimized out>) at ./Include/cpython/abstract.h:127
#26 call_function (kwnames=0x0, oparg=<optimized out>, pp_stack=<synthetic pointer>, tstate=0x2113180) at Python/ceval.c:5077
#27 _PyEval_EvalFrameDefault (tstate=<optimized out>, f=<optimized out>, throwflag=<optimized out>) at Python/ceval.c:3506
#28 0x00007ff6b179ea91 in _PyEval_EvalFrame (throwflag=0, f=0x7ff68d2615b0, tstate=0x2113180) at ./Include/internal/pycore_ceval.h:40
#29 _PyEval_EvalCode (tstate=tstate
entry=0x2113180, _co=<optimized out>, globals=<optimized out>, locals=locals
entry=0x0, args=<optimized out>, argcount=1, kwnames=0x7ff6b12832f8, kwargs=0x21671b0, kwcount=1, kwstep=1, defs=0x7ff6aa5da808, defcount=1, kwdefs=0x0, closure=0x0, name=0x7ff6b10e5770, qualname=0x7ff69b7af710) at Python/ceval.c:4329
#30 0x00007ff6b16b769d in _PyFunction_Vectorcall (func=<optimized out>, stack=<optimized out>, nargsf=<optimized out>, kwnames=<optimized out>) at Objects/call.c:396
#31 0x00007ff6b16ba198 in _PyObject_VectorcallTstate (kwnames=0x7ff6b12832e0, nargsf=1, args=0x21671a8, callable=0x7ff69b7b3f70, tstate=0x2113180) at ./Include/cpython/abstract.h:118
#32 method_vectorcall (method=<optimized out>, args=0x21671b0, nargsf=<optimized out>, kwnames=0x7ff6b12832e0) at Objects/classobject.c:53
#33 0x00007ff6b166bde6 in _PyObject_VectorcallTstate (kwnames=0x7ff6b12832e0, nargsf=9223372036854775808, args=0x21671b0, callable=0x7ff68d271d00, tstate=0x2113180) at ./Include/cpython/abstract.h:118
#34 PyObject_Vectorcall (kwnames=0x7ff6b12832e0, nargsf=9223372036854775808, args=0x21671b0, callable=<optimized out>) at ./Include/cpython/abstract.h:127
#35 call_function (kwnames=0x7ff6b12832e0, oparg=<optimized out>, pp_stack=<synthetic pointer>, tstate=0x2113180) at Python/ceval.c:5077
#36 _PyEval_EvalFrameDefault (tstate=<optimized out>, f=<optimized out>, throwflag=<optimized out>) at Python/ceval.c:3537
#37 0x00007ff6b179ea91 in _PyEval_EvalFrame (throwflag=0, f=0x2167040, tstate=0x2113180) at ./Include/internal/pycore_ceval.h:40
#38 _PyEval_EvalCode (tstate=0x2113180, _co=_co
entry=0x7ff6b12f83a0, globals=globals
entry=0x7ff6b131a3c0, locals=locals
entry=0x7ff6b131a3c0, args=args
entry=0x0, argcount=argcount
entry=0, kwnames=0x0, kwargs=0x0, kwcount=0, kwstep=2, defs=0x0, defcount=0, kwdefs=0x0, closure=0x0, name=0x0, qualname=0x0) at Python/ceval.c:4329
#39 0x00007ff6b179ee32 in _PyEval_EvalCodeWithName (_co=_co
entry=0x7ff6b12f83a0, globals=globals
entry=0x7ff6b131a3c0, locals=locals
entry=0x7ff6b131a3c0, args=args
entry=0x0, argcount=argcount
entry=0, kwnames=kwnames
entry=0x0, kwargs=0x0, kwcount=0, kwstep=2, defs=0x0, defcount=0, kwdefs=0x0, closure=0x0, name=0x0, qualname=0x0) at Python/ceval.c:4361
#40 0x00007ff6b179ee7b in PyEval_EvalCodeEx (_co=_co
entry=0x7ff6b12f83a0, globals=globals
entry=0x7ff6b131a3c0, locals=locals
entry=0x7ff6b131a3c0, args=args
entry=0x0, argcount=argcount
entry=0, kws=kws
entry=0x0, kwcount=0, defs=0x0, defcount=0, kwdefs=0x0, closure=0x0) at Python/ceval.c:4377
#41 0x00007ff6b179eeab in PyEval_EvalCode (co=co
entry=0x7ff6b12f83a0, globals=globals
entry=0x7ff6b131a3c0, locals=locals
entry=0x7ff6b131a3c0) at Python/ceval.c:828
#42 0x00007ff6b17de3a9 in run_eval_code_obj (locals=0x7ff6b131a3c0, globals=0x7ff6b131a3c0, co=0x7ff6b12f83a0, tstate=0x2113180) at Python/pythonrun.c:1221
#43 run_mod (mod=<optimized out>, filename=filename
entry=0x7ff6b1285390, globals=globals
entry=0x7ff6b131a3c0, locals=locals
entry=0x7ff6b131a3c0, flags=flags
entry=0x7ffdbe970588, arena=arena
entry=0x7ff6b1135fd0) at Python/pythonrun.c:1242
#44 0x00007ff6b17dfdf2 in pyrun_file (flags=0x7ffdbe970588, closeit=1, locals=0x7ff6b131a3c0, globals=0x7ff6b131a3c0, start=257, filename=0x7ff6b1285390, fp=0x21660f0) at Python/pythonrun.c:1140
#45 pyrun_simple_file (flags=0x7ffdbe970588, closeit=1, filename=0x7ff6b1285390, fp=0x21660f0) at Python/pythonrun.c:450
#46 PyRun_SimpleFileExFlags (fp=fp
entry=0x21660f0, filename=<optimized out>, closeit=closeit
entry=1, flags=flags
entry=0x7ffdbe970588) at Python/pythonrun.c:483
#47 0x00007ff6b17e0453 in PyRun_AnyFileExFlags (fp=fp
entry=0x21660f0, filename=<optimized out>, closeit=closeit
entry=1, flags=flags
entry=0x7ffdbe970588) at Python/pythonrun.c:92
#48 0x00007ff6b17fde28 in pymain_run_file (cf=0x7ffdbe970588, config=0x2110f60) at Modules/main.c:373
#49 pymain_run_python (exitcode=0x7ffdbe970580) at Modules/main.c:598
#50 Py_RunMain () at Modules/main.c:677
#51 0x00007ff6b17fe347 in pymain_main (args=0x7ffdbe970670) at Modules/main.c:707
#52 Py_BytesMain (argc=<optimized out>, argv=<optimized out>) at Modules/main.c:731
#53 0x00007ff6b1420590 in __libc_start_call_main () from /lib64/libc.so.6
#54 0x00007ff6b1420640 in __libc_start_main_impl () from /lib64/libc.so.6
#55 0x0000000000401075 in _start ()
===========================================================


Error when running the combination:
	File /home/submit/lavezzo/SUEP/CMSSW_14_1_0_pre4/src/SUEPLimits/cards/WH_11_20_fixed_noShape/cards-SUEP_mS125.000_mPhi4.000_T1.000_modegeneric/combined.root does not exist

 ----------------- 

/tmp/submit_higgsCombineSUEP_mS125.000_mPhi4.000_T16.000_modegeneric.AsymptoticLimits.mH125.sh: line 20: warning: here-document at line 7 delimited by end-of-file (wanted `EOF')
Traceback (most recent call last):
  File "/home/submit/lavezzo/SUEP/CMSSW_14_1_0_pre4/bin/el9_amd64_gcc12/combineCards.py", line 162, in <module>
    file = open(fname, "r")
FileNotFoundError: [Errno 2] No such file or directory: 'cards-SUEP_mS125.000_mPhi4.000_T16.000_modegeneric/shapes-GJHScrA2018.dat'
 *** Break *** segmentation violation



===========================================================
There was a crash.
This is the entire stack trace of all threads:
===========================================================

Thread 9 (Thread 0x7fbb64130640 (LWP 1456117) "python3"):
#0  0x00007fbb8687d79a in __futex_abstimed_wait_common () from /lib64/libc.so.6
#1  0x00007fbb8687ffa0 in pthread_cond_wait

GLIBC_2.3.2 () from /lib64/libc.so.6
#2  0x00007fbb6799c04f in th_worker (tidptr=<optimized out>) at numexpr/module.cpp:60
#3  0x00007fbb86880c02 in start_thread () from /lib64/libc.so.6
#4  0x00007fbb86905c40 in clone3 () from /lib64/libc.so.6

Thread 8 (Thread 0x7fbb64931640 (LWP 1456113) "python3"):
#0  0x00007fbb8687d79a in __futex_abstimed_wait_common () from /lib64/libc.so.6
#1  0x00007fbb8687ffa0 in pthread_cond_wait

GLIBC_2.3.2 () from /lib64/libc.so.6
#2  0x00007fbb6799c04f in th_worker (tidptr=<optimized out>) at numexpr/module.cpp:60
#3  0x00007fbb86880c02 in start_thread () from /lib64/libc.so.6
#4  0x00007fbb86905c40 in clone3 () from /lib64/libc.so.6

Thread 7 (Thread 0x7fbb65132640 (LWP 1456107) "python3"):
#0  0x00007fbb8687d79a in __futex_abstimed_wait_common () from /lib64/libc.so.6
#1  0x00007fbb8687ffa0 in pthread_cond_wait

GLIBC_2.3.2 () from /lib64/libc.so.6
#2  0x00007fbb6799c04f in th_worker (tidptr=<optimized out>) at numexpr/module.cpp:60
#3  0x00007fbb86880c02 in start_thread () from /lib64/libc.so.6
#4  0x00007fbb86905c40 in clone3 () from /lib64/libc.so.6

Thread 6 (Thread 0x7fbb65933640 (LWP 1456099) "python3"):
#0  0x00007fbb8687d79a in __futex_abstimed_wait_common () from /lib64/libc.so.6
#1  0x00007fbb8687ffa0 in pthread_cond_wait

GLIBC_2.3.2 () from /lib64/libc.so.6
#2  0x00007fbb6799c04f in th_worker (tidptr=<optimized out>) at numexpr/module.cpp:60
#3  0x00007fbb86880c02 in start_thread () from /lib64/libc.so.6
#4  0x00007fbb86905c40 in clone3 () from /lib64/libc.so.6

Thread 5 (Thread 0x7fbb66134640 (LWP 1456096) "python3"):
#0  0x00007fbb8687d79a in __futex_abstimed_wait_common () from /lib64/libc.so.6
#1  0x00007fbb8687ffa0 in pthread_cond_wait

GLIBC_2.3.2 () from /lib64/libc.so.6
#2  0x00007fbb6799c04f in th_worker (tidptr=<optimized out>) at numexpr/module.cpp:60
#3  0x00007fbb86880c02 in start_thread () from /lib64/libc.so.6
#4  0x00007fbb86905c40 in clone3 () from /lib64/libc.so.6

Thread 4 (Thread 0x7fbb66935640 (LWP 1456092) "python3"):
#0  0x00007fbb8687d79a in __futex_abstimed_wait_common () from /lib64/libc.so.6
#1  0x00007fbb8687ffa0 in pthread_cond_wait

GLIBC_2.3.2 () from /lib64/libc.so.6
#2  0x00007fbb6799c04f in th_worker (tidptr=<optimized out>) at numexpr/module.cpp:60
#3  0x00007fbb86880c02 in start_thread () from /lib64/libc.so.6
#4  0x00007fbb86905c40 in clone3 () from /lib64/libc.so.6

Thread 3 (Thread 0x7fbb67136640 (LWP 1456090) "python3"):
#0  0x00007fbb8687d79a in __futex_abstimed_wait_common () from /lib64/libc.so.6
#1  0x00007fbb8687ffa0 in pthread_cond_wait

GLIBC_2.3.2 () from /lib64/libc.so.6
#2  0x00007fbb6799c04f in th_worker (tidptr=<optimized out>) at numexpr/module.cpp:60
#3  0x00007fbb86880c02 in start_thread () from /lib64/libc.so.6
#4  0x00007fbb86905c40 in clone3 () from /lib64/libc.so.6

Thread 2 (Thread 0x7fbb67937640 (LWP 1456088) "python3"):
#0  0x00007fbb8687d79a in __futex_abstimed_wait_common () from /lib64/libc.so.6
#1  0x00007fbb8687ffa0 in pthread_cond_wait

GLIBC_2.3.2 () from /lib64/libc.so.6
#2  0x00007fbb6799c04f in th_worker (tidptr=<optimized out>) at numexpr/module.cpp:60
#3  0x00007fbb86880c02 in start_thread () from /lib64/libc.so.6
#4  0x00007fbb86905c40 in clone3 () from /lib64/libc.so.6

Thread 1 (Thread 0x7fbb86e5a740 (LWP 1449419) "python3"):
#0  0x00007fbb868cfa3f in wait4 () from /lib64/libc.so.6
#1  0x00007fbb86842243 in do_system () from /lib64/libc.so.6
#2  0x00007fbb8616743d in TUnixSystem::StackTrace() () from /cvmfs/cms.cern.ch/el9_amd64_gcc12/lcg/root/6.30.07-8b1a11e1ef0e074fdfd44e162b27e71c/lib/libCore.so
#3  0x00007fbb862ce5a3 in (anonymous namespace)::TExceptionHandlerImp::HandleException(int) () from /cvmfs/cms.cern.ch/el9_amd64_gcc12/lcg/root/6.30.07-8b1a11e1ef0e074fdfd44e162b27e71c/lib/libcppyy_backend3_9.so
#4  0x00007fbb86166c71 in TUnixSystem::DispatchSignals(ESignals) () from /cvmfs/cms.cern.ch/el9_amd64_gcc12/lcg/root/6.30.07-8b1a11e1ef0e074fdfd44e162b27e71c/lib/libCore.so
#5  <signal handler called>
#6  0x00007fbb6210364d in RooStats::ModelConfig::SetHasOnlyParameters(RooArgSet const&, char const*) () from /cvmfs/cms.cern.ch/el9_amd64_gcc12/lcg/root/6.30.07-8b1a11e1ef0e074fdfd44e162b27e71c/lib/libRooFitCore.so
#7  0x00007fbb62109d30 in RooStats::ModelConfig::SetObservables(RooArgSet const&) () from /cvmfs/cms.cern.ch/el9_amd64_gcc12/lcg/root/6.30.07-8b1a11e1ef0e074fdfd44e162b27e71c/lib/libRooFitCore.so
#8  0x00007fbb606c3013 in ?? ()
#9  0x0000000000000001 in ?? ()
#10 0x00007fbb862cf078 in WrapperCall(long, unsigned long, void*, void*, void*) () from /cvmfs/cms.cern.ch/el9_amd64_gcc12/lcg/root/6.30.07-8b1a11e1ef0e074fdfd44e162b27e71c/lib/libcppyy_backend3_9.so
#11 0x00007fbb86350e97 in CPyCppyy::(anonymous namespace)::VoidExecutor::Execute(long, void*, CPyCppyy::CallContext*) () from /cvmfs/cms.cern.ch/el9_amd64_gcc12/lcg/root/6.30.07-8b1a11e1ef0e074fdfd44e162b27e71c/lib/libcppyy3_9.so
#12 0x00007fbb8633cf87 in CPyCppyy::CPPMethod::ExecuteFast(void*, long, CPyCppyy::CallContext*) [clone .isra.0] () from /cvmfs/cms.cern.ch/el9_amd64_gcc12/lcg/root/6.30.07-8b1a11e1ef0e074fdfd44e162b27e71c/lib/libcppyy3_9.so
#13 0x00007fbb8633e316 in CPyCppyy::CPPMethod::Execute(void*, long, CPyCppyy::CallContext*) () from /cvmfs/cms.cern.ch/el9_amd64_gcc12/lcg/root/6.30.07-8b1a11e1ef0e074fdfd44e162b27e71c/lib/libcppyy3_9.so
#14 0x00007fbb8633f0cf in CPyCppyy::CPPMethod::Call(CPyCppyy::CPPInstance*&, _object*, _object*, CPyCppyy::CallContext*) () from /cvmfs/cms.cern.ch/el9_amd64_gcc12/lcg/root/6.30.07-8b1a11e1ef0e074fdfd44e162b27e71c/lib/libcppyy3_9.so
#15 0x00007fbb86343e9a in CPyCppyy::(anonymous namespace)::mp_call(CPyCppyy::CPPOverload*, _object*, _object*) () from /cvmfs/cms.cern.ch/el9_amd64_gcc12/lcg/root/6.30.07-8b1a11e1ef0e074fdfd44e162b27e71c/lib/libcppyy3_9.so
#16 0x00007fbb86ab786e in _PyObject_MakeTpCall (tstate=0xecf180, callable=callable
entry=0x7fbb626d2a00, args=args
entry=0x95a7ee0, nargs=1, keywords=keywords
entry=0x0) at Objects/call.c:191
#17 0x00007fbb86a6e50a in _PyObject_VectorcallTstate (kwnames=0x0, nargsf=9223372036854775809, args=0x95a7ee0, callable=0x7fbb626d2a00, tstate=<optimized out>) at ./Include/cpython/abstract.h:116
#18 _PyObject_VectorcallTstate (kwnames=0x0, nargsf=9223372036854775809, args=0x95a7ee0, callable=0x7fbb626d2a00, tstate=<optimized out>) at ./Include/cpython/abstract.h:103
#19 PyObject_Vectorcall (kwnames=0x0, nargsf=9223372036854775809, args=<optimized out>, callable=0x7fbb626d2a00) at ./Include/cpython/abstract.h:127
#20 call_function (kwnames=0x0, oparg=1, pp_stack=<synthetic pointer>, tstate=0xecf180) at Python/ceval.c:5077
#21 _PyEval_EvalFrameDefault (tstate=<optimized out>, f=<optimized out>, throwflag=<optimized out>) at Python/ceval.c:3489
#22 0x00007fbb86a659fb in _PyEval_EvalFrame (throwflag=0, f=0x95a7d00, tstate=0xecf180) at ./Include/internal/pycore_ceval.h:40
#23 function_code_fastcall (tstate=0xecf180, co=<optimized out>, args=<optimized out>, nargs=1, globals=<optimized out>) at Objects/call.c:330
#24 0x00007fbb86a6cd0f in _PyObject_VectorcallTstate (kwnames=0x0, nargsf=<optimized out>, args=0x7fbb626e0740, callable=0x7fbb863b7700, tstate=0xecf180) at ./Include/cpython/abstract.h:118
#25 PyObject_Vectorcall (kwnames=0x0, nargsf=<optimized out>, args=<optimized out>, callable=<optimized out>) at ./Include/cpython/abstract.h:127
#26 call_function (kwnames=0x0, oparg=<optimized out>, pp_stack=<synthetic pointer>, tstate=0xecf180) at Python/ceval.c:5077
#27 _PyEval_EvalFrameDefault (tstate=<optimized out>, f=<optimized out>, throwflag=<optimized out>) at Python/ceval.c:3506
#28 0x00007fbb86b9ea91 in _PyEval_EvalFrame (throwflag=0, f=0x7fbb626e05b0, tstate=0xecf180) at ./Include/internal/pycore_ceval.h:40
#29 _PyEval_EvalCode (tstate=tstate
entry=0xecf180, _co=<optimized out>, globals=<optimized out>, locals=locals
entry=0x0, args=<optimized out>, argcount=1, kwnames=0x7fbb866c32f8, kwargs=0xf231b0, kwcount=1, kwstep=1, defs=0x7fbb7fbb6808, defcount=1, kwdefs=0x0, closure=0x0, name=0x7fbb8654b7b0, qualname=0x7fbb77ec4760) at Python/ceval.c:4329
#30 0x00007fbb86ab769d in _PyFunction_Vectorcall (func=<optimized out>, stack=<optimized out>, nargsf=<optimized out>, kwnames=<optimized out>) at Objects/call.c:396
#31 0x00007fbb86aba198 in _PyObject_VectorcallTstate (kwnames=0x7fbb866c32e0, nargsf=1, args=0xf231a8, callable=0x7fbb77ec7f70, tstate=0xecf180) at ./Include/cpython/abstract.h:118
#32 method_vectorcall (method=<optimized out>, args=0xf231b0, nargsf=<optimized out>, kwnames=0x7fbb866c32e0) at Objects/classobject.c:53
#33 0x00007fbb86a6bde6 in _PyObject_VectorcallTstate (kwnames=0x7fbb866c32e0, nargsf=9223372036854775808, args=0xf231b0, callable=0x7fbb626f2300, tstate=0xecf180) at ./Include/cpython/abstract.h:118
#34 PyObject_Vectorcall (kwnames=0x7fbb866c32e0, nargsf=9223372036854775808, args=0xf231b0, callable=<optimized out>) at ./Include/cpython/abstract.h:127
#35 call_function (kwnames=0x7fbb866c32e0, oparg=<optimized out>, pp_stack=<synthetic pointer>, tstate=0xecf180) at Python/ceval.c:5077
#36 _PyEval_EvalFrameDefault (tstate=<optimized out>, f=<optimized out>, throwflag=<optimized out>) at Python/ceval.c:3537
#37 0x00007fbb86b9ea91 in _PyEval_EvalFrame (throwflag=0, f=0xf23040, tstate=0xecf180) at ./Include/internal/pycore_ceval.h:40
#38 _PyEval_EvalCode (tstate=0xecf180, _co=_co
entry=0x7fbb867383a0, globals=globals
entry=0x7fbb8675a3c0, locals=locals
entry=0x7fbb8675a3c0, args=args
entry=0x0, argcount=argcount
entry=0, kwnames=0x0, kwargs=0x0, kwcount=0, kwstep=2, defs=0x0, defcount=0, kwdefs=0x0, closure=0x0, name=0x0, qualname=0x0) at Python/ceval.c:4329
#39 0x00007fbb86b9ee32 in _PyEval_EvalCodeWithName (_co=_co
entry=0x7fbb867383a0, globals=globals
entry=0x7fbb8675a3c0, locals=locals
entry=0x7fbb8675a3c0, args=args
entry=0x0, argcount=argcount
entry=0, kwnames=kwnames
entry=0x0, kwargs=0x0, kwcount=0, kwstep=2, defs=0x0, defcount=0, kwdefs=0x0, closure=0x0, name=0x0, qualname=0x0) at Python/ceval.c:4361
#40 0x00007fbb86b9ee7b in PyEval_EvalCodeEx (_co=_co
entry=0x7fbb867383a0, globals=globals
entry=0x7fbb8675a3c0, locals=locals
entry=0x7fbb8675a3c0, args=args
entry=0x0, argcount=argcount
entry=0, kws=kws
entry=0x0, kwcount=0, defs=0x0, defcount=0, kwdefs=0x0, closure=0x0) at Python/ceval.c:4377
#41 0x00007fbb86b9eeab in PyEval_EvalCode (co=co
entry=0x7fbb867383a0, globals=globals
entry=0x7fbb8675a3c0, locals=locals
entry=0x7fbb8675a3c0) at Python/ceval.c:828
#42 0x00007fbb86bde3a9 in run_eval_code_obj (locals=0x7fbb8675a3c0, globals=0x7fbb8675a3c0, co=0x7fbb867383a0, tstate=0xecf180) at Python/pythonrun.c:1221
#43 run_mod (mod=<optimized out>, filename=filename
entry=0x7fbb866c5390, globals=globals
entry=0x7fbb8675a3c0, locals=locals
entry=0x7fbb8675a3c0, flags=flags
entry=0x7ffff3a6b008, arena=arena
entry=0x7fbb8659bfd0) at Python/pythonrun.c:1242
#44 0x00007fbb86bdfdf2 in pyrun_file (flags=0x7ffff3a6b008, closeit=1, locals=0x7fbb8675a3c0, globals=0x7fbb8675a3c0, start=257, filename=0x7fbb866c5390, fp=0xf220f0) at Python/pythonrun.c:1140
#45 pyrun_simple_file (flags=0x7ffff3a6b008, closeit=1, filename=0x7fbb866c5390, fp=0xf220f0) at Python/pythonrun.c:450
#46 PyRun_SimpleFileExFlags (fp=fp
entry=0xf220f0, filename=<optimized out>, closeit=closeit
entry=1, flags=flags
entry=0x7ffff3a6b008) at Python/pythonrun.c:483
#47 0x00007fbb86be0453 in PyRun_AnyFileExFlags (fp=fp
entry=0xf220f0, filename=<optimized out>, closeit=closeit
entry=1, flags=flags
entry=0x7ffff3a6b008) at Python/pythonrun.c:92
#48 0x00007fbb86bfde28 in pymain_run_file (cf=0x7ffff3a6b008, config=0xeccf60) at Modules/main.c:373
#49 pymain_run_python (exitcode=0x7ffff3a6b000) at Modules/main.c:598
#50 Py_RunMain () at Modules/main.c:677
#51 0x00007fbb86bfe347 in pymain_main (args=0x7ffff3a6b0f0) at Modules/main.c:707
#52 Py_BytesMain (argc=<optimized out>, argv=<optimized out>) at Modules/main.c:731
#53 0x00007fbb86820590 in __libc_start_call_main () from /lib64/libc.so.6
#54 0x00007fbb86820640 in __libc_start_main_impl () from /lib64/libc.so.6
#55 0x0000000000401075 in _start ()
===========================================================


The lines below might hint at the cause of the crash. If you see question
marks as part of the stack trace, try to recompile with debugging information
enabled and export CLING_DEBUG=1 environment variable before running.
You may get help by asking at the ROOT forum https://root.cern/forum
preferably using the command (.forum bug) in the ROOT prompt.
Only if you are really convinced it is a bug in ROOT then please submit a
report at https://root.cern/bugs or (preferably) using the command (.gh bug) in
the ROOT prompt. Please post the ENTIRE stack trace
from above as an attachment in addition to anything else
that might help us fixing this issue.
===========================================================
#6  0x00007fbb6210364d in RooStats::ModelConfig::SetHasOnlyParameters(RooArgSet const&, char const*) () from /cvmfs/cms.cern.ch/el9_amd64_gcc12/lcg/root/6.30.07-8b1a11e1ef0e074fdfd44e162b27e71c/lib/libRooFitCore.so
#7  0x00007fbb62109d30 in RooStats::ModelConfig::SetObservables(RooArgSet const&) () from /cvmfs/cms.cern.ch/el9_amd64_gcc12/lcg/root/6.30.07-8b1a11e1ef0e074fdfd44e162b27e71c/lib/libRooFitCore.so
#8  0x00007fbb606c3013 in ?? ()
#9  0x0000000000000001 in ?? ()
#10 0x00007fbb862cf078 in WrapperCall(long, unsigned long, void*, void*, void*) () from /cvmfs/cms.cern.ch/el9_amd64_gcc12/lcg/root/6.30.07-8b1a11e1ef0e074fdfd44e162b27e71c/lib/libcppyy_backend3_9.so
#11 0x00007fbb86350e97 in CPyCppyy::(anonymous namespace)::VoidExecutor::Execute(long, void*, CPyCppyy::CallContext*) () from /cvmfs/cms.cern.ch/el9_amd64_gcc12/lcg/root/6.30.07-8b1a11e1ef0e074fdfd44e162b27e71c/lib/libcppyy3_9.so
#12 0x00007fbb8633cf87 in CPyCppyy::CPPMethod::ExecuteFast(void*, long, CPyCppyy::CallContext*) [clone .isra.0] () from /cvmfs/cms.cern.ch/el9_amd64_gcc12/lcg/root/6.30.07-8b1a11e1ef0e074fdfd44e162b27e71c/lib/libcppyy3_9.so
#13 0x00007fbb8633e316 in CPyCppyy::CPPMethod::Execute(void*, long, CPyCppyy::CallContext*) () from /cvmfs/cms.cern.ch/el9_amd64_gcc12/lcg/root/6.30.07-8b1a11e1ef0e074fdfd44e162b27e71c/lib/libcppyy3_9.so
#14 0x00007fbb8633f0cf in CPyCppyy::CPPMethod::Call(CPyCppyy::CPPInstance*&, _object*, _object*, CPyCppyy::CallContext*) () from /cvmfs/cms.cern.ch/el9_amd64_gcc12/lcg/root/6.30.07-8b1a11e1ef0e074fdfd44e162b27e71c/lib/libcppyy3_9.so
#15 0x00007fbb86343e9a in CPyCppyy::(anonymous namespace)::mp_call(CPyCppyy::CPPOverload*, _object*, _object*) () from /cvmfs/cms.cern.ch/el9_amd64_gcc12/lcg/root/6.30.07-8b1a11e1ef0e074fdfd44e162b27e71c/lib/libcppyy3_9.so
#16 0x00007fbb86ab786e in _PyObject_MakeTpCall (tstate=0xecf180, callable=callable
entry=0x7fbb626d2a00, args=args
entry=0x95a7ee0, nargs=1, keywords=keywords
entry=0x0) at Objects/call.c:191
#17 0x00007fbb86a6e50a in _PyObject_VectorcallTstate (kwnames=0x0, nargsf=9223372036854775809, args=0x95a7ee0, callable=0x7fbb626d2a00, tstate=<optimized out>) at ./Include/cpython/abstract.h:116
#18 _PyObject_VectorcallTstate (kwnames=0x0, nargsf=9223372036854775809, args=0x95a7ee0, callable=0x7fbb626d2a00, tstate=<optimized out>) at ./Include/cpython/abstract.h:103
#19 PyObject_Vectorcall (kwnames=0x0, nargsf=9223372036854775809, args=<optimized out>, callable=0x7fbb626d2a00) at ./Include/cpython/abstract.h:127
#20 call_function (kwnames=0x0, oparg=1, pp_stack=<synthetic pointer>, tstate=0xecf180) at Python/ceval.c:5077
#21 _PyEval_EvalFrameDefault (tstate=<optimized out>, f=<optimized out>, throwflag=<optimized out>) at Python/ceval.c:3489
#22 0x00007fbb86a659fb in _PyEval_EvalFrame (throwflag=0, f=0x95a7d00, tstate=0xecf180) at ./Include/internal/pycore_ceval.h:40
#23 function_code_fastcall (tstate=0xecf180, co=<optimized out>, args=<optimized out>, nargs=1, globals=<optimized out>) at Objects/call.c:330
#24 0x00007fbb86a6cd0f in _PyObject_VectorcallTstate (kwnames=0x0, nargsf=<optimized out>, args=0x7fbb626e0740, callable=0x7fbb863b7700, tstate=0xecf180) at ./Include/cpython/abstract.h:118
#25 PyObject_Vectorcall (kwnames=0x0, nargsf=<optimized out>, args=<optimized out>, callable=<optimized out>) at ./Include/cpython/abstract.h:127
#26 call_function (kwnames=0x0, oparg=<optimized out>, pp_stack=<synthetic pointer>, tstate=0xecf180) at Python/ceval.c:5077
#27 _PyEval_EvalFrameDefault (tstate=<optimized out>, f=<optimized out>, throwflag=<optimized out>) at Python/ceval.c:3506
#28 0x00007fbb86b9ea91 in _PyEval_EvalFrame (throwflag=0, f=0x7fbb626e05b0, tstate=0xecf180) at ./Include/internal/pycore_ceval.h:40
#29 _PyEval_EvalCode (tstate=tstate
entry=0xecf180, _co=<optimized out>, globals=<optimized out>, locals=locals
entry=0x0, args=<optimized out>, argcount=1, kwnames=0x7fbb866c32f8, kwargs=0xf231b0, kwcount=1, kwstep=1, defs=0x7fbb7fbb6808, defcount=1, kwdefs=0x0, closure=0x0, name=0x7fbb8654b7b0, qualname=0x7fbb77ec4760) at Python/ceval.c:4329
#30 0x00007fbb86ab769d in _PyFunction_Vectorcall (func=<optimized out>, stack=<optimized out>, nargsf=<optimized out>, kwnames=<optimized out>) at Objects/call.c:396
#31 0x00007fbb86aba198 in _PyObject_VectorcallTstate (kwnames=0x7fbb866c32e0, nargsf=1, args=0xf231a8, callable=0x7fbb77ec7f70, tstate=0xecf180) at ./Include/cpython/abstract.h:118
#32 method_vectorcall (method=<optimized out>, args=0xf231b0, nargsf=<optimized out>, kwnames=0x7fbb866c32e0) at Objects/classobject.c:53
#33 0x00007fbb86a6bde6 in _PyObject_VectorcallTstate (kwnames=0x7fbb866c32e0, nargsf=9223372036854775808, args=0xf231b0, callable=0x7fbb626f2300, tstate=0xecf180) at ./Include/cpython/abstract.h:118
#34 PyObject_Vectorcall (kwnames=0x7fbb866c32e0, nargsf=9223372036854775808, args=0xf231b0, callable=<optimized out>) at ./Include/cpython/abstract.h:127
#35 call_function (kwnames=0x7fbb866c32e0, oparg=<optimized out>, pp_stack=<synthetic pointer>, tstate=0xecf180) at Python/ceval.c:5077
#36 _PyEval_EvalFrameDefault (tstate=<optimized out>, f=<optimized out>, throwflag=<optimized out>) at Python/ceval.c:3537
#37 0x00007fbb86b9ea91 in _PyEval_EvalFrame (throwflag=0, f=0xf23040, tstate=0xecf180) at ./Include/internal/pycore_ceval.h:40
#38 _PyEval_EvalCode (tstate=0xecf180, _co=_co
entry=0x7fbb867383a0, globals=globals
entry=0x7fbb8675a3c0, locals=locals
entry=0x7fbb8675a3c0, args=args
entry=0x0, argcount=argcount
entry=0, kwnames=0x0, kwargs=0x0, kwcount=0, kwstep=2, defs=0x0, defcount=0, kwdefs=0x0, closure=0x0, name=0x0, qualname=0x0) at Python/ceval.c:4329
#39 0x00007fbb86b9ee32 in _PyEval_EvalCodeWithName (_co=_co
entry=0x7fbb867383a0, globals=globals
entry=0x7fbb8675a3c0, locals=locals
entry=0x7fbb8675a3c0, args=args
entry=0x0, argcount=argcount
entry=0, kwnames=kwnames
entry=0x0, kwargs=0x0, kwcount=0, kwstep=2, defs=0x0, defcount=0, kwdefs=0x0, closure=0x0, name=0x0, qualname=0x0) at Python/ceval.c:4361
#40 0x00007fbb86b9ee7b in PyEval_EvalCodeEx (_co=_co
entry=0x7fbb867383a0, globals=globals
entry=0x7fbb8675a3c0, locals=locals
entry=0x7fbb8675a3c0, args=args
entry=0x0, argcount=argcount
entry=0, kws=kws
entry=0x0, kwcount=0, defs=0x0, defcount=0, kwdefs=0x0, closure=0x0) at Python/ceval.c:4377
#41 0x00007fbb86b9eeab in PyEval_EvalCode (co=co
entry=0x7fbb867383a0, globals=globals
entry=0x7fbb8675a3c0, locals=locals
entry=0x7fbb8675a3c0) at Python/ceval.c:828
#42 0x00007fbb86bde3a9 in run_eval_code_obj (locals=0x7fbb8675a3c0, globals=0x7fbb8675a3c0, co=0x7fbb867383a0, tstate=0xecf180) at Python/pythonrun.c:1221
#43 run_mod (mod=<optimized out>, filename=filename
entry=0x7fbb866c5390, globals=globals
entry=0x7fbb8675a3c0, locals=locals
entry=0x7fbb8675a3c0, flags=flags
entry=0x7ffff3a6b008, arena=arena
entry=0x7fbb8659bfd0) at Python/pythonrun.c:1242
#44 0x00007fbb86bdfdf2 in pyrun_file (flags=0x7ffff3a6b008, closeit=1, locals=0x7fbb8675a3c0, globals=0x7fbb8675a3c0, start=257, filename=0x7fbb866c5390, fp=0xf220f0) at Python/pythonrun.c:1140
#45 pyrun_simple_file (flags=0x7ffff3a6b008, closeit=1, filename=0x7fbb866c5390, fp=0xf220f0) at Python/pythonrun.c:450
#46 PyRun_SimpleFileExFlags (fp=fp
entry=0xf220f0, filename=<optimized out>, closeit=closeit
entry=1, flags=flags
entry=0x7ffff3a6b008) at Python/pythonrun.c:483
#47 0x00007fbb86be0453 in PyRun_AnyFileExFlags (fp=fp
entry=0xf220f0, filename=<optimized out>, closeit=closeit
entry=1, flags=flags
entry=0x7ffff3a6b008) at Python/pythonrun.c:92
#48 0x00007fbb86bfde28 in pymain_run_file (cf=0x7ffff3a6b008, config=0xeccf60) at Modules/main.c:373
#49 pymain_run_python (exitcode=0x7ffff3a6b000) at Modules/main.c:598
#50 Py_RunMain () at Modules/main.c:677
#51 0x00007fbb86bfe347 in pymain_main (args=0x7ffff3a6b0f0) at Modules/main.c:707
#52 Py_BytesMain (argc=<optimized out>, argv=<optimized out>) at Modules/main.c:731
#53 0x00007fbb86820590 in __libc_start_call_main () from /lib64/libc.so.6
#54 0x00007fbb86820640 in __libc_start_main_impl () from /lib64/libc.so.6
#55 0x0000000000401075 in _start ()
===========================================================


 *** Break *** segmentation violation



===========================================================
There was a crash.
This is the entire stack trace of all threads:
===========================================================

Thread 9 (Thread 0x7fbb64130640 (LWP 1456117) "python3"):
#0  0x00007fbb8687d79a in __futex_abstimed_wait_common () from /lib64/libc.so.6
#1  0x00007fbb8687ffa0 in pthread_cond_wait

GLIBC_2.3.2 () from /lib64/libc.so.6
#2  0x00007fbb6799c04f in th_worker (tidptr=<optimized out>) at numexpr/module.cpp:60
#3  0x00007fbb86880c02 in start_thread () from /lib64/libc.so.6
#4  0x00007fbb86905c40 in clone3 () from /lib64/libc.so.6

Thread 8 (Thread 0x7fbb64931640 (LWP 1456113) "python3"):
#0  0x00007fbb8687d79a in __futex_abstimed_wait_common () from /lib64/libc.so.6
#1  0x00007fbb8687ffa0 in pthread_cond_wait

GLIBC_2.3.2 () from /lib64/libc.so.6
#2  0x00007fbb6799c04f in th_worker (tidptr=<optimized out>) at numexpr/module.cpp:60
#3  0x00007fbb86880c02 in start_thread () from /lib64/libc.so.6
#4  0x00007fbb86905c40 in clone3 () from /lib64/libc.so.6

Thread 7 (Thread 0x7fbb65132640 (LWP 1456107) "python3"):
#0  0x00007fbb8687d79a in __futex_abstimed_wait_common () from /lib64/libc.so.6
#1  0x00007fbb8687ffa0 in pthread_cond_wait

GLIBC_2.3.2 () from /lib64/libc.so.6
#2  0x00007fbb6799c04f in th_worker (tidptr=<optimized out>) at numexpr/module.cpp:60
#3  0x00007fbb86880c02 in start_thread () from /lib64/libc.so.6
#4  0x00007fbb86905c40 in clone3 () from /lib64/libc.so.6

Thread 6 (Thread 0x7fbb65933640 (LWP 1456099) "python3"):
#0  0x00007fbb8687d79a in __futex_abstimed_wait_common () from /lib64/libc.so.6
#1  0x00007fbb8687ffa0 in pthread_cond_wait

GLIBC_2.3.2 () from /lib64/libc.so.6
#2  0x00007fbb6799c04f in th_worker (tidptr=<optimized out>) at numexpr/module.cpp:60
#3  0x00007fbb86880c02 in start_thread () from /lib64/libc.so.6
#4  0x00007fbb86905c40 in clone3 () from /lib64/libc.so.6

Thread 5 (Thread 0x7fbb66134640 (LWP 1456096) "python3"):
#0  0x00007fbb8687d79a in __futex_abstimed_wait_common () from /lib64/libc.so.6
#1  0x00007fbb8687ffa0 in pthread_cond_wait

GLIBC_2.3.2 () from /lib64/libc.so.6
#2  0x00007fbb6799c04f in th_worker (tidptr=<optimized out>) at numexpr/module.cpp:60
#3  0x00007fbb86880c02 in start_thread () from /lib64/libc.so.6
#4  0x00007fbb86905c40 in clone3 () from /lib64/libc.so.6

Thread 4 (Thread 0x7fbb66935640 (LWP 1456092) "python3"):
#0  0x00007fbb8687d79a in __futex_abstimed_wait_common () from /lib64/libc.so.6
#1  0x00007fbb8687ffa0 in pthread_cond_wait

GLIBC_2.3.2 () from /lib64/libc.so.6
#2  0x00007fbb6799c04f in th_worker (tidptr=<optimized out>) at numexpr/module.cpp:60
#3  0x00007fbb86880c02 in start_thread () from /lib64/libc.so.6
#4  0x00007fbb86905c40 in clone3 () from /lib64/libc.so.6

Thread 3 (Thread 0x7fbb67136640 (LWP 1456090) "python3"):
#0  0x00007fbb8687d79a in __futex_abstimed_wait_common () from /lib64/libc.so.6
#1  0x00007fbb8687ffa0 in pthread_cond_wait

GLIBC_2.3.2 () from /lib64/libc.so.6
#2  0x00007fbb6799c04f in th_worker (tidptr=<optimized out>) at numexpr/module.cpp:60
#3  0x00007fbb86880c02 in start_thread () from /lib64/libc.so.6
#4  0x00007fbb86905c40 in clone3 () from /lib64/libc.so.6

Thread 2 (Thread 0x7fbb67937640 (LWP 1456088) "python3"):
#0  0x00007fbb8687d79a in __futex_abstimed_wait_common () from /lib64/libc.so.6
#1  0x00007fbb8687ffa0 in pthread_cond_wait

GLIBC_2.3.2 () from /lib64/libc.so.6
#2  0x00007fbb6799c04f in th_worker (tidptr=<optimized out>) at numexpr/module.cpp:60
#3  0x00007fbb86880c02 in start_thread () from /lib64/libc.so.6
#4  0x00007fbb86905c40 in clone3 () from /lib64/libc.so.6

Thread 1 (Thread 0x7fbb86e5a740 (LWP 1449419) "python3"):
#0  0x00007fbb868cfa3f in wait4 () from /lib64/libc.so.6
#1  0x00007fbb86842243 in do_system () from /lib64/libc.so.6
#2  0x00007fbb8616743d in TUnixSystem::StackTrace() () from /cvmfs/cms.cern.ch/el9_amd64_gcc12/lcg/root/6.30.07-8b1a11e1ef0e074fdfd44e162b27e71c/lib/libCore.so
#3  0x00007fbb862ce423 in (anonymous namespace)::TExceptionHandlerImp::HandleException(int) () from /cvmfs/cms.cern.ch/el9_amd64_gcc12/lcg/root/6.30.07-8b1a11e1ef0e074fdfd44e162b27e71c/lib/libcppyy_backend3_9.so
#4  0x00007fbb86166c71 in TUnixSystem::DispatchSignals(ESignals) () from /cvmfs/cms.cern.ch/el9_amd64_gcc12/lcg/root/6.30.07-8b1a11e1ef0e074fdfd44e162b27e71c/lib/libCore.so
#5  <signal handler called>
#6  0x00007fbb6210364d in RooStats::ModelConfig::SetHasOnlyParameters(RooArgSet const&, char const*) () from /cvmfs/cms.cern.ch/el9_amd64_gcc12/lcg/root/6.30.07-8b1a11e1ef0e074fdfd44e162b27e71c/lib/libRooFitCore.so
#7  0x00007fbb62109d30 in RooStats::ModelConfig::SetObservables(RooArgSet const&) () from /cvmfs/cms.cern.ch/el9_amd64_gcc12/lcg/root/6.30.07-8b1a11e1ef0e074fdfd44e162b27e71c/lib/libRooFitCore.so
#8  0x00007fbb606c3013 in ?? ()
#9  0x0000000000000001 in ?? ()
#10 0x00007fbb862cf078 in WrapperCall(long, unsigned long, void*, void*, void*) () from /cvmfs/cms.cern.ch/el9_amd64_gcc12/lcg/root/6.30.07-8b1a11e1ef0e074fdfd44e162b27e71c/lib/libcppyy_backend3_9.so
#11 0x00007fbb86350e97 in CPyCppyy::(anonymous namespace)::VoidExecutor::Execute(long, void*, CPyCppyy::CallContext*) () from /cvmfs/cms.cern.ch/el9_amd64_gcc12/lcg/root/6.30.07-8b1a11e1ef0e074fdfd44e162b27e71c/lib/libcppyy3_9.so
#12 0x00007fbb8633cf87 in CPyCppyy::CPPMethod::ExecuteFast(void*, long, CPyCppyy::CallContext*) [clone .isra.0] () from /cvmfs/cms.cern.ch/el9_amd64_gcc12/lcg/root/6.30.07-8b1a11e1ef0e074fdfd44e162b27e71c/lib/libcppyy3_9.so
#13 0x00007fbb8633e316 in CPyCppyy::CPPMethod::Execute(void*, long, CPyCppyy::CallContext*) () from /cvmfs/cms.cern.ch/el9_amd64_gcc12/lcg/root/6.30.07-8b1a11e1ef0e074fdfd44e162b27e71c/lib/libcppyy3_9.so
#14 0x00007fbb8633f0cf in CPyCppyy::CPPMethod::Call(CPyCppyy::CPPInstance*&, _object*, _object*, CPyCppyy::CallContext*) () from /cvmfs/cms.cern.ch/el9_amd64_gcc12/lcg/root/6.30.07-8b1a11e1ef0e074fdfd44e162b27e71c/lib/libcppyy3_9.so
#15 0x00007fbb86343e9a in CPyCppyy::(anonymous namespace)::mp_call(CPyCppyy::CPPOverload*, _object*, _object*) () from /cvmfs/cms.cern.ch/el9_amd64_gcc12/lcg/root/6.30.07-8b1a11e1ef0e074fdfd44e162b27e71c/lib/libcppyy3_9.so
#16 0x00007fbb86ab786e in _PyObject_MakeTpCall (tstate=0xecf180, callable=callable
entry=0x7fbb626d2a00, args=args
entry=0x95a7ee0, nargs=1, keywords=keywords
entry=0x0) at Objects/call.c:191
#17 0x00007fbb86a6e50a in _PyObject_VectorcallTstate (kwnames=0x0, nargsf=9223372036854775809, args=0x95a7ee0, callable=0x7fbb626d2a00, tstate=<optimized out>) at ./Include/cpython/abstract.h:116
#18 _PyObject_VectorcallTstate (kwnames=0x0, nargsf=9223372036854775809, args=0x95a7ee0, callable=0x7fbb626d2a00, tstate=<optimized out>) at ./Include/cpython/abstract.h:103
#19 PyObject_Vectorcall (kwnames=0x0, nargsf=9223372036854775809, args=<optimized out>, callable=0x7fbb626d2a00) at ./Include/cpython/abstract.h:127
#20 call_function (kwnames=0x0, oparg=1, pp_stack=<synthetic pointer>, tstate=0xecf180) at Python/ceval.c:5077
#21 _PyEval_EvalFrameDefault (tstate=<optimized out>, f=<optimized out>, throwflag=<optimized out>) at Python/ceval.c:3489
#22 0x00007fbb86a659fb in _PyEval_EvalFrame (throwflag=0, f=0x95a7d00, tstate=0xecf180) at ./Include/internal/pycore_ceval.h:40
#23 function_code_fastcall (tstate=0xecf180, co=<optimized out>, args=<optimized out>, nargs=1, globals=<optimized out>) at Objects/call.c:330
#24 0x00007fbb86a6cd0f in _PyObject_VectorcallTstate (kwnames=0x0, nargsf=<optimized out>, args=0x7fbb626e0740, callable=0x7fbb863b7700, tstate=0xecf180) at ./Include/cpython/abstract.h:118
#25 PyObject_Vectorcall (kwnames=0x0, nargsf=<optimized out>, args=<optimized out>, callable=<optimized out>) at ./Include/cpython/abstract.h:127
#26 call_function (kwnames=0x0, oparg=<optimized out>, pp_stack=<synthetic pointer>, tstate=0xecf180) at Python/ceval.c:5077
#27 _PyEval_EvalFrameDefault (tstate=<optimized out>, f=<optimized out>, throwflag=<optimized out>) at Python/ceval.c:3506
#28 0x00007fbb86b9ea91 in _PyEval_EvalFrame (throwflag=0, f=0x7fbb626e05b0, tstate=0xecf180) at ./Include/internal/pycore_ceval.h:40
#29 _PyEval_EvalCode (tstate=tstate
entry=0xecf180, _co=<optimized out>, globals=<optimized out>, locals=locals
entry=0x0, args=<optimized out>, argcount=1, kwnames=0x7fbb866c32f8, kwargs=0xf231b0, kwcount=1, kwstep=1, defs=0x7fbb7fbb6808, defcount=1, kwdefs=0x0, closure=0x0, name=0x7fbb8654b7b0, qualname=0x7fbb77ec4760) at Python/ceval.c:4329
#30 0x00007fbb86ab769d in _PyFunction_Vectorcall (func=<optimized out>, stack=<optimized out>, nargsf=<optimized out>, kwnames=<optimized out>) at Objects/call.c:396
#31 0x00007fbb86aba198 in _PyObject_VectorcallTstate (kwnames=0x7fbb866c32e0, nargsf=1, args=0xf231a8, callable=0x7fbb77ec7f70, tstate=0xecf180) at ./Include/cpython/abstract.h:118
#32 method_vectorcall (method=<optimized out>, args=0xf231b0, nargsf=<optimized out>, kwnames=0x7fbb866c32e0) at Objects/classobject.c:53
#33 0x00007fbb86a6bde6 in _PyObject_VectorcallTstate (kwnames=0x7fbb866c32e0, nargsf=9223372036854775808, args=0xf231b0, callable=0x7fbb626f2300, tstate=0xecf180) at ./Include/cpython/abstract.h:118
#34 PyObject_Vectorcall (kwnames=0x7fbb866c32e0, nargsf=9223372036854775808, args=0xf231b0, callable=<optimized out>) at ./Include/cpython/abstract.h:127
#35 call_function (kwnames=0x7fbb866c32e0, oparg=<optimized out>, pp_stack=<synthetic pointer>, tstate=0xecf180) at Python/ceval.c:5077
#36 _PyEval_EvalFrameDefault (tstate=<optimized out>, f=<optimized out>, throwflag=<optimized out>) at Python/ceval.c:3537
#37 0x00007fbb86b9ea91 in _PyEval_EvalFrame (throwflag=0, f=0xf23040, tstate=0xecf180) at ./Include/internal/pycore_ceval.h:40
#38 _PyEval_EvalCode (tstate=0xecf180, _co=_co
entry=0x7fbb867383a0, globals=globals
entry=0x7fbb8675a3c0, locals=locals
entry=0x7fbb8675a3c0, args=args
entry=0x0, argcount=argcount
entry=0, kwnames=0x0, kwargs=0x0, kwcount=0, kwstep=2, defs=0x0, defcount=0, kwdefs=0x0, closure=0x0, name=0x0, qualname=0x0) at Python/ceval.c:4329
#39 0x00007fbb86b9ee32 in _PyEval_EvalCodeWithName (_co=_co
entry=0x7fbb867383a0, globals=globals
entry=0x7fbb8675a3c0, locals=locals
entry=0x7fbb8675a3c0, args=args
entry=0x0, argcount=argcount
entry=0, kwnames=kwnames
entry=0x0, kwargs=0x0, kwcount=0, kwstep=2, defs=0x0, defcount=0, kwdefs=0x0, closure=0x0, name=0x0, qualname=0x0) at Python/ceval.c:4361
#40 0x00007fbb86b9ee7b in PyEval_EvalCodeEx (_co=_co
entry=0x7fbb867383a0, globals=globals
entry=0x7fbb8675a3c0, locals=locals
entry=0x7fbb8675a3c0, args=args
entry=0x0, argcount=argcount
entry=0, kws=kws
entry=0x0, kwcount=0, defs=0x0, defcount=0, kwdefs=0x0, closure=0x0) at Python/ceval.c:4377
#41 0x00007fbb86b9eeab in PyEval_EvalCode (co=co
entry=0x7fbb867383a0, globals=globals
entry=0x7fbb8675a3c0, locals=locals
entry=0x7fbb8675a3c0) at Python/ceval.c:828
#42 0x00007fbb86bde3a9 in run_eval_code_obj (locals=0x7fbb8675a3c0, globals=0x7fbb8675a3c0, co=0x7fbb867383a0, tstate=0xecf180) at Python/pythonrun.c:1221
#43 run_mod (mod=<optimized out>, filename=filename
entry=0x7fbb866c5390, globals=globals
entry=0x7fbb8675a3c0, locals=locals
entry=0x7fbb8675a3c0, flags=flags
entry=0x7ffff3a6b008, arena=arena
entry=0x7fbb8659bfd0) at Python/pythonrun.c:1242
#44 0x00007fbb86bdfdf2 in pyrun_file (flags=0x7ffff3a6b008, closeit=1, locals=0x7fbb8675a3c0, globals=0x7fbb8675a3c0, start=257, filename=0x7fbb866c5390, fp=0xf220f0) at Python/pythonrun.c:1140
#45 pyrun_simple_file (flags=0x7ffff3a6b008, closeit=1, filename=0x7fbb866c5390, fp=0xf220f0) at Python/pythonrun.c:450
#46 PyRun_SimpleFileExFlags (fp=fp
entry=0xf220f0, filename=<optimized out>, closeit=closeit
entry=1, flags=flags
entry=0x7ffff3a6b008) at Python/pythonrun.c:483
#47 0x00007fbb86be0453 in PyRun_AnyFileExFlags (fp=fp
entry=0xf220f0, filename=<optimized out>, closeit=closeit
entry=1, flags=flags
entry=0x7ffff3a6b008) at Python/pythonrun.c:92
#48 0x00007fbb86bfde28 in pymain_run_file (cf=0x7ffff3a6b008, config=0xeccf60) at Modules/main.c:373
#49 pymain_run_python (exitcode=0x7ffff3a6b000) at Modules/main.c:598
#50 Py_RunMain () at Modules/main.c:677
#51 0x00007fbb86bfe347 in pymain_main (args=0x7ffff3a6b0f0) at Modules/main.c:707
#52 Py_BytesMain (argc=<optimized out>, argv=<optimized out>) at Modules/main.c:731
#53 0x00007fbb86820590 in __libc_start_call_main () from /lib64/libc.so.6
#54 0x00007fbb86820640 in __libc_start_main_impl () from /lib64/libc.so.6
#55 0x0000000000401075 in _start ()
===========================================================


The lines below might hint at the cause of the crash. If you see question
marks as part of the stack trace, try to recompile with debugging information
enabled and export CLING_DEBUG=1 environment variable before running.
You may get help by asking at the ROOT forum https://root.cern/forum
preferably using the command (.forum bug) in the ROOT prompt.
Only if you are really convinced it is a bug in ROOT then please submit a
report at https://root.cern/bugs or (preferably) using the command (.gh bug) in
the ROOT prompt. Please post the ENTIRE stack trace
from above as an attachment in addition to anything else
that might help us fixing this issue.
===========================================================
#6  0x00007fbb6210364d in RooStats::ModelConfig::SetHasOnlyParameters(RooArgSet const&, char const*) () from /cvmfs/cms.cern.ch/el9_amd64_gcc12/lcg/root/6.30.07-8b1a11e1ef0e074fdfd44e162b27e71c/lib/libRooFitCore.so
#7  0x00007fbb62109d30 in RooStats::ModelConfig::SetObservables(RooArgSet const&) () from /cvmfs/cms.cern.ch/el9_amd64_gcc12/lcg/root/6.30.07-8b1a11e1ef0e074fdfd44e162b27e71c/lib/libRooFitCore.so
#8  0x00007fbb606c3013 in ?? ()
#9  0x0000000000000001 in ?? ()
#10 0x00007fbb862cf078 in WrapperCall(long, unsigned long, void*, void*, void*) () from /cvmfs/cms.cern.ch/el9_amd64_gcc12/lcg/root/6.30.07-8b1a11e1ef0e074fdfd44e162b27e71c/lib/libcppyy_backend3_9.so
#11 0x00007fbb86350e97 in CPyCppyy::(anonymous namespace)::VoidExecutor::Execute(long, void*, CPyCppyy::CallContext*) () from /cvmfs/cms.cern.ch/el9_amd64_gcc12/lcg/root/6.30.07-8b1a11e1ef0e074fdfd44e162b27e71c/lib/libcppyy3_9.so
#12 0x00007fbb8633cf87 in CPyCppyy::CPPMethod::ExecuteFast(void*, long, CPyCppyy::CallContext*) [clone .isra.0] () from /cvmfs/cms.cern.ch/el9_amd64_gcc12/lcg/root/6.30.07-8b1a11e1ef0e074fdfd44e162b27e71c/lib/libcppyy3_9.so
#13 0x00007fbb8633e316 in CPyCppyy::CPPMethod::Execute(void*, long, CPyCppyy::CallContext*) () from /cvmfs/cms.cern.ch/el9_amd64_gcc12/lcg/root/6.30.07-8b1a11e1ef0e074fdfd44e162b27e71c/lib/libcppyy3_9.so
#14 0x00007fbb8633f0cf in CPyCppyy::CPPMethod::Call(CPyCppyy::CPPInstance*&, _object*, _object*, CPyCppyy::CallContext*) () from /cvmfs/cms.cern.ch/el9_amd64_gcc12/lcg/root/6.30.07-8b1a11e1ef0e074fdfd44e162b27e71c/lib/libcppyy3_9.so
#15 0x00007fbb86343e9a in CPyCppyy::(anonymous namespace)::mp_call(CPyCppyy::CPPOverload*, _object*, _object*) () from /cvmfs/cms.cern.ch/el9_amd64_gcc12/lcg/root/6.30.07-8b1a11e1ef0e074fdfd44e162b27e71c/lib/libcppyy3_9.so
#16 0x00007fbb86ab786e in _PyObject_MakeTpCall (tstate=0xecf180, callable=callable
entry=0x7fbb626d2a00, args=args
entry=0x95a7ee0, nargs=1, keywords=keywords
entry=0x0) at Objects/call.c:191
#17 0x00007fbb86a6e50a in _PyObject_VectorcallTstate (kwnames=0x0, nargsf=9223372036854775809, args=0x95a7ee0, callable=0x7fbb626d2a00, tstate=<optimized out>) at ./Include/cpython/abstract.h:116
#18 _PyObject_VectorcallTstate (kwnames=0x0, nargsf=9223372036854775809, args=0x95a7ee0, callable=0x7fbb626d2a00, tstate=<optimized out>) at ./Include/cpython/abstract.h:103
#19 PyObject_Vectorcall (kwnames=0x0, nargsf=9223372036854775809, args=<optimized out>, callable=0x7fbb626d2a00) at ./Include/cpython/abstract.h:127
#20 call_function (kwnames=0x0, oparg=1, pp_stack=<synthetic pointer>, tstate=0xecf180) at Python/ceval.c:5077
#21 _PyEval_EvalFrameDefault (tstate=<optimized out>, f=<optimized out>, throwflag=<optimized out>) at Python/ceval.c:3489
#22 0x00007fbb86a659fb in _PyEval_EvalFrame (throwflag=0, f=0x95a7d00, tstate=0xecf180) at ./Include/internal/pycore_ceval.h:40
#23 function_code_fastcall (tstate=0xecf180, co=<optimized out>, args=<optimized out>, nargs=1, globals=<optimized out>) at Objects/call.c:330
#24 0x00007fbb86a6cd0f in _PyObject_VectorcallTstate (kwnames=0x0, nargsf=<optimized out>, args=0x7fbb626e0740, callable=0x7fbb863b7700, tstate=0xecf180) at ./Include/cpython/abstract.h:118
#25 PyObject_Vectorcall (kwnames=0x0, nargsf=<optimized out>, args=<optimized out>, callable=<optimized out>) at ./Include/cpython/abstract.h:127
#26 call_function (kwnames=0x0, oparg=<optimized out>, pp_stack=<synthetic pointer>, tstate=0xecf180) at Python/ceval.c:5077
#27 _PyEval_EvalFrameDefault (tstate=<optimized out>, f=<optimized out>, throwflag=<optimized out>) at Python/ceval.c:3506
#28 0x00007fbb86b9ea91 in _PyEval_EvalFrame (throwflag=0, f=0x7fbb626e05b0, tstate=0xecf180) at ./Include/internal/pycore_ceval.h:40
#29 _PyEval_EvalCode (tstate=tstate
entry=0xecf180, _co=<optimized out>, globals=<optimized out>, locals=locals
entry=0x0, args=<optimized out>, argcount=1, kwnames=0x7fbb866c32f8, kwargs=0xf231b0, kwcount=1, kwstep=1, defs=0x7fbb7fbb6808, defcount=1, kwdefs=0x0, closure=0x0, name=0x7fbb8654b7b0, qualname=0x7fbb77ec4760) at Python/ceval.c:4329
#30 0x00007fbb86ab769d in _PyFunction_Vectorcall (func=<optimized out>, stack=<optimized out>, nargsf=<optimized out>, kwnames=<optimized out>) at Objects/call.c:396
#31 0x00007fbb86aba198 in _PyObject_VectorcallTstate (kwnames=0x7fbb866c32e0, nargsf=1, args=0xf231a8, callable=0x7fbb77ec7f70, tstate=0xecf180) at ./Include/cpython/abstract.h:118
#32 method_vectorcall (method=<optimized out>, args=0xf231b0, nargsf=<optimized out>, kwnames=0x7fbb866c32e0) at Objects/classobject.c:53
#33 0x00007fbb86a6bde6 in _PyObject_VectorcallTstate (kwnames=0x7fbb866c32e0, nargsf=9223372036854775808, args=0xf231b0, callable=0x7fbb626f2300, tstate=0xecf180) at ./Include/cpython/abstract.h:118
#34 PyObject_Vectorcall (kwnames=0x7fbb866c32e0, nargsf=9223372036854775808, args=0xf231b0, callable=<optimized out>) at ./Include/cpython/abstract.h:127
#35 call_function (kwnames=0x7fbb866c32e0, oparg=<optimized out>, pp_stack=<synthetic pointer>, tstate=0xecf180) at Python/ceval.c:5077
#36 _PyEval_EvalFrameDefault (tstate=<optimized out>, f=<optimized out>, throwflag=<optimized out>) at Python/ceval.c:3537
#37 0x00007fbb86b9ea91 in _PyEval_EvalFrame (throwflag=0, f=0xf23040, tstate=0xecf180) at ./Include/internal/pycore_ceval.h:40
#38 _PyEval_EvalCode (tstate=0xecf180, _co=_co
entry=0x7fbb867383a0, globals=globals
entry=0x7fbb8675a3c0, locals=locals
entry=0x7fbb8675a3c0, args=args
entry=0x0, argcount=argcount
entry=0, kwnames=0x0, kwargs=0x0, kwcount=0, kwstep=2, defs=0x0, defcount=0, kwdefs=0x0, closure=0x0, name=0x0, qualname=0x0) at Python/ceval.c:4329
#39 0x00007fbb86b9ee32 in _PyEval_EvalCodeWithName (_co=_co
entry=0x7fbb867383a0, globals=globals
entry=0x7fbb8675a3c0, locals=locals
entry=0x7fbb8675a3c0, args=args
entry=0x0, argcount=argcount
entry=0, kwnames=kwnames
entry=0x0, kwargs=0x0, kwcount=0, kwstep=2, defs=0x0, defcount=0, kwdefs=0x0, closure=0x0, name=0x0, qualname=0x0) at Python/ceval.c:4361
#40 0x00007fbb86b9ee7b in PyEval_EvalCodeEx (_co=_co
entry=0x7fbb867383a0, globals=globals
entry=0x7fbb8675a3c0, locals=locals
entry=0x7fbb8675a3c0, args=args
entry=0x0, argcount=argcount
entry=0, kws=kws
entry=0x0, kwcount=0, defs=0x0, defcount=0, kwdefs=0x0, closure=0x0) at Python/ceval.c:4377
#41 0x00007fbb86b9eeab in PyEval_EvalCode (co=co
entry=0x7fbb867383a0, globals=globals
entry=0x7fbb8675a3c0, locals=locals
entry=0x7fbb8675a3c0) at Python/ceval.c:828
#42 0x00007fbb86bde3a9 in run_eval_code_obj (locals=0x7fbb8675a3c0, globals=0x7fbb8675a3c0, co=0x7fbb867383a0, tstate=0xecf180) at Python/pythonrun.c:1221
#43 run_mod (mod=<optimized out>, filename=filename
entry=0x7fbb866c5390, globals=globals
entry=0x7fbb8675a3c0, locals=locals
entry=0x7fbb8675a3c0, flags=flags
entry=0x7ffff3a6b008, arena=arena
entry=0x7fbb8659bfd0) at Python/pythonrun.c:1242
#44 0x00007fbb86bdfdf2 in pyrun_file (flags=0x7ffff3a6b008, closeit=1, locals=0x7fbb8675a3c0, globals=0x7fbb8675a3c0, start=257, filename=0x7fbb866c5390, fp=0xf220f0) at Python/pythonrun.c:1140
#45 pyrun_simple_file (flags=0x7ffff3a6b008, closeit=1, filename=0x7fbb866c5390, fp=0xf220f0) at Python/pythonrun.c:450
#46 PyRun_SimpleFileExFlags (fp=fp
entry=0xf220f0, filename=<optimized out>, closeit=closeit
entry=1, flags=flags
entry=0x7ffff3a6b008) at Python/pythonrun.c:483
#47 0x00007fbb86be0453 in PyRun_AnyFileExFlags (fp=fp
entry=0xf220f0, filename=<optimized out>, closeit=closeit
entry=1, flags=flags
entry=0x7ffff3a6b008) at Python/pythonrun.c:92
#48 0x00007fbb86bfde28 in pymain_run_file (cf=0x7ffff3a6b008, config=0xeccf60) at Modules/main.c:373
#49 pymain_run_python (exitcode=0x7ffff3a6b000) at Modules/main.c:598
#50 Py_RunMain () at Modules/main.c:677
#51 0x00007fbb86bfe347 in pymain_main (args=0x7ffff3a6b0f0) at Modules/main.c:707
#52 Py_BytesMain (argc=<optimized out>, argv=<optimized out>) at Modules/main.c:731
#53 0x00007fbb86820590 in __libc_start_call_main () from /lib64/libc.so.6
#54 0x00007fbb86820640 in __libc_start_main_impl () from /lib64/libc.so.6
#55 0x0000000000401075 in _start ()
===========================================================


Error when running the combination:
	File /home/submit/lavezzo/SUEP/CMSSW_14_1_0_pre4/src/SUEPLimits/cards/WH_11_20_fixed_noShape/cards-SUEP_mS125.000_mPhi4.000_T16.000_modegeneric/combined.root does not exist

 ----------------- 

/tmp/submit_higgsCombineSUEP_mS125.000_mPhi4.000_T2.000_modegeneric.AsymptoticLimits.mH125.sh: line 20: warning: here-document at line 7 delimited by end-of-file (wanted `EOF')
Traceback (most recent call last):
  File "/home/submit/lavezzo/SUEP/CMSSW_14_1_0_pre4/bin/el9_amd64_gcc12/combineCards.py", line 162, in <module>
    file = open(fname, "r")
FileNotFoundError: [Errno 2] No such file or directory: 'cards-SUEP_mS125.000_mPhi4.000_T2.000_modegeneric/shapes-GJHScrA2018.dat'
 *** Break *** segmentation violation



===========================================================
There was a crash.
This is the entire stack trace of all threads:
===========================================================

Thread 9 (Thread 0x7fd0871a8640 (LWP 1456071) "python3"):
#0  0x00007fd0a99a279a in __futex_abstimed_wait_common () from /lib64/libc.so.6
#1  0x00007fd0a99a4fa0 in pthread_cond_wait

GLIBC_2.3.2 () from /lib64/libc.so.6
#2  0x00007fd08e88004f in th_worker (tidptr=<optimized out>) at numexpr/module.cpp:60
#3  0x00007fd0a99a5c02 in start_thread () from /lib64/libc.so.6
#4  0x00007fd0a9a2ac40 in clone3 () from /lib64/libc.so.6

Thread 8 (Thread 0x7fd0879a9640 (LWP 1456060) "python3"):
#0  0x00007fd0a99a279a in __futex_abstimed_wait_common () from /lib64/libc.so.6
#1  0x00007fd0a99a4fa0 in pthread_cond_wait

GLIBC_2.3.2 () from /lib64/libc.so.6
#2  0x00007fd08e88004f in th_worker (tidptr=<optimized out>) at numexpr/module.cpp:60
#3  0x00007fd0a99a5c02 in start_thread () from /lib64/libc.so.6
#4  0x00007fd0a9a2ac40 in clone3 () from /lib64/libc.so.6

Thread 7 (Thread 0x7fd0881aa640 (LWP 1456045) "python3"):
#0  0x00007fd0a99a279a in __futex_abstimed_wait_common () from /lib64/libc.so.6
#1  0x00007fd0a99a4fa0 in pthread_cond_wait

GLIBC_2.3.2 () from /lib64/libc.so.6
#2  0x00007fd08e88004f in th_worker (tidptr=<optimized out>) at numexpr/module.cpp:60
#3  0x00007fd0a99a5c02 in start_thread () from /lib64/libc.so.6
#4  0x00007fd0a9a2ac40 in clone3 () from /lib64/libc.so.6

Thread 6 (Thread 0x7fd0889ab640 (LWP 1456036) "python3"):
#0  0x00007fd0a99a279a in __futex_abstimed_wait_common () from /lib64/libc.so.6
#1  0x00007fd0a99a4fa0 in pthread_cond_wait

GLIBC_2.3.2 () from /lib64/libc.so.6
#2  0x00007fd08e88004f in th_worker (tidptr=<optimized out>) at numexpr/module.cpp:60
#3  0x00007fd0a99a5c02 in start_thread () from /lib64/libc.so.6
#4  0x00007fd0a9a2ac40 in clone3 () from /lib64/libc.so.6

Thread 5 (Thread 0x7fd0891ac640 (LWP 1456024) "python3"):
#0  0x00007fd0a99a279a in __futex_abstimed_wait_common () from /lib64/libc.so.6
#1  0x00007fd0a99a4fa0 in pthread_cond_wait

GLIBC_2.3.2 () from /lib64/libc.so.6
#2  0x00007fd08e88004f in th_worker (tidptr=<optimized out>) at numexpr/module.cpp:60
#3  0x00007fd0a99a5c02 in start_thread () from /lib64/libc.so.6
#4  0x00007fd0a9a2ac40 in clone3 () from /lib64/libc.so.6

Thread 4 (Thread 0x7fd0899ad640 (LWP 1456017) "python3"):
#0  0x00007fd0a99a279a in __futex_abstimed_wait_common () from /lib64/libc.so.6
#1  0x00007fd0a99a4fa0 in pthread_cond_wait

GLIBC_2.3.2 () from /lib64/libc.so.6
#2  0x00007fd08e88004f in th_worker (tidptr=<optimized out>) at numexpr/module.cpp:60
#3  0x00007fd0a99a5c02 in start_thread () from /lib64/libc.so.6
#4  0x00007fd0a9a2ac40 in clone3 () from /lib64/libc.so.6

Thread 3 (Thread 0x7fd08a1ae640 (LWP 1456010) "python3"):
#0  0x00007fd0a99a279a in __futex_abstimed_wait_common () from /lib64/libc.so.6
#1  0x00007fd0a99a4fa0 in pthread_cond_wait

GLIBC_2.3.2 () from /lib64/libc.so.6
#2  0x00007fd08e88004f in th_worker (tidptr=<optimized out>) at numexpr/module.cpp:60
#3  0x00007fd0a99a5c02 in start_thread () from /lib64/libc.so.6
#4  0x00007fd0a9a2ac40 in clone3 () from /lib64/libc.so.6

Thread 2 (Thread 0x7fd08a9af640 (LWP 1455999) "python3"):
#0  0x00007fd0a99a279a in __futex_abstimed_wait_common () from /lib64/libc.so.6
#1  0x00007fd0a99a4fa0 in pthread_cond_wait

GLIBC_2.3.2 () from /lib64/libc.so.6
#2  0x00007fd08e88004f in th_worker (tidptr=<optimized out>) at numexpr/module.cpp:60
#3  0x00007fd0a99a5c02 in start_thread () from /lib64/libc.so.6
#4  0x00007fd0a9a2ac40 in clone3 () from /lib64/libc.so.6

Thread 1 (Thread 0x7fd0a9fe5740 (LWP 1449413) "python3"):
#0  0x00007fd0a99f4a3f in wait4 () from /lib64/libc.so.6
#1  0x00007fd0a9967243 in do_system () from /lib64/libc.so.6
#2  0x00007fd0a916743d in TUnixSystem::StackTrace() () from /cvmfs/cms.cern.ch/el9_amd64_gcc12/lcg/root/6.30.07-8b1a11e1ef0e074fdfd44e162b27e71c/lib/libCore.so
#3  0x00007fd0a9fc95a3 in (anonymous namespace)::TExceptionHandlerImp::HandleException(int) () from /cvmfs/cms.cern.ch/el9_amd64_gcc12/lcg/root/6.30.07-8b1a11e1ef0e074fdfd44e162b27e71c/lib/libcppyy_backend3_9.so
#4  0x00007fd0a9166c71 in TUnixSystem::DispatchSignals(ESignals) () from /cvmfs/cms.cern.ch/el9_amd64_gcc12/lcg/root/6.30.07-8b1a11e1ef0e074fdfd44e162b27e71c/lib/libCore.so
#5  <signal handler called>
#6  0x00007fd08510364d in RooStats::ModelConfig::SetHasOnlyParameters(RooArgSet const&, char const*) () from /cvmfs/cms.cern.ch/el9_amd64_gcc12/lcg/root/6.30.07-8b1a11e1ef0e074fdfd44e162b27e71c/lib/libRooFitCore.so
#7  0x00007fd085109d30 in RooStats::ModelConfig::SetObservables(RooArgSet const&) () from /cvmfs/cms.cern.ch/el9_amd64_gcc12/lcg/root/6.30.07-8b1a11e1ef0e074fdfd44e162b27e71c/lib/libRooFitCore.so
#8  0x00007fd083773013 in ?? ()
#9  0x0000000000000001 in ?? ()
#10 0x00007fd0a9fca078 in WrapperCall(long, unsigned long, void*, void*, void*) () from /cvmfs/cms.cern.ch/el9_amd64_gcc12/lcg/root/6.30.07-8b1a11e1ef0e074fdfd44e162b27e71c/lib/libcppyy_backend3_9.so
#11 0x00007fd0a93f5e97 in CPyCppyy::(anonymous namespace)::VoidExecutor::Execute(long, void*, CPyCppyy::CallContext*) () from /cvmfs/cms.cern.ch/el9_amd64_gcc12/lcg/root/6.30.07-8b1a11e1ef0e074fdfd44e162b27e71c/lib/libcppyy3_9.so
#12 0x00007fd0a93e1f87 in CPyCppyy::CPPMethod::ExecuteFast(void*, long, CPyCppyy::CallContext*) [clone .isra.0] () from /cvmfs/cms.cern.ch/el9_amd64_gcc12/lcg/root/6.30.07-8b1a11e1ef0e074fdfd44e162b27e71c/lib/libcppyy3_9.so
#13 0x00007fd0a93e3316 in CPyCppyy::CPPMethod::Execute(void*, long, CPyCppyy::CallContext*) () from /cvmfs/cms.cern.ch/el9_amd64_gcc12/lcg/root/6.30.07-8b1a11e1ef0e074fdfd44e162b27e71c/lib/libcppyy3_9.so
#14 0x00007fd0a93e40cf in CPyCppyy::CPPMethod::Call(CPyCppyy::CPPInstance*&, _object*, _object*, CPyCppyy::CallContext*) () from /cvmfs/cms.cern.ch/el9_amd64_gcc12/lcg/root/6.30.07-8b1a11e1ef0e074fdfd44e162b27e71c/lib/libcppyy3_9.so
#15 0x00007fd0a93e8e9a in CPyCppyy::(anonymous namespace)::mp_call(CPyCppyy::CPPOverload*, _object*, _object*) () from /cvmfs/cms.cern.ch/el9_amd64_gcc12/lcg/root/6.30.07-8b1a11e1ef0e074fdfd44e162b27e71c/lib/libcppyy3_9.so
#16 0x00007fd0a9cb786e in _PyObject_MakeTpCall (tstate=0x1d74180, callable=callable
entry=0x7fd085783a00, args=args
entry=0xa44db90, nargs=1, keywords=keywords
entry=0x0) at Objects/call.c:191
#17 0x00007fd0a9c6e50a in _PyObject_VectorcallTstate (kwnames=0x0, nargsf=9223372036854775809, args=0xa44db90, callable=0x7fd085783a00, tstate=<optimized out>) at ./Include/cpython/abstract.h:116
#18 _PyObject_VectorcallTstate (kwnames=0x0, nargsf=9223372036854775809, args=0xa44db90, callable=0x7fd085783a00, tstate=<optimized out>) at ./Include/cpython/abstract.h:103
#19 PyObject_Vectorcall (kwnames=0x0, nargsf=9223372036854775809, args=<optimized out>, callable=0x7fd085783a00) at ./Include/cpython/abstract.h:127
#20 call_function (kwnames=0x0, oparg=1, pp_stack=<synthetic pointer>, tstate=0x1d74180) at Python/ceval.c:5077
#21 _PyEval_EvalFrameDefault (tstate=<optimized out>, f=<optimized out>, throwflag=<optimized out>) at Python/ceval.c:3489
#22 0x00007fd0a9c659fb in _PyEval_EvalFrame (throwflag=0, f=0xa44d9b0, tstate=0x1d74180) at ./Include/internal/pycore_ceval.h:40
#23 function_code_fastcall (tstate=0x1d74180, co=<optimized out>, args=<optimized out>, nargs=1, globals=<optimized out>) at Objects/call.c:330
#24 0x00007fd0a9c6cd0f in _PyObject_VectorcallTstate (kwnames=0x0, nargsf=<optimized out>, args=0x7fd085792740, callable=0x7fd0a945c700, tstate=0x1d74180) at ./Include/cpython/abstract.h:118
#25 PyObject_Vectorcall (kwnames=0x0, nargsf=<optimized out>, args=<optimized out>, callable=<optimized out>) at ./Include/cpython/abstract.h:127
#26 call_function (kwnames=0x0, oparg=<optimized out>, pp_stack=<synthetic pointer>, tstate=0x1d74180) at Python/ceval.c:5077
#27 _PyEval_EvalFrameDefault (tstate=<optimized out>, f=<optimized out>, throwflag=<optimized out>) at Python/ceval.c:3506
#28 0x00007fd0a9d9ea91 in _PyEval_EvalFrame (throwflag=0, f=0x7fd0857925b0, tstate=0x1d74180) at ./Include/internal/pycore_ceval.h:40
#29 _PyEval_EvalCode (tstate=tstate
entry=0x1d74180, _co=<optimized out>, globals=<optimized out>, locals=locals
entry=0x0, args=<optimized out>, argcount=1, kwnames=0x7fd0a97682f8, kwargs=0x1dc81b0, kwcount=1, kwstep=1, defs=0x7fd0a2bda808, defcount=1, kwdefs=0x0, closure=0x0, name=0x7fd0a95ef7b0, qualname=0x7fd093bca7b0) at Python/ceval.c:4329
#30 0x00007fd0a9cb769d in _PyFunction_Vectorcall (func=<optimized out>, stack=<optimized out>, nargsf=<optimized out>, kwnames=<optimized out>) at Objects/call.c:396
#31 0x00007fd0a9cba198 in _PyObject_VectorcallTstate (kwnames=0x7fd0a97682e0, nargsf=1, args=0x1dc81a8, callable=0x7fd093bcef70, tstate=0x1d74180) at ./Include/cpython/abstract.h:118
#32 method_vectorcall (method=<optimized out>, args=0x1dc81b0, nargsf=<optimized out>, kwnames=0x7fd0a97682e0) at Objects/classobject.c:53
#33 0x00007fd0a9c6bde6 in _PyObject_VectorcallTstate (kwnames=0x7fd0a97682e0, nargsf=9223372036854775808, args=0x1dc81b0, callable=0x7fd0857a38c0, tstate=0x1d74180) at ./Include/cpython/abstract.h:118
#34 PyObject_Vectorcall (kwnames=0x7fd0a97682e0, nargsf=9223372036854775808, args=0x1dc81b0, callable=<optimized out>) at ./Include/cpython/abstract.h:127
#35 call_function (kwnames=0x7fd0a97682e0, oparg=<optimized out>, pp_stack=<synthetic pointer>, tstate=0x1d74180) at Python/ceval.c:5077
#36 _PyEval_EvalFrameDefault (tstate=<optimized out>, f=<optimized out>, throwflag=<optimized out>) at Python/ceval.c:3537
#37 0x00007fd0a9d9ea91 in _PyEval_EvalFrame (throwflag=0, f=0x1dc8040, tstate=0x1d74180) at ./Include/internal/pycore_ceval.h:40
#38 _PyEval_EvalCode (tstate=0x1d74180, _co=_co
entry=0x7fd0a97dd3a0, globals=globals
entry=0x7fd0a97ff3c0, locals=locals
entry=0x7fd0a97ff3c0, args=args
entry=0x0, argcount=argcount
entry=0, kwnames=0x0, kwargs=0x0, kwcount=0, kwstep=2, defs=0x0, defcount=0, kwdefs=0x0, closure=0x0, name=0x0, qualname=0x0) at Python/ceval.c:4329
#39 0x00007fd0a9d9ee32 in _PyEval_EvalCodeWithName (_co=_co
entry=0x7fd0a97dd3a0, globals=globals
entry=0x7fd0a97ff3c0, locals=locals
entry=0x7fd0a97ff3c0, args=args
entry=0x0, argcount=argcount
entry=0, kwnames=kwnames
entry=0x0, kwargs=0x0, kwcount=0, kwstep=2, defs=0x0, defcount=0, kwdefs=0x0, closure=0x0, name=0x0, qualname=0x0) at Python/ceval.c:4361
#40 0x00007fd0a9d9ee7b in PyEval_EvalCodeEx (_co=_co
entry=0x7fd0a97dd3a0, globals=globals
entry=0x7fd0a97ff3c0, locals=locals
entry=0x7fd0a97ff3c0, args=args
entry=0x0, argcount=argcount
entry=0, kws=kws
entry=0x0, kwcount=0, defs=0x0, defcount=0, kwdefs=0x0, closure=0x0) at Python/ceval.c:4377
#41 0x00007fd0a9d9eeab in PyEval_EvalCode (co=co
entry=0x7fd0a97dd3a0, globals=globals
entry=0x7fd0a97ff3c0, locals=locals
entry=0x7fd0a97ff3c0) at Python/ceval.c:828
#42 0x00007fd0a9dde3a9 in run_eval_code_obj (locals=0x7fd0a97ff3c0, globals=0x7fd0a97ff3c0, co=0x7fd0a97dd3a0, tstate=0x1d74180) at Python/pythonrun.c:1221
#43 run_mod (mod=<optimized out>, filename=filename
entry=0x7fd0a976a390, globals=globals
entry=0x7fd0a97ff3c0, locals=locals
entry=0x7fd0a97ff3c0, flags=flags
entry=0x7ffd77aeab28, arena=arena
entry=0x7fd0a963ffd0) at Python/pythonrun.c:1242
#44 0x00007fd0a9ddfdf2 in pyrun_file (flags=0x7ffd77aeab28, closeit=1, locals=0x7fd0a97ff3c0, globals=0x7fd0a97ff3c0, start=257, filename=0x7fd0a976a390, fp=0x1dc70f0) at Python/pythonrun.c:1140
#45 pyrun_simple_file (flags=0x7ffd77aeab28, closeit=1, filename=0x7fd0a976a390, fp=0x1dc70f0) at Python/pythonrun.c:450
#46 PyRun_SimpleFileExFlags (fp=fp
entry=0x1dc70f0, filename=<optimized out>, closeit=closeit
entry=1, flags=flags
entry=0x7ffd77aeab28) at Python/pythonrun.c:483
#47 0x00007fd0a9de0453 in PyRun_AnyFileExFlags (fp=fp
entry=0x1dc70f0, filename=<optimized out>, closeit=closeit
entry=1, flags=flags
entry=0x7ffd77aeab28) at Python/pythonrun.c:92
#48 0x00007fd0a9dfde28 in pymain_run_file (cf=0x7ffd77aeab28, config=0x1d71f60) at Modules/main.c:373
#49 pymain_run_python (exitcode=0x7ffd77aeab20) at Modules/main.c:598
#50 Py_RunMain () at Modules/main.c:677
#51 0x00007fd0a9dfe347 in pymain_main (args=0x7ffd77aeac10) at Modules/main.c:707
#52 Py_BytesMain (argc=<optimized out>, argv=<optimized out>) at Modules/main.c:731
#53 0x00007fd0a9945590 in __libc_start_call_main () from /lib64/libc.so.6
#54 0x00007fd0a9945640 in __libc_start_main_impl () from /lib64/libc.so.6
#55 0x0000000000401075 in _start ()
===========================================================


The lines below might hint at the cause of the crash. If you see question
marks as part of the stack trace, try to recompile with debugging information
enabled and export CLING_DEBUG=1 environment variable before running.
You may get help by asking at the ROOT forum https://root.cern/forum
preferably using the command (.forum bug) in the ROOT prompt.
Only if you are really convinced it is a bug in ROOT then please submit a
report at https://root.cern/bugs or (preferably) using the command (.gh bug) in
the ROOT prompt. Please post the ENTIRE stack trace
from above as an attachment in addition to anything else
that might help us fixing this issue.
===========================================================
#6  0x00007fd08510364d in RooStats::ModelConfig::SetHasOnlyParameters(RooArgSet const&, char const*) () from /cvmfs/cms.cern.ch/el9_amd64_gcc12/lcg/root/6.30.07-8b1a11e1ef0e074fdfd44e162b27e71c/lib/libRooFitCore.so
#7  0x00007fd085109d30 in RooStats::ModelConfig::SetObservables(RooArgSet const&) () from /cvmfs/cms.cern.ch/el9_amd64_gcc12/lcg/root/6.30.07-8b1a11e1ef0e074fdfd44e162b27e71c/lib/libRooFitCore.so
#8  0x00007fd083773013 in ?? ()
#9  0x0000000000000001 in ?? ()
#10 0x00007fd0a9fca078 in WrapperCall(long, unsigned long, void*, void*, void*) () from /cvmfs/cms.cern.ch/el9_amd64_gcc12/lcg/root/6.30.07-8b1a11e1ef0e074fdfd44e162b27e71c/lib/libcppyy_backend3_9.so
#11 0x00007fd0a93f5e97 in CPyCppyy::(anonymous namespace)::VoidExecutor::Execute(long, void*, CPyCppyy::CallContext*) () from /cvmfs/cms.cern.ch/el9_amd64_gcc12/lcg/root/6.30.07-8b1a11e1ef0e074fdfd44e162b27e71c/lib/libcppyy3_9.so
#12 0x00007fd0a93e1f87 in CPyCppyy::CPPMethod::ExecuteFast(void*, long, CPyCppyy::CallContext*) [clone .isra.0] () from /cvmfs/cms.cern.ch/el9_amd64_gcc12/lcg/root/6.30.07-8b1a11e1ef0e074fdfd44e162b27e71c/lib/libcppyy3_9.so
#13 0x00007fd0a93e3316 in CPyCppyy::CPPMethod::Execute(void*, long, CPyCppyy::CallContext*) () from /cvmfs/cms.cern.ch/el9_amd64_gcc12/lcg/root/6.30.07-8b1a11e1ef0e074fdfd44e162b27e71c/lib/libcppyy3_9.so
#14 0x00007fd0a93e40cf in CPyCppyy::CPPMethod::Call(CPyCppyy::CPPInstance*&, _object*, _object*, CPyCppyy::CallContext*) () from /cvmfs/cms.cern.ch/el9_amd64_gcc12/lcg/root/6.30.07-8b1a11e1ef0e074fdfd44e162b27e71c/lib/libcppyy3_9.so
#15 0x00007fd0a93e8e9a in CPyCppyy::(anonymous namespace)::mp_call(CPyCppyy::CPPOverload*, _object*, _object*) () from /cvmfs/cms.cern.ch/el9_amd64_gcc12/lcg/root/6.30.07-8b1a11e1ef0e074fdfd44e162b27e71c/lib/libcppyy3_9.so
#16 0x00007fd0a9cb786e in _PyObject_MakeTpCall (tstate=0x1d74180, callable=callable
entry=0x7fd085783a00, args=args
entry=0xa44db90, nargs=1, keywords=keywords
entry=0x0) at Objects/call.c:191
#17 0x00007fd0a9c6e50a in _PyObject_VectorcallTstate (kwnames=0x0, nargsf=9223372036854775809, args=0xa44db90, callable=0x7fd085783a00, tstate=<optimized out>) at ./Include/cpython/abstract.h:116
#18 _PyObject_VectorcallTstate (kwnames=0x0, nargsf=9223372036854775809, args=0xa44db90, callable=0x7fd085783a00, tstate=<optimized out>) at ./Include/cpython/abstract.h:103
#19 PyObject_Vectorcall (kwnames=0x0, nargsf=9223372036854775809, args=<optimized out>, callable=0x7fd085783a00) at ./Include/cpython/abstract.h:127
#20 call_function (kwnames=0x0, oparg=1, pp_stack=<synthetic pointer>, tstate=0x1d74180) at Python/ceval.c:5077
#21 _PyEval_EvalFrameDefault (tstate=<optimized out>, f=<optimized out>, throwflag=<optimized out>) at Python/ceval.c:3489
#22 0x00007fd0a9c659fb in _PyEval_EvalFrame (throwflag=0, f=0xa44d9b0, tstate=0x1d74180) at ./Include/internal/pycore_ceval.h:40
#23 function_code_fastcall (tstate=0x1d74180, co=<optimized out>, args=<optimized out>, nargs=1, globals=<optimized out>) at Objects/call.c:330
#24 0x00007fd0a9c6cd0f in _PyObject_VectorcallTstate (kwnames=0x0, nargsf=<optimized out>, args=0x7fd085792740, callable=0x7fd0a945c700, tstate=0x1d74180) at ./Include/cpython/abstract.h:118
#25 PyObject_Vectorcall (kwnames=0x0, nargsf=<optimized out>, args=<optimized out>, callable=<optimized out>) at ./Include/cpython/abstract.h:127
#26 call_function (kwnames=0x0, oparg=<optimized out>, pp_stack=<synthetic pointer>, tstate=0x1d74180) at Python/ceval.c:5077
#27 _PyEval_EvalFrameDefault (tstate=<optimized out>, f=<optimized out>, throwflag=<optimized out>) at Python/ceval.c:3506
#28 0x00007fd0a9d9ea91 in _PyEval_EvalFrame (throwflag=0, f=0x7fd0857925b0, tstate=0x1d74180) at ./Include/internal/pycore_ceval.h:40
#29 _PyEval_EvalCode (tstate=tstate
entry=0x1d74180, _co=<optimized out>, globals=<optimized out>, locals=locals
entry=0x0, args=<optimized out>, argcount=1, kwnames=0x7fd0a97682f8, kwargs=0x1dc81b0, kwcount=1, kwstep=1, defs=0x7fd0a2bda808, defcount=1, kwdefs=0x0, closure=0x0, name=0x7fd0a95ef7b0, qualname=0x7fd093bca7b0) at Python/ceval.c:4329
#30 0x00007fd0a9cb769d in _PyFunction_Vectorcall (func=<optimized out>, stack=<optimized out>, nargsf=<optimized out>, kwnames=<optimized out>) at Objects/call.c:396
#31 0x00007fd0a9cba198 in _PyObject_VectorcallTstate (kwnames=0x7fd0a97682e0, nargsf=1, args=0x1dc81a8, callable=0x7fd093bcef70, tstate=0x1d74180) at ./Include/cpython/abstract.h:118
#32 method_vectorcall (method=<optimized out>, args=0x1dc81b0, nargsf=<optimized out>, kwnames=0x7fd0a97682e0) at Objects/classobject.c:53
#33 0x00007fd0a9c6bde6 in _PyObject_VectorcallTstate (kwnames=0x7fd0a97682e0, nargsf=9223372036854775808, args=0x1dc81b0, callable=0x7fd0857a38c0, tstate=0x1d74180) at ./Include/cpython/abstract.h:118
#34 PyObject_Vectorcall (kwnames=0x7fd0a97682e0, nargsf=9223372036854775808, args=0x1dc81b0, callable=<optimized out>) at ./Include/cpython/abstract.h:127
#35 call_function (kwnames=0x7fd0a97682e0, oparg=<optimized out>, pp_stack=<synthetic pointer>, tstate=0x1d74180) at Python/ceval.c:5077
#36 _PyEval_EvalFrameDefault (tstate=<optimized out>, f=<optimized out>, throwflag=<optimized out>) at Python/ceval.c:3537
#37 0x00007fd0a9d9ea91 in _PyEval_EvalFrame (throwflag=0, f=0x1dc8040, tstate=0x1d74180) at ./Include/internal/pycore_ceval.h:40
#38 _PyEval_EvalCode (tstate=0x1d74180, _co=_co
entry=0x7fd0a97dd3a0, globals=globals
entry=0x7fd0a97ff3c0, locals=locals
entry=0x7fd0a97ff3c0, args=args
entry=0x0, argcount=argcount
entry=0, kwnames=0x0, kwargs=0x0, kwcount=0, kwstep=2, defs=0x0, defcount=0, kwdefs=0x0, closure=0x0, name=0x0, qualname=0x0) at Python/ceval.c:4329
#39 0x00007fd0a9d9ee32 in _PyEval_EvalCodeWithName (_co=_co
entry=0x7fd0a97dd3a0, globals=globals
entry=0x7fd0a97ff3c0, locals=locals
entry=0x7fd0a97ff3c0, args=args
entry=0x0, argcount=argcount
entry=0, kwnames=kwnames
entry=0x0, kwargs=0x0, kwcount=0, kwstep=2, defs=0x0, defcount=0, kwdefs=0x0, closure=0x0, name=0x0, qualname=0x0) at Python/ceval.c:4361
#40 0x00007fd0a9d9ee7b in PyEval_EvalCodeEx (_co=_co
entry=0x7fd0a97dd3a0, globals=globals
entry=0x7fd0a97ff3c0, locals=locals
entry=0x7fd0a97ff3c0, args=args
entry=0x0, argcount=argcount
entry=0, kws=kws
entry=0x0, kwcount=0, defs=0x0, defcount=0, kwdefs=0x0, closure=0x0) at Python/ceval.c:4377
#41 0x00007fd0a9d9eeab in PyEval_EvalCode (co=co
entry=0x7fd0a97dd3a0, globals=globals
entry=0x7fd0a97ff3c0, locals=locals
entry=0x7fd0a97ff3c0) at Python/ceval.c:828
#42 0x00007fd0a9dde3a9 in run_eval_code_obj (locals=0x7fd0a97ff3c0, globals=0x7fd0a97ff3c0, co=0x7fd0a97dd3a0, tstate=0x1d74180) at Python/pythonrun.c:1221
#43 run_mod (mod=<optimized out>, filename=filename
entry=0x7fd0a976a390, globals=globals
entry=0x7fd0a97ff3c0, locals=locals
entry=0x7fd0a97ff3c0, flags=flags
entry=0x7ffd77aeab28, arena=arena
entry=0x7fd0a963ffd0) at Python/pythonrun.c:1242
#44 0x00007fd0a9ddfdf2 in pyrun_file (flags=0x7ffd77aeab28, closeit=1, locals=0x7fd0a97ff3c0, globals=0x7fd0a97ff3c0, start=257, filename=0x7fd0a976a390, fp=0x1dc70f0) at Python/pythonrun.c:1140
#45 pyrun_simple_file (flags=0x7ffd77aeab28, closeit=1, filename=0x7fd0a976a390, fp=0x1dc70f0) at Python/pythonrun.c:450
#46 PyRun_SimpleFileExFlags (fp=fp
entry=0x1dc70f0, filename=<optimized out>, closeit=closeit
entry=1, flags=flags
entry=0x7ffd77aeab28) at Python/pythonrun.c:483
#47 0x00007fd0a9de0453 in PyRun_AnyFileExFlags (fp=fp
entry=0x1dc70f0, filename=<optimized out>, closeit=closeit
entry=1, flags=flags
entry=0x7ffd77aeab28) at Python/pythonrun.c:92
#48 0x00007fd0a9dfde28 in pymain_run_file (cf=0x7ffd77aeab28, config=0x1d71f60) at Modules/main.c:373
#49 pymain_run_python (exitcode=0x7ffd77aeab20) at Modules/main.c:598
#50 Py_RunMain () at Modules/main.c:677
#51 0x00007fd0a9dfe347 in pymain_main (args=0x7ffd77aeac10) at Modules/main.c:707
#52 Py_BytesMain (argc=<optimized out>, argv=<optimized out>) at Modules/main.c:731
#53 0x00007fd0a9945590 in __libc_start_call_main () from /lib64/libc.so.6
#54 0x00007fd0a9945640 in __libc_start_main_impl () from /lib64/libc.so.6
#55 0x0000000000401075 in _start ()
===========================================================


 *** Break *** segmentation violation



===========================================================
There was a crash.
This is the entire stack trace of all threads:
===========================================================

Thread 9 (Thread 0x7fd0871a8640 (LWP 1456071) "python3"):
#0  0x00007fd0a99a279a in __futex_abstimed_wait_common () from /lib64/libc.so.6
#1  0x00007fd0a99a4fa0 in pthread_cond_wait

GLIBC_2.3.2 () from /lib64/libc.so.6
#2  0x00007fd08e88004f in th_worker (tidptr=<optimized out>) at numexpr/module.cpp:60
#3  0x00007fd0a99a5c02 in start_thread () from /lib64/libc.so.6
#4  0x00007fd0a9a2ac40 in clone3 () from /lib64/libc.so.6

Thread 8 (Thread 0x7fd0879a9640 (LWP 1456060) "python3"):
#0  0x00007fd0a99a279a in __futex_abstimed_wait_common () from /lib64/libc.so.6
#1  0x00007fd0a99a4fa0 in pthread_cond_wait

GLIBC_2.3.2 () from /lib64/libc.so.6
#2  0x00007fd08e88004f in th_worker (tidptr=<optimized out>) at numexpr/module.cpp:60
#3  0x00007fd0a99a5c02 in start_thread () from /lib64/libc.so.6
#4  0x00007fd0a9a2ac40 in clone3 () from /lib64/libc.so.6

Thread 7 (Thread 0x7fd0881aa640 (LWP 1456045) "python3"):
#0  0x00007fd0a99a279a in __futex_abstimed_wait_common () from /lib64/libc.so.6
#1  0x00007fd0a99a4fa0 in pthread_cond_wait

GLIBC_2.3.2 () from /lib64/libc.so.6
#2  0x00007fd08e88004f in th_worker (tidptr=<optimized out>) at numexpr/module.cpp:60
#3  0x00007fd0a99a5c02 in start_thread () from /lib64/libc.so.6
#4  0x00007fd0a9a2ac40 in clone3 () from /lib64/libc.so.6

Thread 6 (Thread 0x7fd0889ab640 (LWP 1456036) "python3"):
#0  0x00007fd0a99a279a in __futex_abstimed_wait_common () from /lib64/libc.so.6
#1  0x00007fd0a99a4fa0 in pthread_cond_wait

GLIBC_2.3.2 () from /lib64/libc.so.6
#2  0x00007fd08e88004f in th_worker (tidptr=<optimized out>) at numexpr/module.cpp:60
#3  0x00007fd0a99a5c02 in start_thread () from /lib64/libc.so.6
#4  0x00007fd0a9a2ac40 in clone3 () from /lib64/libc.so.6

Thread 5 (Thread 0x7fd0891ac640 (LWP 1456024) "python3"):
#0  0x00007fd0a99a279a in __futex_abstimed_wait_common () from /lib64/libc.so.6
#1  0x00007fd0a99a4fa0 in pthread_cond_wait

GLIBC_2.3.2 () from /lib64/libc.so.6
#2  0x00007fd08e88004f in th_worker (tidptr=<optimized out>) at numexpr/module.cpp:60
#3  0x00007fd0a99a5c02 in start_thread () from /lib64/libc.so.6
#4  0x00007fd0a9a2ac40 in clone3 () from /lib64/libc.so.6

Thread 4 (Thread 0x7fd0899ad640 (LWP 1456017) "python3"):
#0  0x00007fd0a99a279a in __futex_abstimed_wait_common () from /lib64/libc.so.6
#1  0x00007fd0a99a4fa0 in pthread_cond_wait

GLIBC_2.3.2 () from /lib64/libc.so.6
#2  0x00007fd08e88004f in th_worker (tidptr=<optimized out>) at numexpr/module.cpp:60
#3  0x00007fd0a99a5c02 in start_thread () from /lib64/libc.so.6
#4  0x00007fd0a9a2ac40 in clone3 () from /lib64/libc.so.6

Thread 3 (Thread 0x7fd08a1ae640 (LWP 1456010) "python3"):
#0  0x00007fd0a99a279a in __futex_abstimed_wait_common () from /lib64/libc.so.6
#1  0x00007fd0a99a4fa0 in pthread_cond_wait

GLIBC_2.3.2 () from /lib64/libc.so.6
#2  0x00007fd08e88004f in th_worker (tidptr=<optimized out>) at numexpr/module.cpp:60
#3  0x00007fd0a99a5c02 in start_thread () from /lib64/libc.so.6
#4  0x00007fd0a9a2ac40 in clone3 () from /lib64/libc.so.6

Thread 2 (Thread 0x7fd08a9af640 (LWP 1455999) "python3"):
#0  0x00007fd0a99a279a in __futex_abstimed_wait_common () from /lib64/libc.so.6
#1  0x00007fd0a99a4fa0 in pthread_cond_wait

GLIBC_2.3.2 () from /lib64/libc.so.6
#2  0x00007fd08e88004f in th_worker (tidptr=<optimized out>) at numexpr/module.cpp:60
#3  0x00007fd0a99a5c02 in start_thread () from /lib64/libc.so.6
#4  0x00007fd0a9a2ac40 in clone3 () from /lib64/libc.so.6

Thread 1 (Thread 0x7fd0a9fe5740 (LWP 1449413) "python3"):
#0  0x00007fd0a99f4a3f in wait4 () from /lib64/libc.so.6
#1  0x00007fd0a9967243 in do_system () from /lib64/libc.so.6
#2  0x00007fd0a916743d in TUnixSystem::StackTrace() () from /cvmfs/cms.cern.ch/el9_amd64_gcc12/lcg/root/6.30.07-8b1a11e1ef0e074fdfd44e162b27e71c/lib/libCore.so
#3  0x00007fd0a9fc9423 in (anonymous namespace)::TExceptionHandlerImp::HandleException(int) () from /cvmfs/cms.cern.ch/el9_amd64_gcc12/lcg/root/6.30.07-8b1a11e1ef0e074fdfd44e162b27e71c/lib/libcppyy_backend3_9.so
#4  0x00007fd0a9166c71 in TUnixSystem::DispatchSignals(ESignals) () from /cvmfs/cms.cern.ch/el9_amd64_gcc12/lcg/root/6.30.07-8b1a11e1ef0e074fdfd44e162b27e71c/lib/libCore.so
#5  <signal handler called>
#6  0x00007fd08510364d in RooStats::ModelConfig::SetHasOnlyParameters(RooArgSet const&, char const*) () from /cvmfs/cms.cern.ch/el9_amd64_gcc12/lcg/root/6.30.07-8b1a11e1ef0e074fdfd44e162b27e71c/lib/libRooFitCore.so
#7  0x00007fd085109d30 in RooStats::ModelConfig::SetObservables(RooArgSet const&) () from /cvmfs/cms.cern.ch/el9_amd64_gcc12/lcg/root/6.30.07-8b1a11e1ef0e074fdfd44e162b27e71c/lib/libRooFitCore.so
#8  0x00007fd083773013 in ?? ()
#9  0x0000000000000001 in ?? ()
#10 0x00007fd0a9fca078 in WrapperCall(long, unsigned long, void*, void*, void*) () from /cvmfs/cms.cern.ch/el9_amd64_gcc12/lcg/root/6.30.07-8b1a11e1ef0e074fdfd44e162b27e71c/lib/libcppyy_backend3_9.so
#11 0x00007fd0a93f5e97 in CPyCppyy::(anonymous namespace)::VoidExecutor::Execute(long, void*, CPyCppyy::CallContext*) () from /cvmfs/cms.cern.ch/el9_amd64_gcc12/lcg/root/6.30.07-8b1a11e1ef0e074fdfd44e162b27e71c/lib/libcppyy3_9.so
#12 0x00007fd0a93e1f87 in CPyCppyy::CPPMethod::ExecuteFast(void*, long, CPyCppyy::CallContext*) [clone .isra.0] () from /cvmfs/cms.cern.ch/el9_amd64_gcc12/lcg/root/6.30.07-8b1a11e1ef0e074fdfd44e162b27e71c/lib/libcppyy3_9.so
#13 0x00007fd0a93e3316 in CPyCppyy::CPPMethod::Execute(void*, long, CPyCppyy::CallContext*) () from /cvmfs/cms.cern.ch/el9_amd64_gcc12/lcg/root/6.30.07-8b1a11e1ef0e074fdfd44e162b27e71c/lib/libcppyy3_9.so
#14 0x00007fd0a93e40cf in CPyCppyy::CPPMethod::Call(CPyCppyy::CPPInstance*&, _object*, _object*, CPyCppyy::CallContext*) () from /cvmfs/cms.cern.ch/el9_amd64_gcc12/lcg/root/6.30.07-8b1a11e1ef0e074fdfd44e162b27e71c/lib/libcppyy3_9.so
#15 0x00007fd0a93e8e9a in CPyCppyy::(anonymous namespace)::mp_call(CPyCppyy::CPPOverload*, _object*, _object*) () from /cvmfs/cms.cern.ch/el9_amd64_gcc12/lcg/root/6.30.07-8b1a11e1ef0e074fdfd44e162b27e71c/lib/libcppyy3_9.so
#16 0x00007fd0a9cb786e in _PyObject_MakeTpCall (tstate=0x1d74180, callable=callable
entry=0x7fd085783a00, args=args
entry=0xa44db90, nargs=1, keywords=keywords
entry=0x0) at Objects/call.c:191
#17 0x00007fd0a9c6e50a in _PyObject_VectorcallTstate (kwnames=0x0, nargsf=9223372036854775809, args=0xa44db90, callable=0x7fd085783a00, tstate=<optimized out>) at ./Include/cpython/abstract.h:116
#18 _PyObject_VectorcallTstate (kwnames=0x0, nargsf=9223372036854775809, args=0xa44db90, callable=0x7fd085783a00, tstate=<optimized out>) at ./Include/cpython/abstract.h:103
#19 PyObject_Vectorcall (kwnames=0x0, nargsf=9223372036854775809, args=<optimized out>, callable=0x7fd085783a00) at ./Include/cpython/abstract.h:127
#20 call_function (kwnames=0x0, oparg=1, pp_stack=<synthetic pointer>, tstate=0x1d74180) at Python/ceval.c:5077
#21 _PyEval_EvalFrameDefault (tstate=<optimized out>, f=<optimized out>, throwflag=<optimized out>) at Python/ceval.c:3489
#22 0x00007fd0a9c659fb in _PyEval_EvalFrame (throwflag=0, f=0xa44d9b0, tstate=0x1d74180) at ./Include/internal/pycore_ceval.h:40
#23 function_code_fastcall (tstate=0x1d74180, co=<optimized out>, args=<optimized out>, nargs=1, globals=<optimized out>) at Objects/call.c:330
#24 0x00007fd0a9c6cd0f in _PyObject_VectorcallTstate (kwnames=0x0, nargsf=<optimized out>, args=0x7fd085792740, callable=0x7fd0a945c700, tstate=0x1d74180) at ./Include/cpython/abstract.h:118
#25 PyObject_Vectorcall (kwnames=0x0, nargsf=<optimized out>, args=<optimized out>, callable=<optimized out>) at ./Include/cpython/abstract.h:127
#26 call_function (kwnames=0x0, oparg=<optimized out>, pp_stack=<synthetic pointer>, tstate=0x1d74180) at Python/ceval.c:5077
#27 _PyEval_EvalFrameDefault (tstate=<optimized out>, f=<optimized out>, throwflag=<optimized out>) at Python/ceval.c:3506
#28 0x00007fd0a9d9ea91 in _PyEval_EvalFrame (throwflag=0, f=0x7fd0857925b0, tstate=0x1d74180) at ./Include/internal/pycore_ceval.h:40
#29 _PyEval_EvalCode (tstate=tstate
entry=0x1d74180, _co=<optimized out>, globals=<optimized out>, locals=locals
entry=0x0, args=<optimized out>, argcount=1, kwnames=0x7fd0a97682f8, kwargs=0x1dc81b0, kwcount=1, kwstep=1, defs=0x7fd0a2bda808, defcount=1, kwdefs=0x0, closure=0x0, name=0x7fd0a95ef7b0, qualname=0x7fd093bca7b0) at Python/ceval.c:4329
#30 0x00007fd0a9cb769d in _PyFunction_Vectorcall (func=<optimized out>, stack=<optimized out>, nargsf=<optimized out>, kwnames=<optimized out>) at Objects/call.c:396
#31 0x00007fd0a9cba198 in _PyObject_VectorcallTstate (kwnames=0x7fd0a97682e0, nargsf=1, args=0x1dc81a8, callable=0x7fd093bcef70, tstate=0x1d74180) at ./Include/cpython/abstract.h:118
#32 method_vectorcall (method=<optimized out>, args=0x1dc81b0, nargsf=<optimized out>, kwnames=0x7fd0a97682e0) at Objects/classobject.c:53
#33 0x00007fd0a9c6bde6 in _PyObject_VectorcallTstate (kwnames=0x7fd0a97682e0, nargsf=9223372036854775808, args=0x1dc81b0, callable=0x7fd0857a38c0, tstate=0x1d74180) at ./Include/cpython/abstract.h:118
#34 PyObject_Vectorcall (kwnames=0x7fd0a97682e0, nargsf=9223372036854775808, args=0x1dc81b0, callable=<optimized out>) at ./Include/cpython/abstract.h:127
#35 call_function (kwnames=0x7fd0a97682e0, oparg=<optimized out>, pp_stack=<synthetic pointer>, tstate=0x1d74180) at Python/ceval.c:5077
#36 _PyEval_EvalFrameDefault (tstate=<optimized out>, f=<optimized out>, throwflag=<optimized out>) at Python/ceval.c:3537
#37 0x00007fd0a9d9ea91 in _PyEval_EvalFrame (throwflag=0, f=0x1dc8040, tstate=0x1d74180) at ./Include/internal/pycore_ceval.h:40
#38 _PyEval_EvalCode (tstate=0x1d74180, _co=_co
entry=0x7fd0a97dd3a0, globals=globals
entry=0x7fd0a97ff3c0, locals=locals
entry=0x7fd0a97ff3c0, args=args
entry=0x0, argcount=argcount
entry=0, kwnames=0x0, kwargs=0x0, kwcount=0, kwstep=2, defs=0x0, defcount=0, kwdefs=0x0, closure=0x0, name=0x0, qualname=0x0) at Python/ceval.c:4329
#39 0x00007fd0a9d9ee32 in _PyEval_EvalCodeWithName (_co=_co
entry=0x7fd0a97dd3a0, globals=globals
entry=0x7fd0a97ff3c0, locals=locals
entry=0x7fd0a97ff3c0, args=args
entry=0x0, argcount=argcount
entry=0, kwnames=kwnames
entry=0x0, kwargs=0x0, kwcount=0, kwstep=2, defs=0x0, defcount=0, kwdefs=0x0, closure=0x0, name=0x0, qualname=0x0) at Python/ceval.c:4361
#40 0x00007fd0a9d9ee7b in PyEval_EvalCodeEx (_co=_co
entry=0x7fd0a97dd3a0, globals=globals
entry=0x7fd0a97ff3c0, locals=locals
entry=0x7fd0a97ff3c0, args=args
entry=0x0, argcount=argcount
entry=0, kws=kws
entry=0x0, kwcount=0, defs=0x0, defcount=0, kwdefs=0x0, closure=0x0) at Python/ceval.c:4377
#41 0x00007fd0a9d9eeab in PyEval_EvalCode (co=co
entry=0x7fd0a97dd3a0, globals=globals
entry=0x7fd0a97ff3c0, locals=locals
entry=0x7fd0a97ff3c0) at Python/ceval.c:828
#42 0x00007fd0a9dde3a9 in run_eval_code_obj (locals=0x7fd0a97ff3c0, globals=0x7fd0a97ff3c0, co=0x7fd0a97dd3a0, tstate=0x1d74180) at Python/pythonrun.c:1221
#43 run_mod (mod=<optimized out>, filename=filename
entry=0x7fd0a976a390, globals=globals
entry=0x7fd0a97ff3c0, locals=locals
entry=0x7fd0a97ff3c0, flags=flags
entry=0x7ffd77aeab28, arena=arena
entry=0x7fd0a963ffd0) at Python/pythonrun.c:1242
#44 0x00007fd0a9ddfdf2 in pyrun_file (flags=0x7ffd77aeab28, closeit=1, locals=0x7fd0a97ff3c0, globals=0x7fd0a97ff3c0, start=257, filename=0x7fd0a976a390, fp=0x1dc70f0) at Python/pythonrun.c:1140
#45 pyrun_simple_file (flags=0x7ffd77aeab28, closeit=1, filename=0x7fd0a976a390, fp=0x1dc70f0) at Python/pythonrun.c:450
#46 PyRun_SimpleFileExFlags (fp=fp
entry=0x1dc70f0, filename=<optimized out>, closeit=closeit
entry=1, flags=flags
entry=0x7ffd77aeab28) at Python/pythonrun.c:483
#47 0x00007fd0a9de0453 in PyRun_AnyFileExFlags (fp=fp
entry=0x1dc70f0, filename=<optimized out>, closeit=closeit
entry=1, flags=flags
entry=0x7ffd77aeab28) at Python/pythonrun.c:92
#48 0x00007fd0a9dfde28 in pymain_run_file (cf=0x7ffd77aeab28, config=0x1d71f60) at Modules/main.c:373
#49 pymain_run_python (exitcode=0x7ffd77aeab20) at Modules/main.c:598
#50 Py_RunMain () at Modules/main.c:677
#51 0x00007fd0a9dfe347 in pymain_main (args=0x7ffd77aeac10) at Modules/main.c:707
#52 Py_BytesMain (argc=<optimized out>, argv=<optimized out>) at Modules/main.c:731
#53 0x00007fd0a9945590 in __libc_start_call_main () from /lib64/libc.so.6
#54 0x00007fd0a9945640 in __libc_start_main_impl () from /lib64/libc.so.6
#55 0x0000000000401075 in _start ()
===========================================================


The lines below might hint at the cause of the crash. If you see question
marks as part of the stack trace, try to recompile with debugging information
enabled and export CLING_DEBUG=1 environment variable before running.
You may get help by asking at the ROOT forum https://root.cern/forum
preferably using the command (.forum bug) in the ROOT prompt.
Only if you are really convinced it is a bug in ROOT then please submit a
report at https://root.cern/bugs or (preferably) using the command (.gh bug) in
the ROOT prompt. Please post the ENTIRE stack trace
from above as an attachment in addition to anything else
that might help us fixing this issue.
===========================================================
#6  0x00007fd08510364d in RooStats::ModelConfig::SetHasOnlyParameters(RooArgSet const&, char const*) () from /cvmfs/cms.cern.ch/el9_amd64_gcc12/lcg/root/6.30.07-8b1a11e1ef0e074fdfd44e162b27e71c/lib/libRooFitCore.so
#7  0x00007fd085109d30 in RooStats::ModelConfig::SetObservables(RooArgSet const&) () from /cvmfs/cms.cern.ch/el9_amd64_gcc12/lcg/root/6.30.07-8b1a11e1ef0e074fdfd44e162b27e71c/lib/libRooFitCore.so
#8  0x00007fd083773013 in ?? ()
#9  0x0000000000000001 in ?? ()
#10 0x00007fd0a9fca078 in WrapperCall(long, unsigned long, void*, void*, void*) () from /cvmfs/cms.cern.ch/el9_amd64_gcc12/lcg/root/6.30.07-8b1a11e1ef0e074fdfd44e162b27e71c/lib/libcppyy_backend3_9.so
#11 0x00007fd0a93f5e97 in CPyCppyy::(anonymous namespace)::VoidExecutor::Execute(long, void*, CPyCppyy::CallContext*) () from /cvmfs/cms.cern.ch/el9_amd64_gcc12/lcg/root/6.30.07-8b1a11e1ef0e074fdfd44e162b27e71c/lib/libcppyy3_9.so
#12 0x00007fd0a93e1f87 in CPyCppyy::CPPMethod::ExecuteFast(void*, long, CPyCppyy::CallContext*) [clone .isra.0] () from /cvmfs/cms.cern.ch/el9_amd64_gcc12/lcg/root/6.30.07-8b1a11e1ef0e074fdfd44e162b27e71c/lib/libcppyy3_9.so
#13 0x00007fd0a93e3316 in CPyCppyy::CPPMethod::Execute(void*, long, CPyCppyy::CallContext*) () from /cvmfs/cms.cern.ch/el9_amd64_gcc12/lcg/root/6.30.07-8b1a11e1ef0e074fdfd44e162b27e71c/lib/libcppyy3_9.so
#14 0x00007fd0a93e40cf in CPyCppyy::CPPMethod::Call(CPyCppyy::CPPInstance*&, _object*, _object*, CPyCppyy::CallContext*) () from /cvmfs/cms.cern.ch/el9_amd64_gcc12/lcg/root/6.30.07-8b1a11e1ef0e074fdfd44e162b27e71c/lib/libcppyy3_9.so
#15 0x00007fd0a93e8e9a in CPyCppyy::(anonymous namespace)::mp_call(CPyCppyy::CPPOverload*, _object*, _object*) () from /cvmfs/cms.cern.ch/el9_amd64_gcc12/lcg/root/6.30.07-8b1a11e1ef0e074fdfd44e162b27e71c/lib/libcppyy3_9.so
#16 0x00007fd0a9cb786e in _PyObject_MakeTpCall (tstate=0x1d74180, callable=callable
entry=0x7fd085783a00, args=args
entry=0xa44db90, nargs=1, keywords=keywords
entry=0x0) at Objects/call.c:191
#17 0x00007fd0a9c6e50a in _PyObject_VectorcallTstate (kwnames=0x0, nargsf=9223372036854775809, args=0xa44db90, callable=0x7fd085783a00, tstate=<optimized out>) at ./Include/cpython/abstract.h:116
#18 _PyObject_VectorcallTstate (kwnames=0x0, nargsf=9223372036854775809, args=0xa44db90, callable=0x7fd085783a00, tstate=<optimized out>) at ./Include/cpython/abstract.h:103
#19 PyObject_Vectorcall (kwnames=0x0, nargsf=9223372036854775809, args=<optimized out>, callable=0x7fd085783a00) at ./Include/cpython/abstract.h:127
#20 call_function (kwnames=0x0, oparg=1, pp_stack=<synthetic pointer>, tstate=0x1d74180) at Python/ceval.c:5077
#21 _PyEval_EvalFrameDefault (tstate=<optimized out>, f=<optimized out>, throwflag=<optimized out>) at Python/ceval.c:3489
#22 0x00007fd0a9c659fb in _PyEval_EvalFrame (throwflag=0, f=0xa44d9b0, tstate=0x1d74180) at ./Include/internal/pycore_ceval.h:40
#23 function_code_fastcall (tstate=0x1d74180, co=<optimized out>, args=<optimized out>, nargs=1, globals=<optimized out>) at Objects/call.c:330
#24 0x00007fd0a9c6cd0f in _PyObject_VectorcallTstate (kwnames=0x0, nargsf=<optimized out>, args=0x7fd085792740, callable=0x7fd0a945c700, tstate=0x1d74180) at ./Include/cpython/abstract.h:118
#25 PyObject_Vectorcall (kwnames=0x0, nargsf=<optimized out>, args=<optimized out>, callable=<optimized out>) at ./Include/cpython/abstract.h:127
#26 call_function (kwnames=0x0, oparg=<optimized out>, pp_stack=<synthetic pointer>, tstate=0x1d74180) at Python/ceval.c:5077
#27 _PyEval_EvalFrameDefault (tstate=<optimized out>, f=<optimized out>, throwflag=<optimized out>) at Python/ceval.c:3506
#28 0x00007fd0a9d9ea91 in _PyEval_EvalFrame (throwflag=0, f=0x7fd0857925b0, tstate=0x1d74180) at ./Include/internal/pycore_ceval.h:40
#29 _PyEval_EvalCode (tstate=tstate
entry=0x1d74180, _co=<optimized out>, globals=<optimized out>, locals=locals
entry=0x0, args=<optimized out>, argcount=1, kwnames=0x7fd0a97682f8, kwargs=0x1dc81b0, kwcount=1, kwstep=1, defs=0x7fd0a2bda808, defcount=1, kwdefs=0x0, closure=0x0, name=0x7fd0a95ef7b0, qualname=0x7fd093bca7b0) at Python/ceval.c:4329
#30 0x00007fd0a9cb769d in _PyFunction_Vectorcall (func=<optimized out>, stack=<optimized out>, nargsf=<optimized out>, kwnames=<optimized out>) at Objects/call.c:396
#31 0x00007fd0a9cba198 in _PyObject_VectorcallTstate (kwnames=0x7fd0a97682e0, nargsf=1, args=0x1dc81a8, callable=0x7fd093bcef70, tstate=0x1d74180) at ./Include/cpython/abstract.h:118
#32 method_vectorcall (method=<optimized out>, args=0x1dc81b0, nargsf=<optimized out>, kwnames=0x7fd0a97682e0) at Objects/classobject.c:53
#33 0x00007fd0a9c6bde6 in _PyObject_VectorcallTstate (kwnames=0x7fd0a97682e0, nargsf=9223372036854775808, args=0x1dc81b0, callable=0x7fd0857a38c0, tstate=0x1d74180) at ./Include/cpython/abstract.h:118
#34 PyObject_Vectorcall (kwnames=0x7fd0a97682e0, nargsf=9223372036854775808, args=0x1dc81b0, callable=<optimized out>) at ./Include/cpython/abstract.h:127
#35 call_function (kwnames=0x7fd0a97682e0, oparg=<optimized out>, pp_stack=<synthetic pointer>, tstate=0x1d74180) at Python/ceval.c:5077
#36 _PyEval_EvalFrameDefault (tstate=<optimized out>, f=<optimized out>, throwflag=<optimized out>) at Python/ceval.c:3537
#37 0x00007fd0a9d9ea91 in _PyEval_EvalFrame (throwflag=0, f=0x1dc8040, tstate=0x1d74180) at ./Include/internal/pycore_ceval.h:40
#38 _PyEval_EvalCode (tstate=0x1d74180, _co=_co
entry=0x7fd0a97dd3a0, globals=globals
entry=0x7fd0a97ff3c0, locals=locals
entry=0x7fd0a97ff3c0, args=args
entry=0x0, argcount=argcount
entry=0, kwnames=0x0, kwargs=0x0, kwcount=0, kwstep=2, defs=0x0, defcount=0, kwdefs=0x0, closure=0x0, name=0x0, qualname=0x0) at Python/ceval.c:4329
#39 0x00007fd0a9d9ee32 in _PyEval_EvalCodeWithName (_co=_co
entry=0x7fd0a97dd3a0, globals=globals
entry=0x7fd0a97ff3c0, locals=locals
entry=0x7fd0a97ff3c0, args=args
entry=0x0, argcount=argcount
entry=0, kwnames=kwnames
entry=0x0, kwargs=0x0, kwcount=0, kwstep=2, defs=0x0, defcount=0, kwdefs=0x0, closure=0x0, name=0x0, qualname=0x0) at Python/ceval.c:4361
#40 0x00007fd0a9d9ee7b in PyEval_EvalCodeEx (_co=_co
entry=0x7fd0a97dd3a0, globals=globals
entry=0x7fd0a97ff3c0, locals=locals
entry=0x7fd0a97ff3c0, args=args
entry=0x0, argcount=argcount
entry=0, kws=kws
entry=0x0, kwcount=0, defs=0x0, defcount=0, kwdefs=0x0, closure=0x0) at Python/ceval.c:4377
#41 0x00007fd0a9d9eeab in PyEval_EvalCode (co=co
entry=0x7fd0a97dd3a0, globals=globals
entry=0x7fd0a97ff3c0, locals=locals
entry=0x7fd0a97ff3c0) at Python/ceval.c:828
#42 0x00007fd0a9dde3a9 in run_eval_code_obj (locals=0x7fd0a97ff3c0, globals=0x7fd0a97ff3c0, co=0x7fd0a97dd3a0, tstate=0x1d74180) at Python/pythonrun.c:1221
#43 run_mod (mod=<optimized out>, filename=filename
entry=0x7fd0a976a390, globals=globals
entry=0x7fd0a97ff3c0, locals=locals
entry=0x7fd0a97ff3c0, flags=flags
entry=0x7ffd77aeab28, arena=arena
entry=0x7fd0a963ffd0) at Python/pythonrun.c:1242
#44 0x00007fd0a9ddfdf2 in pyrun_file (flags=0x7ffd77aeab28, closeit=1, locals=0x7fd0a97ff3c0, globals=0x7fd0a97ff3c0, start=257, filename=0x7fd0a976a390, fp=0x1dc70f0) at Python/pythonrun.c:1140
#45 pyrun_simple_file (flags=0x7ffd77aeab28, closeit=1, filename=0x7fd0a976a390, fp=0x1dc70f0) at Python/pythonrun.c:450
#46 PyRun_SimpleFileExFlags (fp=fp
entry=0x1dc70f0, filename=<optimized out>, closeit=closeit
entry=1, flags=flags
entry=0x7ffd77aeab28) at Python/pythonrun.c:483
#47 0x00007fd0a9de0453 in PyRun_AnyFileExFlags (fp=fp
entry=0x1dc70f0, filename=<optimized out>, closeit=closeit
entry=1, flags=flags
entry=0x7ffd77aeab28) at Python/pythonrun.c:92
#48 0x00007fd0a9dfde28 in pymain_run_file (cf=0x7ffd77aeab28, config=0x1d71f60) at Modules/main.c:373
#49 pymain_run_python (exitcode=0x7ffd77aeab20) at Modules/main.c:598
#50 Py_RunMain () at Modules/main.c:677
#51 0x00007fd0a9dfe347 in pymain_main (args=0x7ffd77aeac10) at Modules/main.c:707
#52 Py_BytesMain (argc=<optimized out>, argv=<optimized out>) at Modules/main.c:731
#53 0x00007fd0a9945590 in __libc_start_call_main () from /lib64/libc.so.6
#54 0x00007fd0a9945640 in __libc_start_main_impl () from /lib64/libc.so.6
#55 0x0000000000401075 in _start ()
===========================================================


Error when running the combination:
	File /home/submit/lavezzo/SUEP/CMSSW_14_1_0_pre4/src/SUEPLimits/cards/WH_11_20_fixed_noShape/cards-SUEP_mS125.000_mPhi4.000_T2.000_modegeneric/combined.root does not exist

 ----------------- 

/tmp/submit_higgsCombineSUEP_mS125.000_mPhi4.000_T4.000_modegeneric.AsymptoticLimits.mH125.sh: line 20: warning: here-document at line 7 delimited by end-of-file (wanted `EOF')
Traceback (most recent call last):
  File "/home/submit/lavezzo/SUEP/CMSSW_14_1_0_pre4/bin/el9_amd64_gcc12/combineCards.py", line 162, in <module>
    file = open(fname, "r")
FileNotFoundError: [Errno 2] No such file or directory: 'cards-SUEP_mS125.000_mPhi4.000_T4.000_modegeneric/shapes-GJHScrA2018.dat'
 *** Break *** segmentation violation



===========================================================
There was a crash.
This is the entire stack trace of all threads:
===========================================================

Thread 9 (Thread 0x7f7c39af0640 (LWP 1456066) "python3"):
#0  0x00007f7c5c27d79a in __futex_abstimed_wait_common () from /lib64/libc.so.6
#1  0x00007f7c5c27ffa0 in pthread_cond_wait

GLIBC_2.3.2 () from /lib64/libc.so.6
#2  0x00007f7c3d39c04f in th_worker (tidptr=<optimized out>) at numexpr/module.cpp:60
#3  0x00007f7c5c280c02 in start_thread () from /lib64/libc.so.6
#4  0x00007f7c5c305c40 in clone3 () from /lib64/libc.so.6

Thread 8 (Thread 0x7f7c3a2f1640 (LWP 1456058) "python3"):
#0  0x00007f7c5c27d79a in __futex_abstimed_wait_common () from /lib64/libc.so.6
#1  0x00007f7c5c27ffa0 in pthread_cond_wait

GLIBC_2.3.2 () from /lib64/libc.so.6
#2  0x00007f7c3d39c04f in th_worker (tidptr=<optimized out>) at numexpr/module.cpp:60
#3  0x00007f7c5c280c02 in start_thread () from /lib64/libc.so.6
#4  0x00007f7c5c305c40 in clone3 () from /lib64/libc.so.6

Thread 7 (Thread 0x7f7c3aaf2640 (LWP 1456047) "python3"):
#0  0x00007f7c5c27d79a in __futex_abstimed_wait_common () from /lib64/libc.so.6
#1  0x00007f7c5c27ffa0 in pthread_cond_wait

GLIBC_2.3.2 () from /lib64/libc.so.6
#2  0x00007f7c3d39c04f in th_worker (tidptr=<optimized out>) at numexpr/module.cpp:60
#3  0x00007f7c5c280c02 in start_thread () from /lib64/libc.so.6
#4  0x00007f7c5c305c40 in clone3 () from /lib64/libc.so.6

Thread 6 (Thread 0x7f7c3b2f3640 (LWP 1456037) "python3"):
#0  0x00007f7c5c27d79a in __futex_abstimed_wait_common () from /lib64/libc.so.6
#1  0x00007f7c5c27ffa0 in pthread_cond_wait

GLIBC_2.3.2 () from /lib64/libc.so.6
#2  0x00007f7c3d39c04f in th_worker (tidptr=<optimized out>) at numexpr/module.cpp:60
#3  0x00007f7c5c280c02 in start_thread () from /lib64/libc.so.6
#4  0x00007f7c5c305c40 in clone3 () from /lib64/libc.so.6

Thread 5 (Thread 0x7f7c3baf4640 (LWP 1456026) "python3"):
#0  0x00007f7c5c27d79a in __futex_abstimed_wait_common () from /lib64/libc.so.6
#1  0x00007f7c5c27ffa0 in pthread_cond_wait

GLIBC_2.3.2 () from /lib64/libc.so.6
#2  0x00007f7c3d39c04f in th_worker (tidptr=<optimized out>) at numexpr/module.cpp:60
#3  0x00007f7c5c280c02 in start_thread () from /lib64/libc.so.6
#4  0x00007f7c5c305c40 in clone3 () from /lib64/libc.so.6

Thread 4 (Thread 0x7f7c3c2f5640 (LWP 1456016) "python3"):
#0  0x00007f7c5c27d79a in __futex_abstimed_wait_common () from /lib64/libc.so.6
#1  0x00007f7c5c27ffa0 in pthread_cond_wait

GLIBC_2.3.2 () from /lib64/libc.so.6
#2  0x00007f7c3d39c04f in th_worker (tidptr=<optimized out>) at numexpr/module.cpp:60
#3  0x00007f7c5c280c02 in start_thread () from /lib64/libc.so.6
#4  0x00007f7c5c305c40 in clone3 () from /lib64/libc.so.6

Thread 3 (Thread 0x7f7c3caf6640 (LWP 1456009) "python3"):
#0  0x00007f7c5c27d79a in __futex_abstimed_wait_common () from /lib64/libc.so.6
#1  0x00007f7c5c27ffa0 in pthread_cond_wait

GLIBC_2.3.2 () from /lib64/libc.so.6
#2  0x00007f7c3d39c04f in th_worker (tidptr=<optimized out>) at numexpr/module.cpp:60
#3  0x00007f7c5c280c02 in start_thread () from /lib64/libc.so.6
#4  0x00007f7c5c305c40 in clone3 () from /lib64/libc.so.6

Thread 2 (Thread 0x7f7c3d2f7640 (LWP 1455997) "python3"):
#0  0x00007f7c5c27d79a in __futex_abstimed_wait_common () from /lib64/libc.so.6
#1  0x00007f7c5c27ffa0 in pthread_cond_wait

GLIBC_2.3.2 () from /lib64/libc.so.6
#2  0x00007f7c3d39c04f in th_worker (tidptr=<optimized out>) at numexpr/module.cpp:60
#3  0x00007f7c5c280c02 in start_thread () from /lib64/libc.so.6
#4  0x00007f7c5c305c40 in clone3 () from /lib64/libc.so.6

Thread 1 (Thread 0x7f7c5c84e740 (LWP 1449407) "python3"):
#0  0x00007f7c5c2cfa3f in wait4 () from /lib64/libc.so.6
#1  0x00007f7c5c242243 in do_system () from /lib64/libc.so.6
#2  0x00007f7c5b96743d in TUnixSystem::StackTrace() () from /cvmfs/cms.cern.ch/el9_amd64_gcc12/lcg/root/6.30.07-8b1a11e1ef0e074fdfd44e162b27e71c/lib/libCore.so
#3  0x00007f7c5bca95a3 in (anonymous namespace)::TExceptionHandlerImp::HandleException(int) () from /cvmfs/cms.cern.ch/el9_amd64_gcc12/lcg/root/6.30.07-8b1a11e1ef0e074fdfd44e162b27e71c/lib/libcppyy_backend3_9.so
#4  0x00007f7c5b966c71 in TUnixSystem::DispatchSignals(ESignals) () from /cvmfs/cms.cern.ch/el9_amd64_gcc12/lcg/root/6.30.07-8b1a11e1ef0e074fdfd44e162b27e71c/lib/libCore.so
#5  <signal handler called>
#6  0x00007f7c37b0364d in RooStats::ModelConfig::SetHasOnlyParameters(RooArgSet const&, char const*) () from /cvmfs/cms.cern.ch/el9_amd64_gcc12/lcg/root/6.30.07-8b1a11e1ef0e074fdfd44e162b27e71c/lib/libRooFitCore.so
#7  0x00007f7c37b09d30 in RooStats::ModelConfig::SetObservables(RooArgSet const&) () from /cvmfs/cms.cern.ch/el9_amd64_gcc12/lcg/root/6.30.07-8b1a11e1ef0e074fdfd44e162b27e71c/lib/libRooFitCore.so
#8  0x00007f7c360b7013 in ?? ()
#9  0x0000000000000001 in ?? ()
#10 0x00007f7c5bcaa078 in WrapperCall(long, unsigned long, void*, void*, void*) () from /cvmfs/cms.cern.ch/el9_amd64_gcc12/lcg/root/6.30.07-8b1a11e1ef0e074fdfd44e162b27e71c/lib/libcppyy_backend3_9.so
#11 0x00007f7c5bd2be97 in CPyCppyy::(anonymous namespace)::VoidExecutor::Execute(long, void*, CPyCppyy::CallContext*) () from /cvmfs/cms.cern.ch/el9_amd64_gcc12/lcg/root/6.30.07-8b1a11e1ef0e074fdfd44e162b27e71c/lib/libcppyy3_9.so
#12 0x00007f7c5bd17f87 in CPyCppyy::CPPMethod::ExecuteFast(void*, long, CPyCppyy::CallContext*) [clone .isra.0] () from /cvmfs/cms.cern.ch/el9_amd64_gcc12/lcg/root/6.30.07-8b1a11e1ef0e074fdfd44e162b27e71c/lib/libcppyy3_9.so
#13 0x00007f7c5bd19316 in CPyCppyy::CPPMethod::Execute(void*, long, CPyCppyy::CallContext*) () from /cvmfs/cms.cern.ch/el9_amd64_gcc12/lcg/root/6.30.07-8b1a11e1ef0e074fdfd44e162b27e71c/lib/libcppyy3_9.so
#14 0x00007f7c5bd1a0cf in CPyCppyy::CPPMethod::Call(CPyCppyy::CPPInstance*&, _object*, _object*, CPyCppyy::CallContext*) () from /cvmfs/cms.cern.ch/el9_amd64_gcc12/lcg/root/6.30.07-8b1a11e1ef0e074fdfd44e162b27e71c/lib/libcppyy3_9.so
#15 0x00007f7c5bd1ee9a in CPyCppyy::(anonymous namespace)::mp_call(CPyCppyy::CPPOverload*, _object*, _object*) () from /cvmfs/cms.cern.ch/el9_amd64_gcc12/lcg/root/6.30.07-8b1a11e1ef0e074fdfd44e162b27e71c/lib/libcppyy3_9.so
#16 0x00007f7c5c4b786e in _PyObject_MakeTpCall (tstate=0x1c90180, callable=callable
entry=0x7f7c380c3a00, args=args
entry=0xa3bcc90, nargs=1, keywords=keywords
entry=0x0) at Objects/call.c:191
#17 0x00007f7c5c46e50a in _PyObject_VectorcallTstate (kwnames=0x0, nargsf=9223372036854775809, args=0xa3bcc90, callable=0x7f7c380c3a00, tstate=<optimized out>) at ./Include/cpython/abstract.h:116
#18 _PyObject_VectorcallTstate (kwnames=0x0, nargsf=9223372036854775809, args=0xa3bcc90, callable=0x7f7c380c3a00, tstate=<optimized out>) at ./Include/cpython/abstract.h:103
#19 PyObject_Vectorcall (kwnames=0x0, nargsf=9223372036854775809, args=<optimized out>, callable=0x7f7c380c3a00) at ./Include/cpython/abstract.h:127
#20 call_function (kwnames=0x0, oparg=1, pp_stack=<synthetic pointer>, tstate=0x1c90180) at Python/ceval.c:5077
#21 _PyEval_EvalFrameDefault (tstate=<optimized out>, f=<optimized out>, throwflag=<optimized out>) at Python/ceval.c:3489
#22 0x00007f7c5c4659fb in _PyEval_EvalFrame (throwflag=0, f=0xa3bcab0, tstate=0x1c90180) at ./Include/internal/pycore_ceval.h:40
#23 function_code_fastcall (tstate=0x1c90180, co=<optimized out>, args=<optimized out>, nargs=1, globals=<optimized out>) at Objects/call.c:330
#24 0x00007f7c5c46cd0f in _PyObject_VectorcallTstate (kwnames=0x0, nargsf=<optimized out>, args=0x7f7c380d1740, callable=0x7f7c5bd92700, tstate=0x1c90180) at ./Include/cpython/abstract.h:118
#25 PyObject_Vectorcall (kwnames=0x0, nargsf=<optimized out>, args=<optimized out>, callable=<optimized out>) at ./Include/cpython/abstract.h:127
#26 call_function (kwnames=0x0, oparg=<optimized out>, pp_stack=<synthetic pointer>, tstate=0x1c90180) at Python/ceval.c:5077
#27 _PyEval_EvalFrameDefault (tstate=<optimized out>, f=<optimized out>, throwflag=<optimized out>) at Python/ceval.c:3506
#28 0x00007f7c5c59ea91 in _PyEval_EvalFrame (throwflag=0, f=0x7f7c380d15b0, tstate=0x1c90180) at ./Include/internal/pycore_ceval.h:40
#29 _PyEval_EvalCode (tstate=tstate
entry=0x1c90180, _co=<optimized out>, globals=<optimized out>, locals=locals
entry=0x0, args=<optimized out>, argcount=1, kwnames=0x7f7c5c0c32f8, kwargs=0x1ce41b0, kwcount=1, kwstep=1, defs=0x7f7c5ada9808, defcount=1, kwdefs=0x0, closure=0x0, name=0x7f7c5bf257b0, qualname=0x7f7c4d8c3760) at Python/ceval.c:4329
#30 0x00007f7c5c4b769d in _PyFunction_Vectorcall (func=<optimized out>, stack=<optimized out>, nargsf=<optimized out>, kwnames=<optimized out>) at Objects/call.c:396
#31 0x00007f7c5c4ba198 in _PyObject_VectorcallTstate (kwnames=0x7f7c5c0c32e0, nargsf=1, args=0x1ce41a8, callable=0x7f7c4d8c7f70, tstate=0x1c90180) at ./Include/cpython/abstract.h:118
#32 method_vectorcall (method=<optimized out>, args=0x1ce41b0, nargsf=<optimized out>, kwnames=0x7f7c5c0c32e0) at Objects/classobject.c:53
#33 0x00007f7c5c46bde6 in _PyObject_VectorcallTstate (kwnames=0x7f7c5c0c32e0, nargsf=9223372036854775808, args=0x1ce41b0, callable=0x7f7c380e3780, tstate=0x1c90180) at ./Include/cpython/abstract.h:118
#34 PyObject_Vectorcall (kwnames=0x7f7c5c0c32e0, nargsf=9223372036854775808, args=0x1ce41b0, callable=<optimized out>) at ./Include/cpython/abstract.h:127
#35 call_function (kwnames=0x7f7c5c0c32e0, oparg=<optimized out>, pp_stack=<synthetic pointer>, tstate=0x1c90180) at Python/ceval.c:5077
#36 _PyEval_EvalFrameDefault (tstate=<optimized out>, f=<optimized out>, throwflag=<optimized out>) at Python/ceval.c:3537
#37 0x00007f7c5c59ea91 in _PyEval_EvalFrame (throwflag=0, f=0x1ce4040, tstate=0x1c90180) at ./Include/internal/pycore_ceval.h:40
#38 _PyEval_EvalCode (tstate=0x1c90180, _co=_co
entry=0x7f7c5c1383a0, globals=globals
entry=0x7f7c5c15a3c0, locals=locals
entry=0x7f7c5c15a3c0, args=args
entry=0x0, argcount=argcount
entry=0, kwnames=0x0, kwargs=0x0, kwcount=0, kwstep=2, defs=0x0, defcount=0, kwdefs=0x0, closure=0x0, name=0x0, qualname=0x0) at Python/ceval.c:4329
#39 0x00007f7c5c59ee32 in _PyEval_EvalCodeWithName (_co=_co
entry=0x7f7c5c1383a0, globals=globals
entry=0x7f7c5c15a3c0, locals=locals
entry=0x7f7c5c15a3c0, args=args
entry=0x0, argcount=argcount
entry=0, kwnames=kwnames
entry=0x0, kwargs=0x0, kwcount=0, kwstep=2, defs=0x0, defcount=0, kwdefs=0x0, closure=0x0, name=0x0, qualname=0x0) at Python/ceval.c:4361
#40 0x00007f7c5c59ee7b in PyEval_EvalCodeEx (_co=_co
entry=0x7f7c5c1383a0, globals=globals
entry=0x7f7c5c15a3c0, locals=locals
entry=0x7f7c5c15a3c0, args=args
entry=0x0, argcount=argcount
entry=0, kws=kws
entry=0x0, kwcount=0, defs=0x0, defcount=0, kwdefs=0x0, closure=0x0) at Python/ceval.c:4377
#41 0x00007f7c5c59eeab in PyEval_EvalCode (co=co
entry=0x7f7c5c1383a0, globals=globals
entry=0x7f7c5c15a3c0, locals=locals
entry=0x7f7c5c15a3c0) at Python/ceval.c:828
#42 0x00007f7c5c5de3a9 in run_eval_code_obj (locals=0x7f7c5c15a3c0, globals=0x7f7c5c15a3c0, co=0x7f7c5c1383a0, tstate=0x1c90180) at Python/pythonrun.c:1221
#43 run_mod (mod=<optimized out>, filename=filename
entry=0x7f7c5c0c5390, globals=globals
entry=0x7f7c5c15a3c0, locals=locals
entry=0x7f7c5c15a3c0, flags=flags
entry=0x7ffc4082d108, arena=arena
entry=0x7f7c5bf75fd0) at Python/pythonrun.c:1242
#44 0x00007f7c5c5dfdf2 in pyrun_file (flags=0x7ffc4082d108, closeit=1, locals=0x7f7c5c15a3c0, globals=0x7f7c5c15a3c0, start=257, filename=0x7f7c5c0c5390, fp=0x1ce30f0) at Python/pythonrun.c:1140
#45 pyrun_simple_file (flags=0x7ffc4082d108, closeit=1, filename=0x7f7c5c0c5390, fp=0x1ce30f0) at Python/pythonrun.c:450
#46 PyRun_SimpleFileExFlags (fp=fp
entry=0x1ce30f0, filename=<optimized out>, closeit=closeit
entry=1, flags=flags
entry=0x7ffc4082d108) at Python/pythonrun.c:483
#47 0x00007f7c5c5e0453 in PyRun_AnyFileExFlags (fp=fp
entry=0x1ce30f0, filename=<optimized out>, closeit=closeit
entry=1, flags=flags
entry=0x7ffc4082d108) at Python/pythonrun.c:92
#48 0x00007f7c5c5fde28 in pymain_run_file (cf=0x7ffc4082d108, config=0x1c8df60) at Modules/main.c:373
#49 pymain_run_python (exitcode=0x7ffc4082d100) at Modules/main.c:598
#50 Py_RunMain () at Modules/main.c:677
#51 0x00007f7c5c5fe347 in pymain_main (args=0x7ffc4082d1f0) at Modules/main.c:707
#52 Py_BytesMain (argc=<optimized out>, argv=<optimized out>) at Modules/main.c:731
#53 0x00007f7c5c220590 in __libc_start_call_main () from /lib64/libc.so.6
#54 0x00007f7c5c220640 in __libc_start_main_impl () from /lib64/libc.so.6
#55 0x0000000000401075 in _start ()
===========================================================


The lines below might hint at the cause of the crash. If you see question
marks as part of the stack trace, try to recompile with debugging information
enabled and export CLING_DEBUG=1 environment variable before running.
You may get help by asking at the ROOT forum https://root.cern/forum
preferably using the command (.forum bug) in the ROOT prompt.
Only if you are really convinced it is a bug in ROOT then please submit a
report at https://root.cern/bugs or (preferably) using the command (.gh bug) in
the ROOT prompt. Please post the ENTIRE stack trace
from above as an attachment in addition to anything else
that might help us fixing this issue.
===========================================================
#6  0x00007f7c37b0364d in RooStats::ModelConfig::SetHasOnlyParameters(RooArgSet const&, char const*) () from /cvmfs/cms.cern.ch/el9_amd64_gcc12/lcg/root/6.30.07-8b1a11e1ef0e074fdfd44e162b27e71c/lib/libRooFitCore.so
#7  0x00007f7c37b09d30 in RooStats::ModelConfig::SetObservables(RooArgSet const&) () from /cvmfs/cms.cern.ch/el9_amd64_gcc12/lcg/root/6.30.07-8b1a11e1ef0e074fdfd44e162b27e71c/lib/libRooFitCore.so
#8  0x00007f7c360b7013 in ?? ()
#9  0x0000000000000001 in ?? ()
#10 0x00007f7c5bcaa078 in WrapperCall(long, unsigned long, void*, void*, void*) () from /cvmfs/cms.cern.ch/el9_amd64_gcc12/lcg/root/6.30.07-8b1a11e1ef0e074fdfd44e162b27e71c/lib/libcppyy_backend3_9.so
#11 0x00007f7c5bd2be97 in CPyCppyy::(anonymous namespace)::VoidExecutor::Execute(long, void*, CPyCppyy::CallContext*) () from /cvmfs/cms.cern.ch/el9_amd64_gcc12/lcg/root/6.30.07-8b1a11e1ef0e074fdfd44e162b27e71c/lib/libcppyy3_9.so
#12 0x00007f7c5bd17f87 in CPyCppyy::CPPMethod::ExecuteFast(void*, long, CPyCppyy::CallContext*) [clone .isra.0] () from /cvmfs/cms.cern.ch/el9_amd64_gcc12/lcg/root/6.30.07-8b1a11e1ef0e074fdfd44e162b27e71c/lib/libcppyy3_9.so
#13 0x00007f7c5bd19316 in CPyCppyy::CPPMethod::Execute(void*, long, CPyCppyy::CallContext*) () from /cvmfs/cms.cern.ch/el9_amd64_gcc12/lcg/root/6.30.07-8b1a11e1ef0e074fdfd44e162b27e71c/lib/libcppyy3_9.so
#14 0x00007f7c5bd1a0cf in CPyCppyy::CPPMethod::Call(CPyCppyy::CPPInstance*&, _object*, _object*, CPyCppyy::CallContext*) () from /cvmfs/cms.cern.ch/el9_amd64_gcc12/lcg/root/6.30.07-8b1a11e1ef0e074fdfd44e162b27e71c/lib/libcppyy3_9.so
#15 0x00007f7c5bd1ee9a in CPyCppyy::(anonymous namespace)::mp_call(CPyCppyy::CPPOverload*, _object*, _object*) () from /cvmfs/cms.cern.ch/el9_amd64_gcc12/lcg/root/6.30.07-8b1a11e1ef0e074fdfd44e162b27e71c/lib/libcppyy3_9.so
#16 0x00007f7c5c4b786e in _PyObject_MakeTpCall (tstate=0x1c90180, callable=callable
entry=0x7f7c380c3a00, args=args
entry=0xa3bcc90, nargs=1, keywords=keywords
entry=0x0) at Objects/call.c:191
#17 0x00007f7c5c46e50a in _PyObject_VectorcallTstate (kwnames=0x0, nargsf=9223372036854775809, args=0xa3bcc90, callable=0x7f7c380c3a00, tstate=<optimized out>) at ./Include/cpython/abstract.h:116
#18 _PyObject_VectorcallTstate (kwnames=0x0, nargsf=9223372036854775809, args=0xa3bcc90, callable=0x7f7c380c3a00, tstate=<optimized out>) at ./Include/cpython/abstract.h:103
#19 PyObject_Vectorcall (kwnames=0x0, nargsf=9223372036854775809, args=<optimized out>, callable=0x7f7c380c3a00) at ./Include/cpython/abstract.h:127
#20 call_function (kwnames=0x0, oparg=1, pp_stack=<synthetic pointer>, tstate=0x1c90180) at Python/ceval.c:5077
#21 _PyEval_EvalFrameDefault (tstate=<optimized out>, f=<optimized out>, throwflag=<optimized out>) at Python/ceval.c:3489
#22 0x00007f7c5c4659fb in _PyEval_EvalFrame (throwflag=0, f=0xa3bcab0, tstate=0x1c90180) at ./Include/internal/pycore_ceval.h:40
#23 function_code_fastcall (tstate=0x1c90180, co=<optimized out>, args=<optimized out>, nargs=1, globals=<optimized out>) at Objects/call.c:330
#24 0x00007f7c5c46cd0f in _PyObject_VectorcallTstate (kwnames=0x0, nargsf=<optimized out>, args=0x7f7c380d1740, callable=0x7f7c5bd92700, tstate=0x1c90180) at ./Include/cpython/abstract.h:118
#25 PyObject_Vectorcall (kwnames=0x0, nargsf=<optimized out>, args=<optimized out>, callable=<optimized out>) at ./Include/cpython/abstract.h:127
#26 call_function (kwnames=0x0, oparg=<optimized out>, pp_stack=<synthetic pointer>, tstate=0x1c90180) at Python/ceval.c:5077
#27 _PyEval_EvalFrameDefault (tstate=<optimized out>, f=<optimized out>, throwflag=<optimized out>) at Python/ceval.c:3506
#28 0x00007f7c5c59ea91 in _PyEval_EvalFrame (throwflag=0, f=0x7f7c380d15b0, tstate=0x1c90180) at ./Include/internal/pycore_ceval.h:40
#29 _PyEval_EvalCode (tstate=tstate
entry=0x1c90180, _co=<optimized out>, globals=<optimized out>, locals=locals
entry=0x0, args=<optimized out>, argcount=1, kwnames=0x7f7c5c0c32f8, kwargs=0x1ce41b0, kwcount=1, kwstep=1, defs=0x7f7c5ada9808, defcount=1, kwdefs=0x0, closure=0x0, name=0x7f7c5bf257b0, qualname=0x7f7c4d8c3760) at Python/ceval.c:4329
#30 0x00007f7c5c4b769d in _PyFunction_Vectorcall (func=<optimized out>, stack=<optimized out>, nargsf=<optimized out>, kwnames=<optimized out>) at Objects/call.c:396
#31 0x00007f7c5c4ba198 in _PyObject_VectorcallTstate (kwnames=0x7f7c5c0c32e0, nargsf=1, args=0x1ce41a8, callable=0x7f7c4d8c7f70, tstate=0x1c90180) at ./Include/cpython/abstract.h:118
#32 method_vectorcall (method=<optimized out>, args=0x1ce41b0, nargsf=<optimized out>, kwnames=0x7f7c5c0c32e0) at Objects/classobject.c:53
#33 0x00007f7c5c46bde6 in _PyObject_VectorcallTstate (kwnames=0x7f7c5c0c32e0, nargsf=9223372036854775808, args=0x1ce41b0, callable=0x7f7c380e3780, tstate=0x1c90180) at ./Include/cpython/abstract.h:118
#34 PyObject_Vectorcall (kwnames=0x7f7c5c0c32e0, nargsf=9223372036854775808, args=0x1ce41b0, callable=<optimized out>) at ./Include/cpython/abstract.h:127
#35 call_function (kwnames=0x7f7c5c0c32e0, oparg=<optimized out>, pp_stack=<synthetic pointer>, tstate=0x1c90180) at Python/ceval.c:5077
#36 _PyEval_EvalFrameDefault (tstate=<optimized out>, f=<optimized out>, throwflag=<optimized out>) at Python/ceval.c:3537
#37 0x00007f7c5c59ea91 in _PyEval_EvalFrame (throwflag=0, f=0x1ce4040, tstate=0x1c90180) at ./Include/internal/pycore_ceval.h:40
#38 _PyEval_EvalCode (tstate=0x1c90180, _co=_co
entry=0x7f7c5c1383a0, globals=globals
entry=0x7f7c5c15a3c0, locals=locals
entry=0x7f7c5c15a3c0, args=args
entry=0x0, argcount=argcount
entry=0, kwnames=0x0, kwargs=0x0, kwcount=0, kwstep=2, defs=0x0, defcount=0, kwdefs=0x0, closure=0x0, name=0x0, qualname=0x0) at Python/ceval.c:4329
#39 0x00007f7c5c59ee32 in _PyEval_EvalCodeWithName (_co=_co
entry=0x7f7c5c1383a0, globals=globals
entry=0x7f7c5c15a3c0, locals=locals
entry=0x7f7c5c15a3c0, args=args
entry=0x0, argcount=argcount
entry=0, kwnames=kwnames
entry=0x0, kwargs=0x0, kwcount=0, kwstep=2, defs=0x0, defcount=0, kwdefs=0x0, closure=0x0, name=0x0, qualname=0x0) at Python/ceval.c:4361
#40 0x00007f7c5c59ee7b in PyEval_EvalCodeEx (_co=_co
entry=0x7f7c5c1383a0, globals=globals
entry=0x7f7c5c15a3c0, locals=locals
entry=0x7f7c5c15a3c0, args=args
entry=0x0, argcount=argcount
entry=0, kws=kws
entry=0x0, kwcount=0, defs=0x0, defcount=0, kwdefs=0x0, closure=0x0) at Python/ceval.c:4377
#41 0x00007f7c5c59eeab in PyEval_EvalCode (co=co
entry=0x7f7c5c1383a0, globals=globals
entry=0x7f7c5c15a3c0, locals=locals
entry=0x7f7c5c15a3c0) at Python/ceval.c:828
#42 0x00007f7c5c5de3a9 in run_eval_code_obj (locals=0x7f7c5c15a3c0, globals=0x7f7c5c15a3c0, co=0x7f7c5c1383a0, tstate=0x1c90180) at Python/pythonrun.c:1221
#43 run_mod (mod=<optimized out>, filename=filename
entry=0x7f7c5c0c5390, globals=globals
entry=0x7f7c5c15a3c0, locals=locals
entry=0x7f7c5c15a3c0, flags=flags
entry=0x7ffc4082d108, arena=arena
entry=0x7f7c5bf75fd0) at Python/pythonrun.c:1242
#44 0x00007f7c5c5dfdf2 in pyrun_file (flags=0x7ffc4082d108, closeit=1, locals=0x7f7c5c15a3c0, globals=0x7f7c5c15a3c0, start=257, filename=0x7f7c5c0c5390, fp=0x1ce30f0) at Python/pythonrun.c:1140
#45 pyrun_simple_file (flags=0x7ffc4082d108, closeit=1, filename=0x7f7c5c0c5390, fp=0x1ce30f0) at Python/pythonrun.c:450
#46 PyRun_SimpleFileExFlags (fp=fp
entry=0x1ce30f0, filename=<optimized out>, closeit=closeit
entry=1, flags=flags
entry=0x7ffc4082d108) at Python/pythonrun.c:483
#47 0x00007f7c5c5e0453 in PyRun_AnyFileExFlags (fp=fp
entry=0x1ce30f0, filename=<optimized out>, closeit=closeit
entry=1, flags=flags
entry=0x7ffc4082d108) at Python/pythonrun.c:92
#48 0x00007f7c5c5fde28 in pymain_run_file (cf=0x7ffc4082d108, config=0x1c8df60) at Modules/main.c:373
#49 pymain_run_python (exitcode=0x7ffc4082d100) at Modules/main.c:598
#50 Py_RunMain () at Modules/main.c:677
#51 0x00007f7c5c5fe347 in pymain_main (args=0x7ffc4082d1f0) at Modules/main.c:707
#52 Py_BytesMain (argc=<optimized out>, argv=<optimized out>) at Modules/main.c:731
#53 0x00007f7c5c220590 in __libc_start_call_main () from /lib64/libc.so.6
#54 0x00007f7c5c220640 in __libc_start_main_impl () from /lib64/libc.so.6
#55 0x0000000000401075 in _start ()
===========================================================


 *** Break *** segmentation violation



===========================================================
There was a crash.
This is the entire stack trace of all threads:
===========================================================

Thread 9 (Thread 0x7f7c39af0640 (LWP 1456066) "python3"):
#0  0x00007f7c5c27d79a in __futex_abstimed_wait_common () from /lib64/libc.so.6
#1  0x00007f7c5c27ffa0 in pthread_cond_wait

GLIBC_2.3.2 () from /lib64/libc.so.6
#2  0x00007f7c3d39c04f in th_worker (tidptr=<optimized out>) at numexpr/module.cpp:60
#3  0x00007f7c5c280c02 in start_thread () from /lib64/libc.so.6
#4  0x00007f7c5c305c40 in clone3 () from /lib64/libc.so.6

Thread 8 (Thread 0x7f7c3a2f1640 (LWP 1456058) "python3"):
#0  0x00007f7c5c27d79a in __futex_abstimed_wait_common () from /lib64/libc.so.6
#1  0x00007f7c5c27ffa0 in pthread_cond_wait

GLIBC_2.3.2 () from /lib64/libc.so.6
#2  0x00007f7c3d39c04f in th_worker (tidptr=<optimized out>) at numexpr/module.cpp:60
#3  0x00007f7c5c280c02 in start_thread () from /lib64/libc.so.6
#4  0x00007f7c5c305c40 in clone3 () from /lib64/libc.so.6

Thread 7 (Thread 0x7f7c3aaf2640 (LWP 1456047) "python3"):
#0  0x00007f7c5c27d79a in __futex_abstimed_wait_common () from /lib64/libc.so.6
#1  0x00007f7c5c27ffa0 in pthread_cond_wait

GLIBC_2.3.2 () from /lib64/libc.so.6
#2  0x00007f7c3d39c04f in th_worker (tidptr=<optimized out>) at numexpr/module.cpp:60
#3  0x00007f7c5c280c02 in start_thread () from /lib64/libc.so.6
#4  0x00007f7c5c305c40 in clone3 () from /lib64/libc.so.6

Thread 6 (Thread 0x7f7c3b2f3640 (LWP 1456037) "python3"):
#0  0x00007f7c5c27d79a in __futex_abstimed_wait_common () from /lib64/libc.so.6
#1  0x00007f7c5c27ffa0 in pthread_cond_wait

GLIBC_2.3.2 () from /lib64/libc.so.6
#2  0x00007f7c3d39c04f in th_worker (tidptr=<optimized out>) at numexpr/module.cpp:60
#3  0x00007f7c5c280c02 in start_thread () from /lib64/libc.so.6
#4  0x00007f7c5c305c40 in clone3 () from /lib64/libc.so.6

Thread 5 (Thread 0x7f7c3baf4640 (LWP 1456026) "python3"):
#0  0x00007f7c5c27d79a in __futex_abstimed_wait_common () from /lib64/libc.so.6
#1  0x00007f7c5c27ffa0 in pthread_cond_wait

GLIBC_2.3.2 () from /lib64/libc.so.6
#2  0x00007f7c3d39c04f in th_worker (tidptr=<optimized out>) at numexpr/module.cpp:60
#3  0x00007f7c5c280c02 in start_thread () from /lib64/libc.so.6
#4  0x00007f7c5c305c40 in clone3 () from /lib64/libc.so.6

Thread 4 (Thread 0x7f7c3c2f5640 (LWP 1456016) "python3"):
#0  0x00007f7c5c27d79a in __futex_abstimed_wait_common () from /lib64/libc.so.6
#1  0x00007f7c5c27ffa0 in pthread_cond_wait

GLIBC_2.3.2 () from /lib64/libc.so.6
#2  0x00007f7c3d39c04f in th_worker (tidptr=<optimized out>) at numexpr/module.cpp:60
#3  0x00007f7c5c280c02 in start_thread () from /lib64/libc.so.6
#4  0x00007f7c5c305c40 in clone3 () from /lib64/libc.so.6

Thread 3 (Thread 0x7f7c3caf6640 (LWP 1456009) "python3"):
#0  0x00007f7c5c27d79a in __futex_abstimed_wait_common () from /lib64/libc.so.6
#1  0x00007f7c5c27ffa0 in pthread_cond_wait

GLIBC_2.3.2 () from /lib64/libc.so.6
#2  0x00007f7c3d39c04f in th_worker (tidptr=<optimized out>) at numexpr/module.cpp:60
#3  0x00007f7c5c280c02 in start_thread () from /lib64/libc.so.6
#4  0x00007f7c5c305c40 in clone3 () from /lib64/libc.so.6

Thread 2 (Thread 0x7f7c3d2f7640 (LWP 1455997) "python3"):
#0  0x00007f7c5c27d79a in __futex_abstimed_wait_common () from /lib64/libc.so.6
#1  0x00007f7c5c27ffa0 in pthread_cond_wait

GLIBC_2.3.2 () from /lib64/libc.so.6
#2  0x00007f7c3d39c04f in th_worker (tidptr=<optimized out>) at numexpr/module.cpp:60
#3  0x00007f7c5c280c02 in start_thread () from /lib64/libc.so.6
#4  0x00007f7c5c305c40 in clone3 () from /lib64/libc.so.6

Thread 1 (Thread 0x7f7c5c84e740 (LWP 1449407) "python3"):
#0  0x00007f7c5c2cfa3f in wait4 () from /lib64/libc.so.6
#1  0x00007f7c5c242243 in do_system () from /lib64/libc.so.6
#2  0x00007f7c5b96743d in TUnixSystem::StackTrace() () from /cvmfs/cms.cern.ch/el9_amd64_gcc12/lcg/root/6.30.07-8b1a11e1ef0e074fdfd44e162b27e71c/lib/libCore.so
#3  0x00007f7c5bca9423 in (anonymous namespace)::TExceptionHandlerImp::HandleException(int) () from /cvmfs/cms.cern.ch/el9_amd64_gcc12/lcg/root/6.30.07-8b1a11e1ef0e074fdfd44e162b27e71c/lib/libcppyy_backend3_9.so
#4  0x00007f7c5b966c71 in TUnixSystem::DispatchSignals(ESignals) () from /cvmfs/cms.cern.ch/el9_amd64_gcc12/lcg/root/6.30.07-8b1a11e1ef0e074fdfd44e162b27e71c/lib/libCore.so
#5  <signal handler called>
#6  0x00007f7c37b0364d in RooStats::ModelConfig::SetHasOnlyParameters(RooArgSet const&, char const*) () from /cvmfs/cms.cern.ch/el9_amd64_gcc12/lcg/root/6.30.07-8b1a11e1ef0e074fdfd44e162b27e71c/lib/libRooFitCore.so
#7  0x00007f7c37b09d30 in RooStats::ModelConfig::SetObservables(RooArgSet const&) () from /cvmfs/cms.cern.ch/el9_amd64_gcc12/lcg/root/6.30.07-8b1a11e1ef0e074fdfd44e162b27e71c/lib/libRooFitCore.so
#8  0x00007f7c360b7013 in ?? ()
#9  0x0000000000000001 in ?? ()
#10 0x00007f7c5bcaa078 in WrapperCall(long, unsigned long, void*, void*, void*) () from /cvmfs/cms.cern.ch/el9_amd64_gcc12/lcg/root/6.30.07-8b1a11e1ef0e074fdfd44e162b27e71c/lib/libcppyy_backend3_9.so
#11 0x00007f7c5bd2be97 in CPyCppyy::(anonymous namespace)::VoidExecutor::Execute(long, void*, CPyCppyy::CallContext*) () from /cvmfs/cms.cern.ch/el9_amd64_gcc12/lcg/root/6.30.07-8b1a11e1ef0e074fdfd44e162b27e71c/lib/libcppyy3_9.so
#12 0x00007f7c5bd17f87 in CPyCppyy::CPPMethod::ExecuteFast(void*, long, CPyCppyy::CallContext*) [clone .isra.0] () from /cvmfs/cms.cern.ch/el9_amd64_gcc12/lcg/root/6.30.07-8b1a11e1ef0e074fdfd44e162b27e71c/lib/libcppyy3_9.so
#13 0x00007f7c5bd19316 in CPyCppyy::CPPMethod::Execute(void*, long, CPyCppyy::CallContext*) () from /cvmfs/cms.cern.ch/el9_amd64_gcc12/lcg/root/6.30.07-8b1a11e1ef0e074fdfd44e162b27e71c/lib/libcppyy3_9.so
#14 0x00007f7c5bd1a0cf in CPyCppyy::CPPMethod::Call(CPyCppyy::CPPInstance*&, _object*, _object*, CPyCppyy::CallContext*) () from /cvmfs/cms.cern.ch/el9_amd64_gcc12/lcg/root/6.30.07-8b1a11e1ef0e074fdfd44e162b27e71c/lib/libcppyy3_9.so
#15 0x00007f7c5bd1ee9a in CPyCppyy::(anonymous namespace)::mp_call(CPyCppyy::CPPOverload*, _object*, _object*) () from /cvmfs/cms.cern.ch/el9_amd64_gcc12/lcg/root/6.30.07-8b1a11e1ef0e074fdfd44e162b27e71c/lib/libcppyy3_9.so
#16 0x00007f7c5c4b786e in _PyObject_MakeTpCall (tstate=0x1c90180, callable=callable
entry=0x7f7c380c3a00, args=args
entry=0xa3bcc90, nargs=1, keywords=keywords
entry=0x0) at Objects/call.c:191
#17 0x00007f7c5c46e50a in _PyObject_VectorcallTstate (kwnames=0x0, nargsf=9223372036854775809, args=0xa3bcc90, callable=0x7f7c380c3a00, tstate=<optimized out>) at ./Include/cpython/abstract.h:116
#18 _PyObject_VectorcallTstate (kwnames=0x0, nargsf=9223372036854775809, args=0xa3bcc90, callable=0x7f7c380c3a00, tstate=<optimized out>) at ./Include/cpython/abstract.h:103
#19 PyObject_Vectorcall (kwnames=0x0, nargsf=9223372036854775809, args=<optimized out>, callable=0x7f7c380c3a00) at ./Include/cpython/abstract.h:127
#20 call_function (kwnames=0x0, oparg=1, pp_stack=<synthetic pointer>, tstate=0x1c90180) at Python/ceval.c:5077
#21 _PyEval_EvalFrameDefault (tstate=<optimized out>, f=<optimized out>, throwflag=<optimized out>) at Python/ceval.c:3489
#22 0x00007f7c5c4659fb in _PyEval_EvalFrame (throwflag=0, f=0xa3bcab0, tstate=0x1c90180) at ./Include/internal/pycore_ceval.h:40
#23 function_code_fastcall (tstate=0x1c90180, co=<optimized out>, args=<optimized out>, nargs=1, globals=<optimized out>) at Objects/call.c:330
#24 0x00007f7c5c46cd0f in _PyObject_VectorcallTstate (kwnames=0x0, nargsf=<optimized out>, args=0x7f7c380d1740, callable=0x7f7c5bd92700, tstate=0x1c90180) at ./Include/cpython/abstract.h:118
#25 PyObject_Vectorcall (kwnames=0x0, nargsf=<optimized out>, args=<optimized out>, callable=<optimized out>) at ./Include/cpython/abstract.h:127
#26 call_function (kwnames=0x0, oparg=<optimized out>, pp_stack=<synthetic pointer>, tstate=0x1c90180) at Python/ceval.c:5077
#27 _PyEval_EvalFrameDefault (tstate=<optimized out>, f=<optimized out>, throwflag=<optimized out>) at Python/ceval.c:3506
#28 0x00007f7c5c59ea91 in _PyEval_EvalFrame (throwflag=0, f=0x7f7c380d15b0, tstate=0x1c90180) at ./Include/internal/pycore_ceval.h:40
#29 _PyEval_EvalCode (tstate=tstate
entry=0x1c90180, _co=<optimized out>, globals=<optimized out>, locals=locals
entry=0x0, args=<optimized out>, argcount=1, kwnames=0x7f7c5c0c32f8, kwargs=0x1ce41b0, kwcount=1, kwstep=1, defs=0x7f7c5ada9808, defcount=1, kwdefs=0x0, closure=0x0, name=0x7f7c5bf257b0, qualname=0x7f7c4d8c3760) at Python/ceval.c:4329
#30 0x00007f7c5c4b769d in _PyFunction_Vectorcall (func=<optimized out>, stack=<optimized out>, nargsf=<optimized out>, kwnames=<optimized out>) at Objects/call.c:396
#31 0x00007f7c5c4ba198 in _PyObject_VectorcallTstate (kwnames=0x7f7c5c0c32e0, nargsf=1, args=0x1ce41a8, callable=0x7f7c4d8c7f70, tstate=0x1c90180) at ./Include/cpython/abstract.h:118
#32 method_vectorcall (method=<optimized out>, args=0x1ce41b0, nargsf=<optimized out>, kwnames=0x7f7c5c0c32e0) at Objects/classobject.c:53
#33 0x00007f7c5c46bde6 in _PyObject_VectorcallTstate (kwnames=0x7f7c5c0c32e0, nargsf=9223372036854775808, args=0x1ce41b0, callable=0x7f7c380e3780, tstate=0x1c90180) at ./Include/cpython/abstract.h:118
#34 PyObject_Vectorcall (kwnames=0x7f7c5c0c32e0, nargsf=9223372036854775808, args=0x1ce41b0, callable=<optimized out>) at ./Include/cpython/abstract.h:127
#35 call_function (kwnames=0x7f7c5c0c32e0, oparg=<optimized out>, pp_stack=<synthetic pointer>, tstate=0x1c90180) at Python/ceval.c:5077
#36 _PyEval_EvalFrameDefault (tstate=<optimized out>, f=<optimized out>, throwflag=<optimized out>) at Python/ceval.c:3537
#37 0x00007f7c5c59ea91 in _PyEval_EvalFrame (throwflag=0, f=0x1ce4040, tstate=0x1c90180) at ./Include/internal/pycore_ceval.h:40
#38 _PyEval_EvalCode (tstate=0x1c90180, _co=_co
entry=0x7f7c5c1383a0, globals=globals
entry=0x7f7c5c15a3c0, locals=locals
entry=0x7f7c5c15a3c0, args=args
entry=0x0, argcount=argcount
entry=0, kwnames=0x0, kwargs=0x0, kwcount=0, kwstep=2, defs=0x0, defcount=0, kwdefs=0x0, closure=0x0, name=0x0, qualname=0x0) at Python/ceval.c:4329
#39 0x00007f7c5c59ee32 in _PyEval_EvalCodeWithName (_co=_co
entry=0x7f7c5c1383a0, globals=globals
entry=0x7f7c5c15a3c0, locals=locals
entry=0x7f7c5c15a3c0, args=args
entry=0x0, argcount=argcount
entry=0, kwnames=kwnames
entry=0x0, kwargs=0x0, kwcount=0, kwstep=2, defs=0x0, defcount=0, kwdefs=0x0, closure=0x0, name=0x0, qualname=0x0) at Python/ceval.c:4361
#40 0x00007f7c5c59ee7b in PyEval_EvalCodeEx (_co=_co
entry=0x7f7c5c1383a0, globals=globals
entry=0x7f7c5c15a3c0, locals=locals
entry=0x7f7c5c15a3c0, args=args
entry=0x0, argcount=argcount
entry=0, kws=kws
entry=0x0, kwcount=0, defs=0x0, defcount=0, kwdefs=0x0, closure=0x0) at Python/ceval.c:4377
#41 0x00007f7c5c59eeab in PyEval_EvalCode (co=co
entry=0x7f7c5c1383a0, globals=globals
entry=0x7f7c5c15a3c0, locals=locals
entry=0x7f7c5c15a3c0) at Python/ceval.c:828
#42 0x00007f7c5c5de3a9 in run_eval_code_obj (locals=0x7f7c5c15a3c0, globals=0x7f7c5c15a3c0, co=0x7f7c5c1383a0, tstate=0x1c90180) at Python/pythonrun.c:1221
#43 run_mod (mod=<optimized out>, filename=filename
entry=0x7f7c5c0c5390, globals=globals
entry=0x7f7c5c15a3c0, locals=locals
entry=0x7f7c5c15a3c0, flags=flags
entry=0x7ffc4082d108, arena=arena
entry=0x7f7c5bf75fd0) at Python/pythonrun.c:1242
#44 0x00007f7c5c5dfdf2 in pyrun_file (flags=0x7ffc4082d108, closeit=1, locals=0x7f7c5c15a3c0, globals=0x7f7c5c15a3c0, start=257, filename=0x7f7c5c0c5390, fp=0x1ce30f0) at Python/pythonrun.c:1140
#45 pyrun_simple_file (flags=0x7ffc4082d108, closeit=1, filename=0x7f7c5c0c5390, fp=0x1ce30f0) at Python/pythonrun.c:450
#46 PyRun_SimpleFileExFlags (fp=fp
entry=0x1ce30f0, filename=<optimized out>, closeit=closeit
entry=1, flags=flags
entry=0x7ffc4082d108) at Python/pythonrun.c:483
#47 0x00007f7c5c5e0453 in PyRun_AnyFileExFlags (fp=fp
entry=0x1ce30f0, filename=<optimized out>, closeit=closeit
entry=1, flags=flags
entry=0x7ffc4082d108) at Python/pythonrun.c:92
#48 0x00007f7c5c5fde28 in pymain_run_file (cf=0x7ffc4082d108, config=0x1c8df60) at Modules/main.c:373
#49 pymain_run_python (exitcode=0x7ffc4082d100) at Modules/main.c:598
#50 Py_RunMain () at Modules/main.c:677
#51 0x00007f7c5c5fe347 in pymain_main (args=0x7ffc4082d1f0) at Modules/main.c:707
#52 Py_BytesMain (argc=<optimized out>, argv=<optimized out>) at Modules/main.c:731
#53 0x00007f7c5c220590 in __libc_start_call_main () from /lib64/libc.so.6
#54 0x00007f7c5c220640 in __libc_start_main_impl () from /lib64/libc.so.6
#55 0x0000000000401075 in _start ()
===========================================================


The lines below might hint at the cause of the crash. If you see question
marks as part of the stack trace, try to recompile with debugging information
enabled and export CLING_DEBUG=1 environment variable before running.
You may get help by asking at the ROOT forum https://root.cern/forum
preferably using the command (.forum bug) in the ROOT prompt.
Only if you are really convinced it is a bug in ROOT then please submit a
report at https://root.cern/bugs or (preferably) using the command (.gh bug) in
the ROOT prompt. Please post the ENTIRE stack trace
from above as an attachment in addition to anything else
that might help us fixing this issue.
===========================================================
#6  0x00007f7c37b0364d in RooStats::ModelConfig::SetHasOnlyParameters(RooArgSet const&, char const*) () from /cvmfs/cms.cern.ch/el9_amd64_gcc12/lcg/root/6.30.07-8b1a11e1ef0e074fdfd44e162b27e71c/lib/libRooFitCore.so
#7  0x00007f7c37b09d30 in RooStats::ModelConfig::SetObservables(RooArgSet const&) () from /cvmfs/cms.cern.ch/el9_amd64_gcc12/lcg/root/6.30.07-8b1a11e1ef0e074fdfd44e162b27e71c/lib/libRooFitCore.so
#8  0x00007f7c360b7013 in ?? ()
#9  0x0000000000000001 in ?? ()
#10 0x00007f7c5bcaa078 in WrapperCall(long, unsigned long, void*, void*, void*) () from /cvmfs/cms.cern.ch/el9_amd64_gcc12/lcg/root/6.30.07-8b1a11e1ef0e074fdfd44e162b27e71c/lib/libcppyy_backend3_9.so
#11 0x00007f7c5bd2be97 in CPyCppyy::(anonymous namespace)::VoidExecutor::Execute(long, void*, CPyCppyy::CallContext*) () from /cvmfs/cms.cern.ch/el9_amd64_gcc12/lcg/root/6.30.07-8b1a11e1ef0e074fdfd44e162b27e71c/lib/libcppyy3_9.so
#12 0x00007f7c5bd17f87 in CPyCppyy::CPPMethod::ExecuteFast(void*, long, CPyCppyy::CallContext*) [clone .isra.0] () from /cvmfs/cms.cern.ch/el9_amd64_gcc12/lcg/root/6.30.07-8b1a11e1ef0e074fdfd44e162b27e71c/lib/libcppyy3_9.so
#13 0x00007f7c5bd19316 in CPyCppyy::CPPMethod::Execute(void*, long, CPyCppyy::CallContext*) () from /cvmfs/cms.cern.ch/el9_amd64_gcc12/lcg/root/6.30.07-8b1a11e1ef0e074fdfd44e162b27e71c/lib/libcppyy3_9.so
#14 0x00007f7c5bd1a0cf in CPyCppyy::CPPMethod::Call(CPyCppyy::CPPInstance*&, _object*, _object*, CPyCppyy::CallContext*) () from /cvmfs/cms.cern.ch/el9_amd64_gcc12/lcg/root/6.30.07-8b1a11e1ef0e074fdfd44e162b27e71c/lib/libcppyy3_9.so
#15 0x00007f7c5bd1ee9a in CPyCppyy::(anonymous namespace)::mp_call(CPyCppyy::CPPOverload*, _object*, _object*) () from /cvmfs/cms.cern.ch/el9_amd64_gcc12/lcg/root/6.30.07-8b1a11e1ef0e074fdfd44e162b27e71c/lib/libcppyy3_9.so
#16 0x00007f7c5c4b786e in _PyObject_MakeTpCall (tstate=0x1c90180, callable=callable
entry=0x7f7c380c3a00, args=args
entry=0xa3bcc90, nargs=1, keywords=keywords
entry=0x0) at Objects/call.c:191
#17 0x00007f7c5c46e50a in _PyObject_VectorcallTstate (kwnames=0x0, nargsf=9223372036854775809, args=0xa3bcc90, callable=0x7f7c380c3a00, tstate=<optimized out>) at ./Include/cpython/abstract.h:116
#18 _PyObject_VectorcallTstate (kwnames=0x0, nargsf=9223372036854775809, args=0xa3bcc90, callable=0x7f7c380c3a00, tstate=<optimized out>) at ./Include/cpython/abstract.h:103
#19 PyObject_Vectorcall (kwnames=0x0, nargsf=9223372036854775809, args=<optimized out>, callable=0x7f7c380c3a00) at ./Include/cpython/abstract.h:127
#20 call_function (kwnames=0x0, oparg=1, pp_stack=<synthetic pointer>, tstate=0x1c90180) at Python/ceval.c:5077
#21 _PyEval_EvalFrameDefault (tstate=<optimized out>, f=<optimized out>, throwflag=<optimized out>) at Python/ceval.c:3489
#22 0x00007f7c5c4659fb in _PyEval_EvalFrame (throwflag=0, f=0xa3bcab0, tstate=0x1c90180) at ./Include/internal/pycore_ceval.h:40
#23 function_code_fastcall (tstate=0x1c90180, co=<optimized out>, args=<optimized out>, nargs=1, globals=<optimized out>) at Objects/call.c:330
#24 0x00007f7c5c46cd0f in _PyObject_VectorcallTstate (kwnames=0x0, nargsf=<optimized out>, args=0x7f7c380d1740, callable=0x7f7c5bd92700, tstate=0x1c90180) at ./Include/cpython/abstract.h:118
#25 PyObject_Vectorcall (kwnames=0x0, nargsf=<optimized out>, args=<optimized out>, callable=<optimized out>) at ./Include/cpython/abstract.h:127
#26 call_function (kwnames=0x0, oparg=<optimized out>, pp_stack=<synthetic pointer>, tstate=0x1c90180) at Python/ceval.c:5077
#27 _PyEval_EvalFrameDefault (tstate=<optimized out>, f=<optimized out>, throwflag=<optimized out>) at Python/ceval.c:3506
#28 0x00007f7c5c59ea91 in _PyEval_EvalFrame (throwflag=0, f=0x7f7c380d15b0, tstate=0x1c90180) at ./Include/internal/pycore_ceval.h:40
#29 _PyEval_EvalCode (tstate=tstate
entry=0x1c90180, _co=<optimized out>, globals=<optimized out>, locals=locals
entry=0x0, args=<optimized out>, argcount=1, kwnames=0x7f7c5c0c32f8, kwargs=0x1ce41b0, kwcount=1, kwstep=1, defs=0x7f7c5ada9808, defcount=1, kwdefs=0x0, closure=0x0, name=0x7f7c5bf257b0, qualname=0x7f7c4d8c3760) at Python/ceval.c:4329
#30 0x00007f7c5c4b769d in _PyFunction_Vectorcall (func=<optimized out>, stack=<optimized out>, nargsf=<optimized out>, kwnames=<optimized out>) at Objects/call.c:396
#31 0x00007f7c5c4ba198 in _PyObject_VectorcallTstate (kwnames=0x7f7c5c0c32e0, nargsf=1, args=0x1ce41a8, callable=0x7f7c4d8c7f70, tstate=0x1c90180) at ./Include/cpython/abstract.h:118
#32 method_vectorcall (method=<optimized out>, args=0x1ce41b0, nargsf=<optimized out>, kwnames=0x7f7c5c0c32e0) at Objects/classobject.c:53
#33 0x00007f7c5c46bde6 in _PyObject_VectorcallTstate (kwnames=0x7f7c5c0c32e0, nargsf=9223372036854775808, args=0x1ce41b0, callable=0x7f7c380e3780, tstate=0x1c90180) at ./Include/cpython/abstract.h:118
#34 PyObject_Vectorcall (kwnames=0x7f7c5c0c32e0, nargsf=9223372036854775808, args=0x1ce41b0, callable=<optimized out>) at ./Include/cpython/abstract.h:127
#35 call_function (kwnames=0x7f7c5c0c32e0, oparg=<optimized out>, pp_stack=<synthetic pointer>, tstate=0x1c90180) at Python/ceval.c:5077
#36 _PyEval_EvalFrameDefault (tstate=<optimized out>, f=<optimized out>, throwflag=<optimized out>) at Python/ceval.c:3537
#37 0x00007f7c5c59ea91 in _PyEval_EvalFrame (throwflag=0, f=0x1ce4040, tstate=0x1c90180) at ./Include/internal/pycore_ceval.h:40
#38 _PyEval_EvalCode (tstate=0x1c90180, _co=_co
entry=0x7f7c5c1383a0, globals=globals
entry=0x7f7c5c15a3c0, locals=locals
entry=0x7f7c5c15a3c0, args=args
entry=0x0, argcount=argcount
entry=0, kwnames=0x0, kwargs=0x0, kwcount=0, kwstep=2, defs=0x0, defcount=0, kwdefs=0x0, closure=0x0, name=0x0, qualname=0x0) at Python/ceval.c:4329
#39 0x00007f7c5c59ee32 in _PyEval_EvalCodeWithName (_co=_co
entry=0x7f7c5c1383a0, globals=globals
entry=0x7f7c5c15a3c0, locals=locals
entry=0x7f7c5c15a3c0, args=args
entry=0x0, argcount=argcount
entry=0, kwnames=kwnames
entry=0x0, kwargs=0x0, kwcount=0, kwstep=2, defs=0x0, defcount=0, kwdefs=0x0, closure=0x0, name=0x0, qualname=0x0) at Python/ceval.c:4361
#40 0x00007f7c5c59ee7b in PyEval_EvalCodeEx (_co=_co
entry=0x7f7c5c1383a0, globals=globals
entry=0x7f7c5c15a3c0, locals=locals
entry=0x7f7c5c15a3c0, args=args
entry=0x0, argcount=argcount
entry=0, kws=kws
entry=0x0, kwcount=0, defs=0x0, defcount=0, kwdefs=0x0, closure=0x0) at Python/ceval.c:4377
#41 0x00007f7c5c59eeab in PyEval_EvalCode (co=co
entry=0x7f7c5c1383a0, globals=globals
entry=0x7f7c5c15a3c0, locals=locals
entry=0x7f7c5c15a3c0) at Python/ceval.c:828
#42 0x00007f7c5c5de3a9 in run_eval_code_obj (locals=0x7f7c5c15a3c0, globals=0x7f7c5c15a3c0, co=0x7f7c5c1383a0, tstate=0x1c90180) at Python/pythonrun.c:1221
#43 run_mod (mod=<optimized out>, filename=filename
entry=0x7f7c5c0c5390, globals=globals
entry=0x7f7c5c15a3c0, locals=locals
entry=0x7f7c5c15a3c0, flags=flags
entry=0x7ffc4082d108, arena=arena
entry=0x7f7c5bf75fd0) at Python/pythonrun.c:1242
#44 0x00007f7c5c5dfdf2 in pyrun_file (flags=0x7ffc4082d108, closeit=1, locals=0x7f7c5c15a3c0, globals=0x7f7c5c15a3c0, start=257, filename=0x7f7c5c0c5390, fp=0x1ce30f0) at Python/pythonrun.c:1140
#45 pyrun_simple_file (flags=0x7ffc4082d108, closeit=1, filename=0x7f7c5c0c5390, fp=0x1ce30f0) at Python/pythonrun.c:450
#46 PyRun_SimpleFileExFlags (fp=fp
entry=0x1ce30f0, filename=<optimized out>, closeit=closeit
entry=1, flags=flags
entry=0x7ffc4082d108) at Python/pythonrun.c:483
#47 0x00007f7c5c5e0453 in PyRun_AnyFileExFlags (fp=fp
entry=0x1ce30f0, filename=<optimized out>, closeit=closeit
entry=1, flags=flags
entry=0x7ffc4082d108) at Python/pythonrun.c:92
#48 0x00007f7c5c5fde28 in pymain_run_file (cf=0x7ffc4082d108, config=0x1c8df60) at Modules/main.c:373
#49 pymain_run_python (exitcode=0x7ffc4082d100) at Modules/main.c:598
#50 Py_RunMain () at Modules/main.c:677
#51 0x00007f7c5c5fe347 in pymain_main (args=0x7ffc4082d1f0) at Modules/main.c:707
#52 Py_BytesMain (argc=<optimized out>, argv=<optimized out>) at Modules/main.c:731
#53 0x00007f7c5c220590 in __libc_start_call_main () from /lib64/libc.so.6
#54 0x00007f7c5c220640 in __libc_start_main_impl () from /lib64/libc.so.6
#55 0x0000000000401075 in _start ()
===========================================================


Error when running the combination:
	File /home/submit/lavezzo/SUEP/CMSSW_14_1_0_pre4/src/SUEPLimits/cards/WH_11_20_fixed_noShape/cards-SUEP_mS125.000_mPhi4.000_T4.000_modegeneric/combined.root does not exist

 ----------------- 

/tmp/submit_higgsCombineSUEP_mS125.000_mPhi4.000_T8.000_modegeneric.AsymptoticLimits.mH125.sh: line 20: warning: here-document at line 7 delimited by end-of-file (wanted `EOF')
Traceback (most recent call last):
  File "/home/submit/lavezzo/SUEP/CMSSW_14_1_0_pre4/bin/el9_amd64_gcc12/combineCards.py", line 162, in <module>
    file = open(fname, "r")
FileNotFoundError: [Errno 2] No such file or directory: 'cards-SUEP_mS125.000_mPhi4.000_T8.000_modegeneric/shapes-GJHScrA2018.dat'
 *** Break *** segmentation violation



===========================================================
There was a crash.
This is the entire stack trace of all threads:
===========================================================

Thread 9 (Thread 0x7f6d6822e640 (LWP 1456150) "python3"):
#0  0x00007f6d8aa7d79a in __futex_abstimed_wait_common () from /lib64/libc.so.6
#1  0x00007f6d8aa7ffa0 in pthread_cond_wait

GLIBC_2.3.2 () from /lib64/libc.so.6
#2  0x00007f6d6d0f904f in th_worker (tidptr=<optimized out>) at numexpr/module.cpp:60
#3  0x00007f6d8aa80c02 in start_thread () from /lib64/libc.so.6
#4  0x00007f6d8ab05c40 in clone3 () from /lib64/libc.so.6

Thread 8 (Thread 0x7f6d68a2f640 (LWP 1456148) "python3"):
#0  0x00007f6d8aa7d79a in __futex_abstimed_wait_common () from /lib64/libc.so.6
#1  0x00007f6d8aa7ffa0 in pthread_cond_wait

GLIBC_2.3.2 () from /lib64/libc.so.6
#2  0x00007f6d6d0f904f in th_worker (tidptr=<optimized out>) at numexpr/module.cpp:60
#3  0x00007f6d8aa80c02 in start_thread () from /lib64/libc.so.6
#4  0x00007f6d8ab05c40 in clone3 () from /lib64/libc.so.6

Thread 7 (Thread 0x7f6d69230640 (LWP 1456146) "python3"):
#0  0x00007f6d8aa7d79a in __futex_abstimed_wait_common () from /lib64/libc.so.6
#1  0x00007f6d8aa7ffa0 in pthread_cond_wait

GLIBC_2.3.2 () from /lib64/libc.so.6
#2  0x00007f6d6d0f904f in th_worker (tidptr=<optimized out>) at numexpr/module.cpp:60
#3  0x00007f6d8aa80c02 in start_thread () from /lib64/libc.so.6
#4  0x00007f6d8ab05c40 in clone3 () from /lib64/libc.so.6

Thread 6 (Thread 0x7f6d69a31640 (LWP 1456144) "python3"):
#0  0x00007f6d8aa7d79a in __futex_abstimed_wait_common () from /lib64/libc.so.6
#1  0x00007f6d8aa7ffa0 in pthread_cond_wait

GLIBC_2.3.2 () from /lib64/libc.so.6
#2  0x00007f6d6d0f904f in th_worker (tidptr=<optimized out>) at numexpr/module.cpp:60
#3  0x00007f6d8aa80c02 in start_thread () from /lib64/libc.so.6
#4  0x00007f6d8ab05c40 in clone3 () from /lib64/libc.so.6

Thread 5 (Thread 0x7f6d6a232640 (LWP 1456142) "python3"):
#0  0x00007f6d8aa7d79a in __futex_abstimed_wait_common () from /lib64/libc.so.6
#1  0x00007f6d8aa7ffa0 in pthread_cond_wait

GLIBC_2.3.2 () from /lib64/libc.so.6
#2  0x00007f6d6d0f904f in th_worker (tidptr=<optimized out>) at numexpr/module.cpp:60
#3  0x00007f6d8aa80c02 in start_thread () from /lib64/libc.so.6
#4  0x00007f6d8ab05c40 in clone3 () from /lib64/libc.so.6

Thread 4 (Thread 0x7f6d6aa33640 (LWP 1456139) "python3"):
#0  0x00007f6d8aa7d79a in __futex_abstimed_wait_common () from /lib64/libc.so.6
#1  0x00007f6d8aa7ffa0 in pthread_cond_wait

GLIBC_2.3.2 () from /lib64/libc.so.6
#2  0x00007f6d6d0f904f in th_worker (tidptr=<optimized out>) at numexpr/module.cpp:60
#3  0x00007f6d8aa80c02 in start_thread () from /lib64/libc.so.6
#4  0x00007f6d8ab05c40 in clone3 () from /lib64/libc.so.6

Thread 3 (Thread 0x7f6d6b234640 (LWP 1456136) "python3"):
#0  0x00007f6d8aa7d79a in __futex_abstimed_wait_common () from /lib64/libc.so.6
#1  0x00007f6d8aa7ffa0 in pthread_cond_wait

GLIBC_2.3.2 () from /lib64/libc.so.6
#2  0x00007f6d6d0f904f in th_worker (tidptr=<optimized out>) at numexpr/module.cpp:60
#3  0x00007f6d8aa80c02 in start_thread () from /lib64/libc.so.6
#4  0x00007f6d8ab05c40 in clone3 () from /lib64/libc.so.6

Thread 2 (Thread 0x7f6d6ba35640 (LWP 1456128) "python3"):
#0  0x00007f6d8aa7d79a in __futex_abstimed_wait_common () from /lib64/libc.so.6
#1  0x00007f6d8aa7ffa0 in pthread_cond_wait

GLIBC_2.3.2 () from /lib64/libc.so.6
#2  0x00007f6d6d0f904f in th_worker (tidptr=<optimized out>) at numexpr/module.cpp:60
#3  0x00007f6d8aa80c02 in start_thread () from /lib64/libc.so.6
#4  0x00007f6d8ab05c40 in clone3 () from /lib64/libc.so.6

Thread 1 (Thread 0x7f6d8afd9740 (LWP 1449404) "python3"):
#0  0x00007f6d8aacfa3f in wait4 () from /lib64/libc.so.6
#1  0x00007f6d8aa42243 in do_system () from /lib64/libc.so.6
#2  0x00007f6d8a16743d in TUnixSystem::StackTrace() () from /cvmfs/cms.cern.ch/el9_amd64_gcc12/lcg/root/6.30.07-8b1a11e1ef0e074fdfd44e162b27e71c/lib/libCore.so
#3  0x00007f6d8a44e5a3 in (anonymous namespace)::TExceptionHandlerImp::HandleException(int) () from /cvmfs/cms.cern.ch/el9_amd64_gcc12/lcg/root/6.30.07-8b1a11e1ef0e074fdfd44e162b27e71c/lib/libcppyy_backend3_9.so
#4  0x00007f6d8a166c71 in TUnixSystem::DispatchSignals(ESignals) () from /cvmfs/cms.cern.ch/el9_amd64_gcc12/lcg/root/6.30.07-8b1a11e1ef0e074fdfd44e162b27e71c/lib/libCore.so
#5  <signal handler called>
#6  0x00007f6d6630364d in RooStats::ModelConfig::SetHasOnlyParameters(RooArgSet const&, char const*) () from /cvmfs/cms.cern.ch/el9_amd64_gcc12/lcg/root/6.30.07-8b1a11e1ef0e074fdfd44e162b27e71c/lib/libRooFitCore.so
#7  0x00007f6d66309d30 in RooStats::ModelConfig::SetObservables(RooArgSet const&) () from /cvmfs/cms.cern.ch/el9_amd64_gcc12/lcg/root/6.30.07-8b1a11e1ef0e074fdfd44e162b27e71c/lib/libRooFitCore.so
#8  0x00007f6d64d66013 in ?? ()
#9  0x0000000000000001 in ?? ()
#10 0x00007f6d8a44f078 in WrapperCall(long, unsigned long, void*, void*, void*) () from /cvmfs/cms.cern.ch/el9_amd64_gcc12/lcg/root/6.30.07-8b1a11e1ef0e074fdfd44e162b27e71c/lib/libcppyy_backend3_9.so
#11 0x00007f6d8a4d0e97 in CPyCppyy::(anonymous namespace)::VoidExecutor::Execute(long, void*, CPyCppyy::CallContext*) () from /cvmfs/cms.cern.ch/el9_amd64_gcc12/lcg/root/6.30.07-8b1a11e1ef0e074fdfd44e162b27e71c/lib/libcppyy3_9.so
#12 0x00007f6d8a4bcf87 in CPyCppyy::CPPMethod::ExecuteFast(void*, long, CPyCppyy::CallContext*) [clone .isra.0] () from /cvmfs/cms.cern.ch/el9_amd64_gcc12/lcg/root/6.30.07-8b1a11e1ef0e074fdfd44e162b27e71c/lib/libcppyy3_9.so
#13 0x00007f6d8a4be316 in CPyCppyy::CPPMethod::Execute(void*, long, CPyCppyy::CallContext*) () from /cvmfs/cms.cern.ch/el9_amd64_gcc12/lcg/root/6.30.07-8b1a11e1ef0e074fdfd44e162b27e71c/lib/libcppyy3_9.so
#14 0x00007f6d8a4bf0cf in CPyCppyy::CPPMethod::Call(CPyCppyy::CPPInstance*&, _object*, _object*, CPyCppyy::CallContext*) () from /cvmfs/cms.cern.ch/el9_amd64_gcc12/lcg/root/6.30.07-8b1a11e1ef0e074fdfd44e162b27e71c/lib/libcppyy3_9.so
#15 0x00007f6d8a4c3e9a in CPyCppyy::(anonymous namespace)::mp_call(CPyCppyy::CPPOverload*, _object*, _object*) () from /cvmfs/cms.cern.ch/el9_amd64_gcc12/lcg/root/6.30.07-8b1a11e1ef0e074fdfd44e162b27e71c/lib/libcppyy3_9.so
#16 0x00007f6d8acb786e in _PyObject_MakeTpCall (tstate=0x1db8180, callable=callable
entry=0x7f6d6682ca00, args=args
entry=0xa46a6c0, nargs=1, keywords=keywords
entry=0x0) at Objects/call.c:191
#17 0x00007f6d8ac6e50a in _PyObject_VectorcallTstate (kwnames=0x0, nargsf=9223372036854775809, args=0xa46a6c0, callable=0x7f6d6682ca00, tstate=<optimized out>) at ./Include/cpython/abstract.h:116
#18 _PyObject_VectorcallTstate (kwnames=0x0, nargsf=9223372036854775809, args=0xa46a6c0, callable=0x7f6d6682ca00, tstate=<optimized out>) at ./Include/cpython/abstract.h:103
#19 PyObject_Vectorcall (kwnames=0x0, nargsf=9223372036854775809, args=<optimized out>, callable=0x7f6d6682ca00) at ./Include/cpython/abstract.h:127
#20 call_function (kwnames=0x0, oparg=1, pp_stack=<synthetic pointer>, tstate=0x1db8180) at Python/ceval.c:5077
#21 _PyEval_EvalFrameDefault (tstate=<optimized out>, f=<optimized out>, throwflag=<optimized out>) at Python/ceval.c:3489
#22 0x00007f6d8ac659fb in _PyEval_EvalFrame (throwflag=0, f=0xa46a4e0, tstate=0x1db8180) at ./Include/internal/pycore_ceval.h:40
#23 function_code_fastcall (tstate=0x1db8180, co=<optimized out>, args=<optimized out>, nargs=1, globals=<optimized out>) at Objects/call.c:330
#24 0x00007f6d8ac6cd0f in _PyObject_VectorcallTstate (kwnames=0x0, nargsf=<optimized out>, args=0x7f6d6683a740, callable=0x7f6d8a537700, tstate=0x1db8180) at ./Include/cpython/abstract.h:118
#25 PyObject_Vectorcall (kwnames=0x0, nargsf=<optimized out>, args=<optimized out>, callable=<optimized out>) at ./Include/cpython/abstract.h:127
#26 call_function (kwnames=0x0, oparg=<optimized out>, pp_stack=<synthetic pointer>, tstate=0x1db8180) at Python/ceval.c:5077
#27 _PyEval_EvalFrameDefault (tstate=<optimized out>, f=<optimized out>, throwflag=<optimized out>) at Python/ceval.c:3506
#28 0x00007f6d8ad9ea91 in _PyEval_EvalFrame (throwflag=0, f=0x7f6d6683a5b0, tstate=0x1db8180) at ./Include/internal/pycore_ceval.h:40
#29 _PyEval_EvalCode (tstate=tstate
entry=0x1db8180, _co=<optimized out>, globals=<optimized out>, locals=locals
entry=0x0, args=<optimized out>, argcount=1, kwnames=0x7f6d8a8432f8, kwargs=0x1e0c1b0, kwcount=1, kwstep=1, defs=0x7f6d83bba808, defcount=1, kwdefs=0x0, closure=0x0, name=0x7f6d8a6ca7f0, qualname=0x7f6d74daf710) at Python/ceval.c:4329
#30 0x00007f6d8acb769d in _PyFunction_Vectorcall (func=<optimized out>, stack=<optimized out>, nargsf=<optimized out>, kwnames=<optimized out>) at Objects/call.c:396
#31 0x00007f6d8acba198 in _PyObject_VectorcallTstate (kwnames=0x7f6d8a8432e0, nargsf=1, args=0x1e0c1a8, callable=0x7f6d74db3f70, tstate=0x1db8180) at ./Include/cpython/abstract.h:118
#32 method_vectorcall (method=<optimized out>, args=0x1e0c1b0, nargsf=<optimized out>, kwnames=0x7f6d8a8432e0) at Objects/classobject.c:53
#33 0x00007f6d8ac6bde6 in _PyObject_VectorcallTstate (kwnames=0x7f6d8a8432e0, nargsf=9223372036854775808, args=0x1e0c1b0, callable=0x7f6d6684c6c0, tstate=0x1db8180) at ./Include/cpython/abstract.h:118
#34 PyObject_Vectorcall (kwnames=0x7f6d8a8432e0, nargsf=9223372036854775808, args=0x1e0c1b0, callable=<optimized out>) at ./Include/cpython/abstract.h:127
#35 call_function (kwnames=0x7f6d8a8432e0, oparg=<optimized out>, pp_stack=<synthetic pointer>, tstate=0x1db8180) at Python/ceval.c:5077
#36 _PyEval_EvalFrameDefault (tstate=<optimized out>, f=<optimized out>, throwflag=<optimized out>) at Python/ceval.c:3537
#37 0x00007f6d8ad9ea91 in _PyEval_EvalFrame (throwflag=0, f=0x1e0c040, tstate=0x1db8180) at ./Include/internal/pycore_ceval.h:40
#38 _PyEval_EvalCode (tstate=0x1db8180, _co=_co
entry=0x7f6d8a8b83a0, globals=globals
entry=0x7f6d8a8da3c0, locals=locals
entry=0x7f6d8a8da3c0, args=args
entry=0x0, argcount=argcount
entry=0, kwnames=0x0, kwargs=0x0, kwcount=0, kwstep=2, defs=0x0, defcount=0, kwdefs=0x0, closure=0x0, name=0x0, qualname=0x0) at Python/ceval.c:4329
#39 0x00007f6d8ad9ee32 in _PyEval_EvalCodeWithName (_co=_co
entry=0x7f6d8a8b83a0, globals=globals
entry=0x7f6d8a8da3c0, locals=locals
entry=0x7f6d8a8da3c0, args=args
entry=0x0, argcount=argcount
entry=0, kwnames=kwnames
entry=0x0, kwargs=0x0, kwcount=0, kwstep=2, defs=0x0, defcount=0, kwdefs=0x0, closure=0x0, name=0x0, qualname=0x0) at Python/ceval.c:4361
#40 0x00007f6d8ad9ee7b in PyEval_EvalCodeEx (_co=_co
entry=0x7f6d8a8b83a0, globals=globals
entry=0x7f6d8a8da3c0, locals=locals
entry=0x7f6d8a8da3c0, args=args
entry=0x0, argcount=argcount
entry=0, kws=kws
entry=0x0, kwcount=0, defs=0x0, defcount=0, kwdefs=0x0, closure=0x0) at Python/ceval.c:4377
#41 0x00007f6d8ad9eeab in PyEval_EvalCode (co=co
entry=0x7f6d8a8b83a0, globals=globals
entry=0x7f6d8a8da3c0, locals=locals
entry=0x7f6d8a8da3c0) at Python/ceval.c:828
#42 0x00007f6d8adde3a9 in run_eval_code_obj (locals=0x7f6d8a8da3c0, globals=0x7f6d8a8da3c0, co=0x7f6d8a8b83a0, tstate=0x1db8180) at Python/pythonrun.c:1221
#43 run_mod (mod=<optimized out>, filename=filename
entry=0x7f6d8a845390, globals=globals
entry=0x7f6d8a8da3c0, locals=locals
entry=0x7f6d8a8da3c0, flags=flags
entry=0x7ffd238648f8, arena=arena
entry=0x7f6d8a71afd0) at Python/pythonrun.c:1242
#44 0x00007f6d8addfdf2 in pyrun_file (flags=0x7ffd238648f8, closeit=1, locals=0x7f6d8a8da3c0, globals=0x7f6d8a8da3c0, start=257, filename=0x7f6d8a845390, fp=0x1e0b0f0) at Python/pythonrun.c:1140
#45 pyrun_simple_file (flags=0x7ffd238648f8, closeit=1, filename=0x7f6d8a845390, fp=0x1e0b0f0) at Python/pythonrun.c:450
#46 PyRun_SimpleFileExFlags (fp=fp
entry=0x1e0b0f0, filename=<optimized out>, closeit=closeit
entry=1, flags=flags
entry=0x7ffd238648f8) at Python/pythonrun.c:483
#47 0x00007f6d8ade0453 in PyRun_AnyFileExFlags (fp=fp
entry=0x1e0b0f0, filename=<optimized out>, closeit=closeit
entry=1, flags=flags
entry=0x7ffd238648f8) at Python/pythonrun.c:92
#48 0x00007f6d8adfde28 in pymain_run_file (cf=0x7ffd238648f8, config=0x1db5f60) at Modules/main.c:373
#49 pymain_run_python (exitcode=0x7ffd238648f0) at Modules/main.c:598
#50 Py_RunMain () at Modules/main.c:677
#51 0x00007f6d8adfe347 in pymain_main (args=0x7ffd238649e0) at Modules/main.c:707
#52 Py_BytesMain (argc=<optimized out>, argv=<optimized out>) at Modules/main.c:731
#53 0x00007f6d8aa20590 in __libc_start_call_main () from /lib64/libc.so.6
#54 0x00007f6d8aa20640 in __libc_start_main_impl () from /lib64/libc.so.6
#55 0x0000000000401075 in _start ()
===========================================================


The lines below might hint at the cause of the crash. If you see question
marks as part of the stack trace, try to recompile with debugging information
enabled and export CLING_DEBUG=1 environment variable before running.
You may get help by asking at the ROOT forum https://root.cern/forum
preferably using the command (.forum bug) in the ROOT prompt.
Only if you are really convinced it is a bug in ROOT then please submit a
report at https://root.cern/bugs or (preferably) using the command (.gh bug) in
the ROOT prompt. Please post the ENTIRE stack trace
from above as an attachment in addition to anything else
that might help us fixing this issue.
===========================================================
#6  0x00007f6d6630364d in RooStats::ModelConfig::SetHasOnlyParameters(RooArgSet const&, char const*) () from /cvmfs/cms.cern.ch/el9_amd64_gcc12/lcg/root/6.30.07-8b1a11e1ef0e074fdfd44e162b27e71c/lib/libRooFitCore.so
#7  0x00007f6d66309d30 in RooStats::ModelConfig::SetObservables(RooArgSet const&) () from /cvmfs/cms.cern.ch/el9_amd64_gcc12/lcg/root/6.30.07-8b1a11e1ef0e074fdfd44e162b27e71c/lib/libRooFitCore.so
#8  0x00007f6d64d66013 in ?? ()
#9  0x0000000000000001 in ?? ()
#10 0x00007f6d8a44f078 in WrapperCall(long, unsigned long, void*, void*, void*) () from /cvmfs/cms.cern.ch/el9_amd64_gcc12/lcg/root/6.30.07-8b1a11e1ef0e074fdfd44e162b27e71c/lib/libcppyy_backend3_9.so
#11 0x00007f6d8a4d0e97 in CPyCppyy::(anonymous namespace)::VoidExecutor::Execute(long, void*, CPyCppyy::CallContext*) () from /cvmfs/cms.cern.ch/el9_amd64_gcc12/lcg/root/6.30.07-8b1a11e1ef0e074fdfd44e162b27e71c/lib/libcppyy3_9.so
#12 0x00007f6d8a4bcf87 in CPyCppyy::CPPMethod::ExecuteFast(void*, long, CPyCppyy::CallContext*) [clone .isra.0] () from /cvmfs/cms.cern.ch/el9_amd64_gcc12/lcg/root/6.30.07-8b1a11e1ef0e074fdfd44e162b27e71c/lib/libcppyy3_9.so
#13 0x00007f6d8a4be316 in CPyCppyy::CPPMethod::Execute(void*, long, CPyCppyy::CallContext*) () from /cvmfs/cms.cern.ch/el9_amd64_gcc12/lcg/root/6.30.07-8b1a11e1ef0e074fdfd44e162b27e71c/lib/libcppyy3_9.so
#14 0x00007f6d8a4bf0cf in CPyCppyy::CPPMethod::Call(CPyCppyy::CPPInstance*&, _object*, _object*, CPyCppyy::CallContext*) () from /cvmfs/cms.cern.ch/el9_amd64_gcc12/lcg/root/6.30.07-8b1a11e1ef0e074fdfd44e162b27e71c/lib/libcppyy3_9.so
#15 0x00007f6d8a4c3e9a in CPyCppyy::(anonymous namespace)::mp_call(CPyCppyy::CPPOverload*, _object*, _object*) () from /cvmfs/cms.cern.ch/el9_amd64_gcc12/lcg/root/6.30.07-8b1a11e1ef0e074fdfd44e162b27e71c/lib/libcppyy3_9.so
#16 0x00007f6d8acb786e in _PyObject_MakeTpCall (tstate=0x1db8180, callable=callable
entry=0x7f6d6682ca00, args=args
entry=0xa46a6c0, nargs=1, keywords=keywords
entry=0x0) at Objects/call.c:191
#17 0x00007f6d8ac6e50a in _PyObject_VectorcallTstate (kwnames=0x0, nargsf=9223372036854775809, args=0xa46a6c0, callable=0x7f6d6682ca00, tstate=<optimized out>) at ./Include/cpython/abstract.h:116
#18 _PyObject_VectorcallTstate (kwnames=0x0, nargsf=9223372036854775809, args=0xa46a6c0, callable=0x7f6d6682ca00, tstate=<optimized out>) at ./Include/cpython/abstract.h:103
#19 PyObject_Vectorcall (kwnames=0x0, nargsf=9223372036854775809, args=<optimized out>, callable=0x7f6d6682ca00) at ./Include/cpython/abstract.h:127
#20 call_function (kwnames=0x0, oparg=1, pp_stack=<synthetic pointer>, tstate=0x1db8180) at Python/ceval.c:5077
#21 _PyEval_EvalFrameDefault (tstate=<optimized out>, f=<optimized out>, throwflag=<optimized out>) at Python/ceval.c:3489
#22 0x00007f6d8ac659fb in _PyEval_EvalFrame (throwflag=0, f=0xa46a4e0, tstate=0x1db8180) at ./Include/internal/pycore_ceval.h:40
#23 function_code_fastcall (tstate=0x1db8180, co=<optimized out>, args=<optimized out>, nargs=1, globals=<optimized out>) at Objects/call.c:330
#24 0x00007f6d8ac6cd0f in _PyObject_VectorcallTstate (kwnames=0x0, nargsf=<optimized out>, args=0x7f6d6683a740, callable=0x7f6d8a537700, tstate=0x1db8180) at ./Include/cpython/abstract.h:118
#25 PyObject_Vectorcall (kwnames=0x0, nargsf=<optimized out>, args=<optimized out>, callable=<optimized out>) at ./Include/cpython/abstract.h:127
#26 call_function (kwnames=0x0, oparg=<optimized out>, pp_stack=<synthetic pointer>, tstate=0x1db8180) at Python/ceval.c:5077
#27 _PyEval_EvalFrameDefault (tstate=<optimized out>, f=<optimized out>, throwflag=<optimized out>) at Python/ceval.c:3506
#28 0x00007f6d8ad9ea91 in _PyEval_EvalFrame (throwflag=0, f=0x7f6d6683a5b0, tstate=0x1db8180) at ./Include/internal/pycore_ceval.h:40
#29 _PyEval_EvalCode (tstate=tstate
entry=0x1db8180, _co=<optimized out>, globals=<optimized out>, locals=locals
entry=0x0, args=<optimized out>, argcount=1, kwnames=0x7f6d8a8432f8, kwargs=0x1e0c1b0, kwcount=1, kwstep=1, defs=0x7f6d83bba808, defcount=1, kwdefs=0x0, closure=0x0, name=0x7f6d8a6ca7f0, qualname=0x7f6d74daf710) at Python/ceval.c:4329
#30 0x00007f6d8acb769d in _PyFunction_Vectorcall (func=<optimized out>, stack=<optimized out>, nargsf=<optimized out>, kwnames=<optimized out>) at Objects/call.c:396
#31 0x00007f6d8acba198 in _PyObject_VectorcallTstate (kwnames=0x7f6d8a8432e0, nargsf=1, args=0x1e0c1a8, callable=0x7f6d74db3f70, tstate=0x1db8180) at ./Include/cpython/abstract.h:118
#32 method_vectorcall (method=<optimized out>, args=0x1e0c1b0, nargsf=<optimized out>, kwnames=0x7f6d8a8432e0) at Objects/classobject.c:53
#33 0x00007f6d8ac6bde6 in _PyObject_VectorcallTstate (kwnames=0x7f6d8a8432e0, nargsf=9223372036854775808, args=0x1e0c1b0, callable=0x7f6d6684c6c0, tstate=0x1db8180) at ./Include/cpython/abstract.h:118
#34 PyObject_Vectorcall (kwnames=0x7f6d8a8432e0, nargsf=9223372036854775808, args=0x1e0c1b0, callable=<optimized out>) at ./Include/cpython/abstract.h:127
#35 call_function (kwnames=0x7f6d8a8432e0, oparg=<optimized out>, pp_stack=<synthetic pointer>, tstate=0x1db8180) at Python/ceval.c:5077
#36 _PyEval_EvalFrameDefault (tstate=<optimized out>, f=<optimized out>, throwflag=<optimized out>) at Python/ceval.c:3537
#37 0x00007f6d8ad9ea91 in _PyEval_EvalFrame (throwflag=0, f=0x1e0c040, tstate=0x1db8180) at ./Include/internal/pycore_ceval.h:40
#38 _PyEval_EvalCode (tstate=0x1db8180, _co=_co
entry=0x7f6d8a8b83a0, globals=globals
entry=0x7f6d8a8da3c0, locals=locals
entry=0x7f6d8a8da3c0, args=args
entry=0x0, argcount=argcount
entry=0, kwnames=0x0, kwargs=0x0, kwcount=0, kwstep=2, defs=0x0, defcount=0, kwdefs=0x0, closure=0x0, name=0x0, qualname=0x0) at Python/ceval.c:4329
#39 0x00007f6d8ad9ee32 in _PyEval_EvalCodeWithName (_co=_co
entry=0x7f6d8a8b83a0, globals=globals
entry=0x7f6d8a8da3c0, locals=locals
entry=0x7f6d8a8da3c0, args=args
entry=0x0, argcount=argcount
entry=0, kwnames=kwnames
entry=0x0, kwargs=0x0, kwcount=0, kwstep=2, defs=0x0, defcount=0, kwdefs=0x0, closure=0x0, name=0x0, qualname=0x0) at Python/ceval.c:4361
#40 0x00007f6d8ad9ee7b in PyEval_EvalCodeEx (_co=_co
entry=0x7f6d8a8b83a0, globals=globals
entry=0x7f6d8a8da3c0, locals=locals
entry=0x7f6d8a8da3c0, args=args
entry=0x0, argcount=argcount
entry=0, kws=kws
entry=0x0, kwcount=0, defs=0x0, defcount=0, kwdefs=0x0, closure=0x0) at Python/ceval.c:4377
#41 0x00007f6d8ad9eeab in PyEval_EvalCode (co=co
entry=0x7f6d8a8b83a0, globals=globals
entry=0x7f6d8a8da3c0, locals=locals
entry=0x7f6d8a8da3c0) at Python/ceval.c:828
#42 0x00007f6d8adde3a9 in run_eval_code_obj (locals=0x7f6d8a8da3c0, globals=0x7f6d8a8da3c0, co=0x7f6d8a8b83a0, tstate=0x1db8180) at Python/pythonrun.c:1221
#43 run_mod (mod=<optimized out>, filename=filename
entry=0x7f6d8a845390, globals=globals
entry=0x7f6d8a8da3c0, locals=locals
entry=0x7f6d8a8da3c0, flags=flags
entry=0x7ffd238648f8, arena=arena
entry=0x7f6d8a71afd0) at Python/pythonrun.c:1242
#44 0x00007f6d8addfdf2 in pyrun_file (flags=0x7ffd238648f8, closeit=1, locals=0x7f6d8a8da3c0, globals=0x7f6d8a8da3c0, start=257, filename=0x7f6d8a845390, fp=0x1e0b0f0) at Python/pythonrun.c:1140
#45 pyrun_simple_file (flags=0x7ffd238648f8, closeit=1, filename=0x7f6d8a845390, fp=0x1e0b0f0) at Python/pythonrun.c:450
#46 PyRun_SimpleFileExFlags (fp=fp
entry=0x1e0b0f0, filename=<optimized out>, closeit=closeit
entry=1, flags=flags
entry=0x7ffd238648f8) at Python/pythonrun.c:483
#47 0x00007f6d8ade0453 in PyRun_AnyFileExFlags (fp=fp
entry=0x1e0b0f0, filename=<optimized out>, closeit=closeit
entry=1, flags=flags
entry=0x7ffd238648f8) at Python/pythonrun.c:92
#48 0x00007f6d8adfde28 in pymain_run_file (cf=0x7ffd238648f8, config=0x1db5f60) at Modules/main.c:373
#49 pymain_run_python (exitcode=0x7ffd238648f0) at Modules/main.c:598
#50 Py_RunMain () at Modules/main.c:677
#51 0x00007f6d8adfe347 in pymain_main (args=0x7ffd238649e0) at Modules/main.c:707
#52 Py_BytesMain (argc=<optimized out>, argv=<optimized out>) at Modules/main.c:731
#53 0x00007f6d8aa20590 in __libc_start_call_main () from /lib64/libc.so.6
#54 0x00007f6d8aa20640 in __libc_start_main_impl () from /lib64/libc.so.6
#55 0x0000000000401075 in _start ()
===========================================================


 *** Break *** segmentation violation



===========================================================
There was a crash.
This is the entire stack trace of all threads:
===========================================================

Thread 9 (Thread 0x7f6d6822e640 (LWP 1456150) "python3"):
#0  0x00007f6d8aa7d79a in __futex_abstimed_wait_common () from /lib64/libc.so.6
#1  0x00007f6d8aa7ffa0 in pthread_cond_wait

GLIBC_2.3.2 () from /lib64/libc.so.6
#2  0x00007f6d6d0f904f in th_worker (tidptr=<optimized out>) at numexpr/module.cpp:60
#3  0x00007f6d8aa80c02 in start_thread () from /lib64/libc.so.6
#4  0x00007f6d8ab05c40 in clone3 () from /lib64/libc.so.6

Thread 8 (Thread 0x7f6d68a2f640 (LWP 1456148) "python3"):
#0  0x00007f6d8aa7d79a in __futex_abstimed_wait_common () from /lib64/libc.so.6
#1  0x00007f6d8aa7ffa0 in pthread_cond_wait

GLIBC_2.3.2 () from /lib64/libc.so.6
#2  0x00007f6d6d0f904f in th_worker (tidptr=<optimized out>) at numexpr/module.cpp:60
#3  0x00007f6d8aa80c02 in start_thread () from /lib64/libc.so.6
#4  0x00007f6d8ab05c40 in clone3 () from /lib64/libc.so.6

Thread 7 (Thread 0x7f6d69230640 (LWP 1456146) "python3"):
#0  0x00007f6d8aa7d79a in __futex_abstimed_wait_common () from /lib64/libc.so.6
#1  0x00007f6d8aa7ffa0 in pthread_cond_wait

GLIBC_2.3.2 () from /lib64/libc.so.6
#2  0x00007f6d6d0f904f in th_worker (tidptr=<optimized out>) at numexpr/module.cpp:60
#3  0x00007f6d8aa80c02 in start_thread () from /lib64/libc.so.6
#4  0x00007f6d8ab05c40 in clone3 () from /lib64/libc.so.6

Thread 6 (Thread 0x7f6d69a31640 (LWP 1456144) "python3"):
#0  0x00007f6d8aa7d79a in __futex_abstimed_wait_common () from /lib64/libc.so.6
#1  0x00007f6d8aa7ffa0 in pthread_cond_wait

GLIBC_2.3.2 () from /lib64/libc.so.6
#2  0x00007f6d6d0f904f in th_worker (tidptr=<optimized out>) at numexpr/module.cpp:60
#3  0x00007f6d8aa80c02 in start_thread () from /lib64/libc.so.6
#4  0x00007f6d8ab05c40 in clone3 () from /lib64/libc.so.6

Thread 5 (Thread 0x7f6d6a232640 (LWP 1456142) "python3"):
#0  0x00007f6d8aa7d79a in __futex_abstimed_wait_common () from /lib64/libc.so.6
#1  0x00007f6d8aa7ffa0 in pthread_cond_wait

GLIBC_2.3.2 () from /lib64/libc.so.6
#2  0x00007f6d6d0f904f in th_worker (tidptr=<optimized out>) at numexpr/module.cpp:60
#3  0x00007f6d8aa80c02 in start_thread () from /lib64/libc.so.6
#4  0x00007f6d8ab05c40 in clone3 () from /lib64/libc.so.6

Thread 4 (Thread 0x7f6d6aa33640 (LWP 1456139) "python3"):
#0  0x00007f6d8aa7d79a in __futex_abstimed_wait_common () from /lib64/libc.so.6
#1  0x00007f6d8aa7ffa0 in pthread_cond_wait

GLIBC_2.3.2 () from /lib64/libc.so.6
#2  0x00007f6d6d0f904f in th_worker (tidptr=<optimized out>) at numexpr/module.cpp:60
#3  0x00007f6d8aa80c02 in start_thread () from /lib64/libc.so.6
#4  0x00007f6d8ab05c40 in clone3 () from /lib64/libc.so.6

Thread 3 (Thread 0x7f6d6b234640 (LWP 1456136) "python3"):
#0  0x00007f6d8aa7d79a in __futex_abstimed_wait_common () from /lib64/libc.so.6
#1  0x00007f6d8aa7ffa0 in pthread_cond_wait

GLIBC_2.3.2 () from /lib64/libc.so.6
#2  0x00007f6d6d0f904f in th_worker (tidptr=<optimized out>) at numexpr/module.cpp:60
#3  0x00007f6d8aa80c02 in start_thread () from /lib64/libc.so.6
#4  0x00007f6d8ab05c40 in clone3 () from /lib64/libc.so.6

Thread 2 (Thread 0x7f6d6ba35640 (LWP 1456128) "python3"):
#0  0x00007f6d8aa7d79a in __futex_abstimed_wait_common () from /lib64/libc.so.6
#1  0x00007f6d8aa7ffa0 in pthread_cond_wait

GLIBC_2.3.2 () from /lib64/libc.so.6
#2  0x00007f6d6d0f904f in th_worker (tidptr=<optimized out>) at numexpr/module.cpp:60
#3  0x00007f6d8aa80c02 in start_thread () from /lib64/libc.so.6
#4  0x00007f6d8ab05c40 in clone3 () from /lib64/libc.so.6

Thread 1 (Thread 0x7f6d8afd9740 (LWP 1449404) "python3"):
#0  0x00007f6d8aacfa3f in wait4 () from /lib64/libc.so.6
#1  0x00007f6d8aa42243 in do_system () from /lib64/libc.so.6
#2  0x00007f6d8a16743d in TUnixSystem::StackTrace() () from /cvmfs/cms.cern.ch/el9_amd64_gcc12/lcg/root/6.30.07-8b1a11e1ef0e074fdfd44e162b27e71c/lib/libCore.so
#3  0x00007f6d8a44e423 in (anonymous namespace)::TExceptionHandlerImp::HandleException(int) () from /cvmfs/cms.cern.ch/el9_amd64_gcc12/lcg/root/6.30.07-8b1a11e1ef0e074fdfd44e162b27e71c/lib/libcppyy_backend3_9.so
#4  0x00007f6d8a166c71 in TUnixSystem::DispatchSignals(ESignals) () from /cvmfs/cms.cern.ch/el9_amd64_gcc12/lcg/root/6.30.07-8b1a11e1ef0e074fdfd44e162b27e71c/lib/libCore.so
#5  <signal handler called>
#6  0x00007f6d6630364d in RooStats::ModelConfig::SetHasOnlyParameters(RooArgSet const&, char const*) () from /cvmfs/cms.cern.ch/el9_amd64_gcc12/lcg/root/6.30.07-8b1a11e1ef0e074fdfd44e162b27e71c/lib/libRooFitCore.so
#7  0x00007f6d66309d30 in RooStats::ModelConfig::SetObservables(RooArgSet const&) () from /cvmfs/cms.cern.ch/el9_amd64_gcc12/lcg/root/6.30.07-8b1a11e1ef0e074fdfd44e162b27e71c/lib/libRooFitCore.so
#8  0x00007f6d64d66013 in ?? ()
#9  0x0000000000000001 in ?? ()
#10 0x00007f6d8a44f078 in WrapperCall(long, unsigned long, void*, void*, void*) () from /cvmfs/cms.cern.ch/el9_amd64_gcc12/lcg/root/6.30.07-8b1a11e1ef0e074fdfd44e162b27e71c/lib/libcppyy_backend3_9.so
#11 0x00007f6d8a4d0e97 in CPyCppyy::(anonymous namespace)::VoidExecutor::Execute(long, void*, CPyCppyy::CallContext*) () from /cvmfs/cms.cern.ch/el9_amd64_gcc12/lcg/root/6.30.07-8b1a11e1ef0e074fdfd44e162b27e71c/lib/libcppyy3_9.so
#12 0x00007f6d8a4bcf87 in CPyCppyy::CPPMethod::ExecuteFast(void*, long, CPyCppyy::CallContext*) [clone .isra.0] () from /cvmfs/cms.cern.ch/el9_amd64_gcc12/lcg/root/6.30.07-8b1a11e1ef0e074fdfd44e162b27e71c/lib/libcppyy3_9.so
#13 0x00007f6d8a4be316 in CPyCppyy::CPPMethod::Execute(void*, long, CPyCppyy::CallContext*) () from /cvmfs/cms.cern.ch/el9_amd64_gcc12/lcg/root/6.30.07-8b1a11e1ef0e074fdfd44e162b27e71c/lib/libcppyy3_9.so
#14 0x00007f6d8a4bf0cf in CPyCppyy::CPPMethod::Call(CPyCppyy::CPPInstance*&, _object*, _object*, CPyCppyy::CallContext*) () from /cvmfs/cms.cern.ch/el9_amd64_gcc12/lcg/root/6.30.07-8b1a11e1ef0e074fdfd44e162b27e71c/lib/libcppyy3_9.so
#15 0x00007f6d8a4c3e9a in CPyCppyy::(anonymous namespace)::mp_call(CPyCppyy::CPPOverload*, _object*, _object*) () from /cvmfs/cms.cern.ch/el9_amd64_gcc12/lcg/root/6.30.07-8b1a11e1ef0e074fdfd44e162b27e71c/lib/libcppyy3_9.so
#16 0x00007f6d8acb786e in _PyObject_MakeTpCall (tstate=0x1db8180, callable=callable
entry=0x7f6d6682ca00, args=args
entry=0xa46a6c0, nargs=1, keywords=keywords
entry=0x0) at Objects/call.c:191
#17 0x00007f6d8ac6e50a in _PyObject_VectorcallTstate (kwnames=0x0, nargsf=9223372036854775809, args=0xa46a6c0, callable=0x7f6d6682ca00, tstate=<optimized out>) at ./Include/cpython/abstract.h:116
#18 _PyObject_VectorcallTstate (kwnames=0x0, nargsf=9223372036854775809, args=0xa46a6c0, callable=0x7f6d6682ca00, tstate=<optimized out>) at ./Include/cpython/abstract.h:103
#19 PyObject_Vectorcall (kwnames=0x0, nargsf=9223372036854775809, args=<optimized out>, callable=0x7f6d6682ca00) at ./Include/cpython/abstract.h:127
#20 call_function (kwnames=0x0, oparg=1, pp_stack=<synthetic pointer>, tstate=0x1db8180) at Python/ceval.c:5077
#21 _PyEval_EvalFrameDefault (tstate=<optimized out>, f=<optimized out>, throwflag=<optimized out>) at Python/ceval.c:3489
#22 0x00007f6d8ac659fb in _PyEval_EvalFrame (throwflag=0, f=0xa46a4e0, tstate=0x1db8180) at ./Include/internal/pycore_ceval.h:40
#23 function_code_fastcall (tstate=0x1db8180, co=<optimized out>, args=<optimized out>, nargs=1, globals=<optimized out>) at Objects/call.c:330
#24 0x00007f6d8ac6cd0f in _PyObject_VectorcallTstate (kwnames=0x0, nargsf=<optimized out>, args=0x7f6d6683a740, callable=0x7f6d8a537700, tstate=0x1db8180) at ./Include/cpython/abstract.h:118
#25 PyObject_Vectorcall (kwnames=0x0, nargsf=<optimized out>, args=<optimized out>, callable=<optimized out>) at ./Include/cpython/abstract.h:127
#26 call_function (kwnames=0x0, oparg=<optimized out>, pp_stack=<synthetic pointer>, tstate=0x1db8180) at Python/ceval.c:5077
#27 _PyEval_EvalFrameDefault (tstate=<optimized out>, f=<optimized out>, throwflag=<optimized out>) at Python/ceval.c:3506
#28 0x00007f6d8ad9ea91 in _PyEval_EvalFrame (throwflag=0, f=0x7f6d6683a5b0, tstate=0x1db8180) at ./Include/internal/pycore_ceval.h:40
#29 _PyEval_EvalCode (tstate=tstate
entry=0x1db8180, _co=<optimized out>, globals=<optimized out>, locals=locals
entry=0x0, args=<optimized out>, argcount=1, kwnames=0x7f6d8a8432f8, kwargs=0x1e0c1b0, kwcount=1, kwstep=1, defs=0x7f6d83bba808, defcount=1, kwdefs=0x0, closure=0x0, name=0x7f6d8a6ca7f0, qualname=0x7f6d74daf710) at Python/ceval.c:4329
#30 0x00007f6d8acb769d in _PyFunction_Vectorcall (func=<optimized out>, stack=<optimized out>, nargsf=<optimized out>, kwnames=<optimized out>) at Objects/call.c:396
#31 0x00007f6d8acba198 in _PyObject_VectorcallTstate (kwnames=0x7f6d8a8432e0, nargsf=1, args=0x1e0c1a8, callable=0x7f6d74db3f70, tstate=0x1db8180) at ./Include/cpython/abstract.h:118
#32 method_vectorcall (method=<optimized out>, args=0x1e0c1b0, nargsf=<optimized out>, kwnames=0x7f6d8a8432e0) at Objects/classobject.c:53
#33 0x00007f6d8ac6bde6 in _PyObject_VectorcallTstate (kwnames=0x7f6d8a8432e0, nargsf=9223372036854775808, args=0x1e0c1b0, callable=0x7f6d6684c6c0, tstate=0x1db8180) at ./Include/cpython/abstract.h:118
#34 PyObject_Vectorcall (kwnames=0x7f6d8a8432e0, nargsf=9223372036854775808, args=0x1e0c1b0, callable=<optimized out>) at ./Include/cpython/abstract.h:127
#35 call_function (kwnames=0x7f6d8a8432e0, oparg=<optimized out>, pp_stack=<synthetic pointer>, tstate=0x1db8180) at Python/ceval.c:5077
#36 _PyEval_EvalFrameDefault (tstate=<optimized out>, f=<optimized out>, throwflag=<optimized out>) at Python/ceval.c:3537
#37 0x00007f6d8ad9ea91 in _PyEval_EvalFrame (throwflag=0, f=0x1e0c040, tstate=0x1db8180) at ./Include/internal/pycore_ceval.h:40
#38 _PyEval_EvalCode (tstate=0x1db8180, _co=_co
entry=0x7f6d8a8b83a0, globals=globals
entry=0x7f6d8a8da3c0, locals=locals
entry=0x7f6d8a8da3c0, args=args
entry=0x0, argcount=argcount
entry=0, kwnames=0x0, kwargs=0x0, kwcount=0, kwstep=2, defs=0x0, defcount=0, kwdefs=0x0, closure=0x0, name=0x0, qualname=0x0) at Python/ceval.c:4329
#39 0x00007f6d8ad9ee32 in _PyEval_EvalCodeWithName (_co=_co
entry=0x7f6d8a8b83a0, globals=globals
entry=0x7f6d8a8da3c0, locals=locals
entry=0x7f6d8a8da3c0, args=args
entry=0x0, argcount=argcount
entry=0, kwnames=kwnames
entry=0x0, kwargs=0x0, kwcount=0, kwstep=2, defs=0x0, defcount=0, kwdefs=0x0, closure=0x0, name=0x0, qualname=0x0) at Python/ceval.c:4361
#40 0x00007f6d8ad9ee7b in PyEval_EvalCodeEx (_co=_co
entry=0x7f6d8a8b83a0, globals=globals
entry=0x7f6d8a8da3c0, locals=locals
entry=0x7f6d8a8da3c0, args=args
entry=0x0, argcount=argcount
entry=0, kws=kws
entry=0x0, kwcount=0, defs=0x0, defcount=0, kwdefs=0x0, closure=0x0) at Python/ceval.c:4377
#41 0x00007f6d8ad9eeab in PyEval_EvalCode (co=co
entry=0x7f6d8a8b83a0, globals=globals
entry=0x7f6d8a8da3c0, locals=locals
entry=0x7f6d8a8da3c0) at Python/ceval.c:828
#42 0x00007f6d8adde3a9 in run_eval_code_obj (locals=0x7f6d8a8da3c0, globals=0x7f6d8a8da3c0, co=0x7f6d8a8b83a0, tstate=0x1db8180) at Python/pythonrun.c:1221
#43 run_mod (mod=<optimized out>, filename=filename
entry=0x7f6d8a845390, globals=globals
entry=0x7f6d8a8da3c0, locals=locals
entry=0x7f6d8a8da3c0, flags=flags
entry=0x7ffd238648f8, arena=arena
entry=0x7f6d8a71afd0) at Python/pythonrun.c:1242
#44 0x00007f6d8addfdf2 in pyrun_file (flags=0x7ffd238648f8, closeit=1, locals=0x7f6d8a8da3c0, globals=0x7f6d8a8da3c0, start=257, filename=0x7f6d8a845390, fp=0x1e0b0f0) at Python/pythonrun.c:1140
#45 pyrun_simple_file (flags=0x7ffd238648f8, closeit=1, filename=0x7f6d8a845390, fp=0x1e0b0f0) at Python/pythonrun.c:450
#46 PyRun_SimpleFileExFlags (fp=fp
entry=0x1e0b0f0, filename=<optimized out>, closeit=closeit
entry=1, flags=flags
entry=0x7ffd238648f8) at Python/pythonrun.c:483
#47 0x00007f6d8ade0453 in PyRun_AnyFileExFlags (fp=fp
entry=0x1e0b0f0, filename=<optimized out>, closeit=closeit
entry=1, flags=flags
entry=0x7ffd238648f8) at Python/pythonrun.c:92
#48 0x00007f6d8adfde28 in pymain_run_file (cf=0x7ffd238648f8, config=0x1db5f60) at Modules/main.c:373
#49 pymain_run_python (exitcode=0x7ffd238648f0) at Modules/main.c:598
#50 Py_RunMain () at Modules/main.c:677
#51 0x00007f6d8adfe347 in pymain_main (args=0x7ffd238649e0) at Modules/main.c:707
#52 Py_BytesMain (argc=<optimized out>, argv=<optimized out>) at Modules/main.c:731
#53 0x00007f6d8aa20590 in __libc_start_call_main () from /lib64/libc.so.6
#54 0x00007f6d8aa20640 in __libc_start_main_impl () from /lib64/libc.so.6
#55 0x0000000000401075 in _start ()
===========================================================


The lines below might hint at the cause of the crash. If you see question
marks as part of the stack trace, try to recompile with debugging information
enabled and export CLING_DEBUG=1 environment variable before running.
You may get help by asking at the ROOT forum https://root.cern/forum
preferably using the command (.forum bug) in the ROOT prompt.
Only if you are really convinced it is a bug in ROOT then please submit a
report at https://root.cern/bugs or (preferably) using the command (.gh bug) in
the ROOT prompt. Please post the ENTIRE stack trace
from above as an attachment in addition to anything else
that might help us fixing this issue.
===========================================================
#6  0x00007f6d6630364d in RooStats::ModelConfig::SetHasOnlyParameters(RooArgSet const&, char const*) () from /cvmfs/cms.cern.ch/el9_amd64_gcc12/lcg/root/6.30.07-8b1a11e1ef0e074fdfd44e162b27e71c/lib/libRooFitCore.so
#7  0x00007f6d66309d30 in RooStats::ModelConfig::SetObservables(RooArgSet const&) () from /cvmfs/cms.cern.ch/el9_amd64_gcc12/lcg/root/6.30.07-8b1a11e1ef0e074fdfd44e162b27e71c/lib/libRooFitCore.so
#8  0x00007f6d64d66013 in ?? ()
#9  0x0000000000000001 in ?? ()
#10 0x00007f6d8a44f078 in WrapperCall(long, unsigned long, void*, void*, void*) () from /cvmfs/cms.cern.ch/el9_amd64_gcc12/lcg/root/6.30.07-8b1a11e1ef0e074fdfd44e162b27e71c/lib/libcppyy_backend3_9.so
#11 0x00007f6d8a4d0e97 in CPyCppyy::(anonymous namespace)::VoidExecutor::Execute(long, void*, CPyCppyy::CallContext*) () from /cvmfs/cms.cern.ch/el9_amd64_gcc12/lcg/root/6.30.07-8b1a11e1ef0e074fdfd44e162b27e71c/lib/libcppyy3_9.so
#12 0x00007f6d8a4bcf87 in CPyCppyy::CPPMethod::ExecuteFast(void*, long, CPyCppyy::CallContext*) [clone .isra.0] () from /cvmfs/cms.cern.ch/el9_amd64_gcc12/lcg/root/6.30.07-8b1a11e1ef0e074fdfd44e162b27e71c/lib/libcppyy3_9.so
#13 0x00007f6d8a4be316 in CPyCppyy::CPPMethod::Execute(void*, long, CPyCppyy::CallContext*) () from /cvmfs/cms.cern.ch/el9_amd64_gcc12/lcg/root/6.30.07-8b1a11e1ef0e074fdfd44e162b27e71c/lib/libcppyy3_9.so
#14 0x00007f6d8a4bf0cf in CPyCppyy::CPPMethod::Call(CPyCppyy::CPPInstance*&, _object*, _object*, CPyCppyy::CallContext*) () from /cvmfs/cms.cern.ch/el9_amd64_gcc12/lcg/root/6.30.07-8b1a11e1ef0e074fdfd44e162b27e71c/lib/libcppyy3_9.so
#15 0x00007f6d8a4c3e9a in CPyCppyy::(anonymous namespace)::mp_call(CPyCppyy::CPPOverload*, _object*, _object*) () from /cvmfs/cms.cern.ch/el9_amd64_gcc12/lcg/root/6.30.07-8b1a11e1ef0e074fdfd44e162b27e71c/lib/libcppyy3_9.so
#16 0x00007f6d8acb786e in _PyObject_MakeTpCall (tstate=0x1db8180, callable=callable
entry=0x7f6d6682ca00, args=args
entry=0xa46a6c0, nargs=1, keywords=keywords
entry=0x0) at Objects/call.c:191
#17 0x00007f6d8ac6e50a in _PyObject_VectorcallTstate (kwnames=0x0, nargsf=9223372036854775809, args=0xa46a6c0, callable=0x7f6d6682ca00, tstate=<optimized out>) at ./Include/cpython/abstract.h:116
#18 _PyObject_VectorcallTstate (kwnames=0x0, nargsf=9223372036854775809, args=0xa46a6c0, callable=0x7f6d6682ca00, tstate=<optimized out>) at ./Include/cpython/abstract.h:103
#19 PyObject_Vectorcall (kwnames=0x0, nargsf=9223372036854775809, args=<optimized out>, callable=0x7f6d6682ca00) at ./Include/cpython/abstract.h:127
#20 call_function (kwnames=0x0, oparg=1, pp_stack=<synthetic pointer>, tstate=0x1db8180) at Python/ceval.c:5077
#21 _PyEval_EvalFrameDefault (tstate=<optimized out>, f=<optimized out>, throwflag=<optimized out>) at Python/ceval.c:3489
#22 0x00007f6d8ac659fb in _PyEval_EvalFrame (throwflag=0, f=0xa46a4e0, tstate=0x1db8180) at ./Include/internal/pycore_ceval.h:40
#23 function_code_fastcall (tstate=0x1db8180, co=<optimized out>, args=<optimized out>, nargs=1, globals=<optimized out>) at Objects/call.c:330
#24 0x00007f6d8ac6cd0f in _PyObject_VectorcallTstate (kwnames=0x0, nargsf=<optimized out>, args=0x7f6d6683a740, callable=0x7f6d8a537700, tstate=0x1db8180) at ./Include/cpython/abstract.h:118
#25 PyObject_Vectorcall (kwnames=0x0, nargsf=<optimized out>, args=<optimized out>, callable=<optimized out>) at ./Include/cpython/abstract.h:127
#26 call_function (kwnames=0x0, oparg=<optimized out>, pp_stack=<synthetic pointer>, tstate=0x1db8180) at Python/ceval.c:5077
#27 _PyEval_EvalFrameDefault (tstate=<optimized out>, f=<optimized out>, throwflag=<optimized out>) at Python/ceval.c:3506
#28 0x00007f6d8ad9ea91 in _PyEval_EvalFrame (throwflag=0, f=0x7f6d6683a5b0, tstate=0x1db8180) at ./Include/internal/pycore_ceval.h:40
#29 _PyEval_EvalCode (tstate=tstate
entry=0x1db8180, _co=<optimized out>, globals=<optimized out>, locals=locals
entry=0x0, args=<optimized out>, argcount=1, kwnames=0x7f6d8a8432f8, kwargs=0x1e0c1b0, kwcount=1, kwstep=1, defs=0x7f6d83bba808, defcount=1, kwdefs=0x0, closure=0x0, name=0x7f6d8a6ca7f0, qualname=0x7f6d74daf710) at Python/ceval.c:4329
#30 0x00007f6d8acb769d in _PyFunction_Vectorcall (func=<optimized out>, stack=<optimized out>, nargsf=<optimized out>, kwnames=<optimized out>) at Objects/call.c:396
#31 0x00007f6d8acba198 in _PyObject_VectorcallTstate (kwnames=0x7f6d8a8432e0, nargsf=1, args=0x1e0c1a8, callable=0x7f6d74db3f70, tstate=0x1db8180) at ./Include/cpython/abstract.h:118
#32 method_vectorcall (method=<optimized out>, args=0x1e0c1b0, nargsf=<optimized out>, kwnames=0x7f6d8a8432e0) at Objects/classobject.c:53
#33 0x00007f6d8ac6bde6 in _PyObject_VectorcallTstate (kwnames=0x7f6d8a8432e0, nargsf=9223372036854775808, args=0x1e0c1b0, callable=0x7f6d6684c6c0, tstate=0x1db8180) at ./Include/cpython/abstract.h:118
#34 PyObject_Vectorcall (kwnames=0x7f6d8a8432e0, nargsf=9223372036854775808, args=0x1e0c1b0, callable=<optimized out>) at ./Include/cpython/abstract.h:127
#35 call_function (kwnames=0x7f6d8a8432e0, oparg=<optimized out>, pp_stack=<synthetic pointer>, tstate=0x1db8180) at Python/ceval.c:5077
#36 _PyEval_EvalFrameDefault (tstate=<optimized out>, f=<optimized out>, throwflag=<optimized out>) at Python/ceval.c:3537
#37 0x00007f6d8ad9ea91 in _PyEval_EvalFrame (throwflag=0, f=0x1e0c040, tstate=0x1db8180) at ./Include/internal/pycore_ceval.h:40
#38 _PyEval_EvalCode (tstate=0x1db8180, _co=_co
entry=0x7f6d8a8b83a0, globals=globals
entry=0x7f6d8a8da3c0, locals=locals
entry=0x7f6d8a8da3c0, args=args
entry=0x0, argcount=argcount
entry=0, kwnames=0x0, kwargs=0x0, kwcount=0, kwstep=2, defs=0x0, defcount=0, kwdefs=0x0, closure=0x0, name=0x0, qualname=0x0) at Python/ceval.c:4329
#39 0x00007f6d8ad9ee32 in _PyEval_EvalCodeWithName (_co=_co
entry=0x7f6d8a8b83a0, globals=globals
entry=0x7f6d8a8da3c0, locals=locals
entry=0x7f6d8a8da3c0, args=args
entry=0x0, argcount=argcount
entry=0, kwnames=kwnames
entry=0x0, kwargs=0x0, kwcount=0, kwstep=2, defs=0x0, defcount=0, kwdefs=0x0, closure=0x0, name=0x0, qualname=0x0) at Python/ceval.c:4361
#40 0x00007f6d8ad9ee7b in PyEval_EvalCodeEx (_co=_co
entry=0x7f6d8a8b83a0, globals=globals
entry=0x7f6d8a8da3c0, locals=locals
entry=0x7f6d8a8da3c0, args=args
entry=0x0, argcount=argcount
entry=0, kws=kws
entry=0x0, kwcount=0, defs=0x0, defcount=0, kwdefs=0x0, closure=0x0) at Python/ceval.c:4377
#41 0x00007f6d8ad9eeab in PyEval_EvalCode (co=co
entry=0x7f6d8a8b83a0, globals=globals
entry=0x7f6d8a8da3c0, locals=locals
entry=0x7f6d8a8da3c0) at Python/ceval.c:828
#42 0x00007f6d8adde3a9 in run_eval_code_obj (locals=0x7f6d8a8da3c0, globals=0x7f6d8a8da3c0, co=0x7f6d8a8b83a0, tstate=0x1db8180) at Python/pythonrun.c:1221
#43 run_mod (mod=<optimized out>, filename=filename
entry=0x7f6d8a845390, globals=globals
entry=0x7f6d8a8da3c0, locals=locals
entry=0x7f6d8a8da3c0, flags=flags
entry=0x7ffd238648f8, arena=arena
entry=0x7f6d8a71afd0) at Python/pythonrun.c:1242
#44 0x00007f6d8addfdf2 in pyrun_file (flags=0x7ffd238648f8, closeit=1, locals=0x7f6d8a8da3c0, globals=0x7f6d8a8da3c0, start=257, filename=0x7f6d8a845390, fp=0x1e0b0f0) at Python/pythonrun.c:1140
#45 pyrun_simple_file (flags=0x7ffd238648f8, closeit=1, filename=0x7f6d8a845390, fp=0x1e0b0f0) at Python/pythonrun.c:450
#46 PyRun_SimpleFileExFlags (fp=fp
entry=0x1e0b0f0, filename=<optimized out>, closeit=closeit
entry=1, flags=flags
entry=0x7ffd238648f8) at Python/pythonrun.c:483
#47 0x00007f6d8ade0453 in PyRun_AnyFileExFlags (fp=fp
entry=0x1e0b0f0, filename=<optimized out>, closeit=closeit
entry=1, flags=flags
entry=0x7ffd238648f8) at Python/pythonrun.c:92
#48 0x00007f6d8adfde28 in pymain_run_file (cf=0x7ffd238648f8, config=0x1db5f60) at Modules/main.c:373
#49 pymain_run_python (exitcode=0x7ffd238648f0) at Modules/main.c:598
#50 Py_RunMain () at Modules/main.c:677
#51 0x00007f6d8adfe347 in pymain_main (args=0x7ffd238649e0) at Modules/main.c:707
#52 Py_BytesMain (argc=<optimized out>, argv=<optimized out>) at Modules/main.c:731
#53 0x00007f6d8aa20590 in __libc_start_call_main () from /lib64/libc.so.6
#54 0x00007f6d8aa20640 in __libc_start_main_impl () from /lib64/libc.so.6
#55 0x0000000000401075 in _start ()
===========================================================


Error when running the combination:
	File /home/submit/lavezzo/SUEP/CMSSW_14_1_0_pre4/src/SUEPLimits/cards/WH_11_20_fixed_noShape/cards-SUEP_mS125.000_mPhi4.000_T8.000_modegeneric/combined.root does not exist

 ----------------- 

/tmp/submit_higgsCombineSUEP_mS125.000_mPhi8.000_T16.000_modegeneric.AsymptoticLimits.mH125.sh: line 20: warning: here-document at line 7 delimited by end-of-file (wanted `EOF')
Traceback (most recent call last):
  File "/home/submit/lavezzo/SUEP/CMSSW_14_1_0_pre4/bin/el9_amd64_gcc12/combineCards.py", line 162, in <module>
    file = open(fname, "r")
FileNotFoundError: [Errno 2] No such file or directory: 'cards-SUEP_mS125.000_mPhi8.000_T16.000_modegeneric/shapes-GJHScrA2018.dat'
 *** Break *** segmentation violation



===========================================================
There was a crash.
This is the entire stack trace of all threads:
===========================================================

Thread 9 (Thread 0x7f8f43e2e640 (LWP 1456169) "python3"):
#0  0x00007f8f6667d79a in __futex_abstimed_wait_common () from /lib64/libc.so.6
#1  0x00007f8f6667ffa0 in pthread_cond_wait

GLIBC_2.3.2 () from /lib64/libc.so.6
#2  0x00007f8f48cf904f in th_worker (tidptr=<optimized out>) at numexpr/module.cpp:60
#3  0x00007f8f66680c02 in start_thread () from /lib64/libc.so.6
#4  0x00007f8f66705c40 in clone3 () from /lib64/libc.so.6

Thread 8 (Thread 0x7f8f4462f640 (LWP 1456168) "python3"):
#0  0x00007f8f6667d79a in __futex_abstimed_wait_common () from /lib64/libc.so.6
#1  0x00007f8f6667ffa0 in pthread_cond_wait

GLIBC_2.3.2 () from /lib64/libc.so.6
#2  0x00007f8f48cf904f in th_worker (tidptr=<optimized out>) at numexpr/module.cpp:60
#3  0x00007f8f66680c02 in start_thread () from /lib64/libc.so.6
#4  0x00007f8f66705c40 in clone3 () from /lib64/libc.so.6

Thread 7 (Thread 0x7f8f44e30640 (LWP 1456167) "python3"):
#0  0x00007f8f6667d79a in __futex_abstimed_wait_common () from /lib64/libc.so.6
#1  0x00007f8f6667ffa0 in pthread_cond_wait

GLIBC_2.3.2 () from /lib64/libc.so.6
#2  0x00007f8f48cf904f in th_worker (tidptr=<optimized out>) at numexpr/module.cpp:60
#3  0x00007f8f66680c02 in start_thread () from /lib64/libc.so.6
#4  0x00007f8f66705c40 in clone3 () from /lib64/libc.so.6

Thread 6 (Thread 0x7f8f45631640 (LWP 1456166) "python3"):
#0  0x00007f8f6667d79a in __futex_abstimed_wait_common () from /lib64/libc.so.6
#1  0x00007f8f6667ffa0 in pthread_cond_wait

GLIBC_2.3.2 () from /lib64/libc.so.6
#2  0x00007f8f48cf904f in th_worker (tidptr=<optimized out>) at numexpr/module.cpp:60
#3  0x00007f8f66680c02 in start_thread () from /lib64/libc.so.6
#4  0x00007f8f66705c40 in clone3 () from /lib64/libc.so.6

Thread 5 (Thread 0x7f8f45e32640 (LWP 1456165) "python3"):
#0  0x00007f8f6667d79a in __futex_abstimed_wait_common () from /lib64/libc.so.6
#1  0x00007f8f6667ffa0 in pthread_cond_wait

GLIBC_2.3.2 () from /lib64/libc.so.6
#2  0x00007f8f48cf904f in th_worker (tidptr=<optimized out>) at numexpr/module.cpp:60
#3  0x00007f8f66680c02 in start_thread () from /lib64/libc.so.6
#4  0x00007f8f66705c40 in clone3 () from /lib64/libc.so.6

Thread 4 (Thread 0x7f8f46633640 (LWP 1456164) "python3"):
#0  0x00007f8f6667d79a in __futex_abstimed_wait_common () from /lib64/libc.so.6
#1  0x00007f8f6667ffa0 in pthread_cond_wait

GLIBC_2.3.2 () from /lib64/libc.so.6
#2  0x00007f8f48cf904f in th_worker (tidptr=<optimized out>) at numexpr/module.cpp:60
#3  0x00007f8f66680c02 in start_thread () from /lib64/libc.so.6
#4  0x00007f8f66705c40 in clone3 () from /lib64/libc.so.6

Thread 3 (Thread 0x7f8f46e34640 (LWP 1456163) "python3"):
#0  0x00007f8f6667d79a in __futex_abstimed_wait_common () from /lib64/libc.so.6
#1  0x00007f8f6667ffa0 in pthread_cond_wait

GLIBC_2.3.2 () from /lib64/libc.so.6
#2  0x00007f8f48cf904f in th_worker (tidptr=<optimized out>) at numexpr/module.cpp:60
#3  0x00007f8f66680c02 in start_thread () from /lib64/libc.so.6
#4  0x00007f8f66705c40 in clone3 () from /lib64/libc.so.6

Thread 2 (Thread 0x7f8f47635640 (LWP 1456162) "python3"):
#0  0x00007f8f6667d79a in __futex_abstimed_wait_common () from /lib64/libc.so.6
#1  0x00007f8f6667ffa0 in pthread_cond_wait

GLIBC_2.3.2 () from /lib64/libc.so.6
#2  0x00007f8f48cf904f in th_worker (tidptr=<optimized out>) at numexpr/module.cpp:60
#3  0x00007f8f66680c02 in start_thread () from /lib64/libc.so.6
#4  0x00007f8f66705c40 in clone3 () from /lib64/libc.so.6

Thread 1 (Thread 0x7f8f66bd0740 (LWP 1449401) "python3"):
#0  0x00007f8f666cfa3f in wait4 () from /lib64/libc.so.6
#1  0x00007f8f66642243 in do_system () from /lib64/libc.so.6
#2  0x00007f8f65d6743d in TUnixSystem::StackTrace() () from /cvmfs/cms.cern.ch/el9_amd64_gcc12/lcg/root/6.30.07-8b1a11e1ef0e074fdfd44e162b27e71c/lib/libCore.so
#3  0x00007f8f660295a3 in (anonymous namespace)::TExceptionHandlerImp::HandleException(int) () from /cvmfs/cms.cern.ch/el9_amd64_gcc12/lcg/root/6.30.07-8b1a11e1ef0e074fdfd44e162b27e71c/lib/libcppyy_backend3_9.so
#4  0x00007f8f65d66c71 in TUnixSystem::DispatchSignals(ESignals) () from /cvmfs/cms.cern.ch/el9_amd64_gcc12/lcg/root/6.30.07-8b1a11e1ef0e074fdfd44e162b27e71c/lib/libCore.so
#5  <signal handler called>
#6  0x00007f8f41f0364d in RooStats::ModelConfig::SetHasOnlyParameters(RooArgSet const&, char const*) () from /cvmfs/cms.cern.ch/el9_amd64_gcc12/lcg/root/6.30.07-8b1a11e1ef0e074fdfd44e162b27e71c/lib/libRooFitCore.so
#7  0x00007f8f41f09d30 in RooStats::ModelConfig::SetObservables(RooArgSet const&) () from /cvmfs/cms.cern.ch/el9_amd64_gcc12/lcg/root/6.30.07-8b1a11e1ef0e074fdfd44e162b27e71c/lib/libRooFitCore.so
#8  0x00007f8f42818013 in ?? ()
#9  0x0000000000000001 in ?? ()
#10 0x00007f8f6602a078 in WrapperCall(long, unsigned long, void*, void*, void*) () from /cvmfs/cms.cern.ch/el9_amd64_gcc12/lcg/root/6.30.07-8b1a11e1ef0e074fdfd44e162b27e71c/lib/libcppyy_backend3_9.so
#11 0x00007f8f660abe97 in CPyCppyy::(anonymous namespace)::VoidExecutor::Execute(long, void*, CPyCppyy::CallContext*) () from /cvmfs/cms.cern.ch/el9_amd64_gcc12/lcg/root/6.30.07-8b1a11e1ef0e074fdfd44e162b27e71c/lib/libcppyy3_9.so
#12 0x00007f8f66097f87 in CPyCppyy::CPPMethod::ExecuteFast(void*, long, CPyCppyy::CallContext*) [clone .isra.0] () from /cvmfs/cms.cern.ch/el9_amd64_gcc12/lcg/root/6.30.07-8b1a11e1ef0e074fdfd44e162b27e71c/lib/libcppyy3_9.so
#13 0x00007f8f66099316 in CPyCppyy::CPPMethod::Execute(void*, long, CPyCppyy::CallContext*) () from /cvmfs/cms.cern.ch/el9_amd64_gcc12/lcg/root/6.30.07-8b1a11e1ef0e074fdfd44e162b27e71c/lib/libcppyy3_9.so
#14 0x00007f8f6609a0cf in CPyCppyy::CPPMethod::Call(CPyCppyy::CPPInstance*&, _object*, _object*, CPyCppyy::CallContext*) () from /cvmfs/cms.cern.ch/el9_amd64_gcc12/lcg/root/6.30.07-8b1a11e1ef0e074fdfd44e162b27e71c/lib/libcppyy3_9.so
#15 0x00007f8f6609ee9a in CPyCppyy::(anonymous namespace)::mp_call(CPyCppyy::CPPOverload*, _object*, _object*) () from /cvmfs/cms.cern.ch/el9_amd64_gcc12/lcg/root/6.30.07-8b1a11e1ef0e074fdfd44e162b27e71c/lib/libcppyy3_9.so
#16 0x00007f8f668b786e in _PyObject_MakeTpCall (tstate=0x1b23180, callable=callable
entry=0x7f8f42412a00, args=args
entry=0xa0fea40, nargs=1, keywords=keywords
entry=0x0) at Objects/call.c:191
#17 0x00007f8f6686e50a in _PyObject_VectorcallTstate (kwnames=0x0, nargsf=9223372036854775809, args=0xa0fea40, callable=0x7f8f42412a00, tstate=<optimized out>) at ./Include/cpython/abstract.h:116
#18 _PyObject_VectorcallTstate (kwnames=0x0, nargsf=9223372036854775809, args=0xa0fea40, callable=0x7f8f42412a00, tstate=<optimized out>) at ./Include/cpython/abstract.h:103
#19 PyObject_Vectorcall (kwnames=0x0, nargsf=9223372036854775809, args=<optimized out>, callable=0x7f8f42412a00) at ./Include/cpython/abstract.h:127
#20 call_function (kwnames=0x0, oparg=1, pp_stack=<synthetic pointer>, tstate=0x1b23180) at Python/ceval.c:5077
#21 _PyEval_EvalFrameDefault (tstate=<optimized out>, f=<optimized out>, throwflag=<optimized out>) at Python/ceval.c:3489
#22 0x00007f8f668659fb in _PyEval_EvalFrame (throwflag=0, f=0xa0fe860, tstate=0x1b23180) at ./Include/internal/pycore_ceval.h:40
#23 function_code_fastcall (tstate=0x1b23180, co=<optimized out>, args=<optimized out>, nargs=1, globals=<optimized out>) at Objects/call.c:330
#24 0x00007f8f6686cd0f in _PyObject_VectorcallTstate (kwnames=0x0, nargsf=<optimized out>, args=0x7f8f42420740, callable=0x7f8f66112700, tstate=0x1b23180) at ./Include/cpython/abstract.h:118
#25 PyObject_Vectorcall (kwnames=0x0, nargsf=<optimized out>, args=<optimized out>, callable=<optimized out>) at ./Include/cpython/abstract.h:127
#26 call_function (kwnames=0x0, oparg=<optimized out>, pp_stack=<synthetic pointer>, tstate=0x1b23180) at Python/ceval.c:5077
#27 _PyEval_EvalFrameDefault (tstate=<optimized out>, f=<optimized out>, throwflag=<optimized out>) at Python/ceval.c:3506
#28 0x00007f8f6699ea91 in _PyEval_EvalFrame (throwflag=0, f=0x7f8f424205b0, tstate=0x1b23180) at ./Include/internal/pycore_ceval.h:40
#29 _PyEval_EvalCode (tstate=tstate
entry=0x1b23180, _co=<optimized out>, globals=<optimized out>, locals=locals
entry=0x0, args=<optimized out>, argcount=1, kwnames=0x7f8f664432f8, kwargs=0x1b771b0, kwcount=1, kwstep=1, defs=0x7f8f5f7ba808, defcount=1, kwdefs=0x0, closure=0x0, name=0x7f8f662a67f0, qualname=0x7f8f509b1670) at Python/ceval.c:4329
#30 0x00007f8f668b769d in _PyFunction_Vectorcall (func=<optimized out>, stack=<optimized out>, nargsf=<optimized out>, kwnames=<optimized out>) at Objects/call.c:396
#31 0x00007f8f668ba198 in _PyObject_VectorcallTstate (kwnames=0x7f8f664432e0, nargsf=1, args=0x1b771a8, callable=0x7f8f509b3f70, tstate=0x1b23180) at ./Include/cpython/abstract.h:118
#32 method_vectorcall (method=<optimized out>, args=0x1b771b0, nargsf=<optimized out>, kwnames=0x7f8f664432e0) at Objects/classobject.c:53
#33 0x00007f8f6686bde6 in _PyObject_VectorcallTstate (kwnames=0x7f8f664432e0, nargsf=9223372036854775808, args=0x1b771b0, callable=0x7f8f42432540, tstate=0x1b23180) at ./Include/cpython/abstract.h:118
#34 PyObject_Vectorcall (kwnames=0x7f8f664432e0, nargsf=9223372036854775808, args=0x1b771b0, callable=<optimized out>) at ./Include/cpython/abstract.h:127
#35 call_function (kwnames=0x7f8f664432e0, oparg=<optimized out>, pp_stack=<synthetic pointer>, tstate=0x1b23180) at Python/ceval.c:5077
#36 _PyEval_EvalFrameDefault (tstate=<optimized out>, f=<optimized out>, throwflag=<optimized out>) at Python/ceval.c:3537
#37 0x00007f8f6699ea91 in _PyEval_EvalFrame (throwflag=0, f=0x1b77040, tstate=0x1b23180) at ./Include/internal/pycore_ceval.h:40
#38 _PyEval_EvalCode (tstate=0x1b23180, _co=_co
entry=0x7f8f664b83a0, globals=globals
entry=0x7f8f664da3c0, locals=locals
entry=0x7f8f664da3c0, args=args
entry=0x0, argcount=argcount
entry=0, kwnames=0x0, kwargs=0x0, kwcount=0, kwstep=2, defs=0x0, defcount=0, kwdefs=0x0, closure=0x0, name=0x0, qualname=0x0) at Python/ceval.c:4329
#39 0x00007f8f6699ee32 in _PyEval_EvalCodeWithName (_co=_co
entry=0x7f8f664b83a0, globals=globals
entry=0x7f8f664da3c0, locals=locals
entry=0x7f8f664da3c0, args=args
entry=0x0, argcount=argcount
entry=0, kwnames=kwnames
entry=0x0, kwargs=0x0, kwcount=0, kwstep=2, defs=0x0, defcount=0, kwdefs=0x0, closure=0x0, name=0x0, qualname=0x0) at Python/ceval.c:4361
#40 0x00007f8f6699ee7b in PyEval_EvalCodeEx (_co=_co
entry=0x7f8f664b83a0, globals=globals
entry=0x7f8f664da3c0, locals=locals
entry=0x7f8f664da3c0, args=args
entry=0x0, argcount=argcount
entry=0, kws=kws
entry=0x0, kwcount=0, defs=0x0, defcount=0, kwdefs=0x0, closure=0x0) at Python/ceval.c:4377
#41 0x00007f8f6699eeab in PyEval_EvalCode (co=co
entry=0x7f8f664b83a0, globals=globals
entry=0x7f8f664da3c0, locals=locals
entry=0x7f8f664da3c0) at Python/ceval.c:828
#42 0x00007f8f669de3a9 in run_eval_code_obj (locals=0x7f8f664da3c0, globals=0x7f8f664da3c0, co=0x7f8f664b83a0, tstate=0x1b23180) at Python/pythonrun.c:1221
#43 run_mod (mod=<optimized out>, filename=filename
entry=0x7f8f66445390, globals=globals
entry=0x7f8f664da3c0, locals=locals
entry=0x7f8f664da3c0, flags=flags
entry=0x7ffcb741e1a8, arena=arena
entry=0x7f8f662f6fd0) at Python/pythonrun.c:1242
#44 0x00007f8f669dfdf2 in pyrun_file (flags=0x7ffcb741e1a8, closeit=1, locals=0x7f8f664da3c0, globals=0x7f8f664da3c0, start=257, filename=0x7f8f66445390, fp=0x1b760f0) at Python/pythonrun.c:1140
#45 pyrun_simple_file (flags=0x7ffcb741e1a8, closeit=1, filename=0x7f8f66445390, fp=0x1b760f0) at Python/pythonrun.c:450
#46 PyRun_SimpleFileExFlags (fp=fp
entry=0x1b760f0, filename=<optimized out>, closeit=closeit
entry=1, flags=flags
entry=0x7ffcb741e1a8) at Python/pythonrun.c:483
#47 0x00007f8f669e0453 in PyRun_AnyFileExFlags (fp=fp
entry=0x1b760f0, filename=<optimized out>, closeit=closeit
entry=1, flags=flags
entry=0x7ffcb741e1a8) at Python/pythonrun.c:92
#48 0x00007f8f669fde28 in pymain_run_file (cf=0x7ffcb741e1a8, config=0x1b20f60) at Modules/main.c:373
#49 pymain_run_python (exitcode=0x7ffcb741e1a0) at Modules/main.c:598
#50 Py_RunMain () at Modules/main.c:677
#51 0x00007f8f669fe347 in pymain_main (args=0x7ffcb741e290) at Modules/main.c:707
#52 Py_BytesMain (argc=<optimized out>, argv=<optimized out>) at Modules/main.c:731
#53 0x00007f8f66620590 in __libc_start_call_main () from /lib64/libc.so.6
#54 0x00007f8f66620640 in __libc_start_main_impl () from /lib64/libc.so.6
#55 0x0000000000401075 in _start ()
===========================================================


The lines below might hint at the cause of the crash. If you see question
marks as part of the stack trace, try to recompile with debugging information
enabled and export CLING_DEBUG=1 environment variable before running.
You may get help by asking at the ROOT forum https://root.cern/forum
preferably using the command (.forum bug) in the ROOT prompt.
Only if you are really convinced it is a bug in ROOT then please submit a
report at https://root.cern/bugs or (preferably) using the command (.gh bug) in
the ROOT prompt. Please post the ENTIRE stack trace
from above as an attachment in addition to anything else
that might help us fixing this issue.
===========================================================
#6  0x00007f8f41f0364d in RooStats::ModelConfig::SetHasOnlyParameters(RooArgSet const&, char const*) () from /cvmfs/cms.cern.ch/el9_amd64_gcc12/lcg/root/6.30.07-8b1a11e1ef0e074fdfd44e162b27e71c/lib/libRooFitCore.so
#7  0x00007f8f41f09d30 in RooStats::ModelConfig::SetObservables(RooArgSet const&) () from /cvmfs/cms.cern.ch/el9_amd64_gcc12/lcg/root/6.30.07-8b1a11e1ef0e074fdfd44e162b27e71c/lib/libRooFitCore.so
#8  0x00007f8f42818013 in ?? ()
#9  0x0000000000000001 in ?? ()
#10 0x00007f8f6602a078 in WrapperCall(long, unsigned long, void*, void*, void*) () from /cvmfs/cms.cern.ch/el9_amd64_gcc12/lcg/root/6.30.07-8b1a11e1ef0e074fdfd44e162b27e71c/lib/libcppyy_backend3_9.so
#11 0x00007f8f660abe97 in CPyCppyy::(anonymous namespace)::VoidExecutor::Execute(long, void*, CPyCppyy::CallContext*) () from /cvmfs/cms.cern.ch/el9_amd64_gcc12/lcg/root/6.30.07-8b1a11e1ef0e074fdfd44e162b27e71c/lib/libcppyy3_9.so
#12 0x00007f8f66097f87 in CPyCppyy::CPPMethod::ExecuteFast(void*, long, CPyCppyy::CallContext*) [clone .isra.0] () from /cvmfs/cms.cern.ch/el9_amd64_gcc12/lcg/root/6.30.07-8b1a11e1ef0e074fdfd44e162b27e71c/lib/libcppyy3_9.so
#13 0x00007f8f66099316 in CPyCppyy::CPPMethod::Execute(void*, long, CPyCppyy::CallContext*) () from /cvmfs/cms.cern.ch/el9_amd64_gcc12/lcg/root/6.30.07-8b1a11e1ef0e074fdfd44e162b27e71c/lib/libcppyy3_9.so
#14 0x00007f8f6609a0cf in CPyCppyy::CPPMethod::Call(CPyCppyy::CPPInstance*&, _object*, _object*, CPyCppyy::CallContext*) () from /cvmfs/cms.cern.ch/el9_amd64_gcc12/lcg/root/6.30.07-8b1a11e1ef0e074fdfd44e162b27e71c/lib/libcppyy3_9.so
#15 0x00007f8f6609ee9a in CPyCppyy::(anonymous namespace)::mp_call(CPyCppyy::CPPOverload*, _object*, _object*) () from /cvmfs/cms.cern.ch/el9_amd64_gcc12/lcg/root/6.30.07-8b1a11e1ef0e074fdfd44e162b27e71c/lib/libcppyy3_9.so
#16 0x00007f8f668b786e in _PyObject_MakeTpCall (tstate=0x1b23180, callable=callable
entry=0x7f8f42412a00, args=args
entry=0xa0fea40, nargs=1, keywords=keywords
entry=0x0) at Objects/call.c:191
#17 0x00007f8f6686e50a in _PyObject_VectorcallTstate (kwnames=0x0, nargsf=9223372036854775809, args=0xa0fea40, callable=0x7f8f42412a00, tstate=<optimized out>) at ./Include/cpython/abstract.h:116
#18 _PyObject_VectorcallTstate (kwnames=0x0, nargsf=9223372036854775809, args=0xa0fea40, callable=0x7f8f42412a00, tstate=<optimized out>) at ./Include/cpython/abstract.h:103
#19 PyObject_Vectorcall (kwnames=0x0, nargsf=9223372036854775809, args=<optimized out>, callable=0x7f8f42412a00) at ./Include/cpython/abstract.h:127
#20 call_function (kwnames=0x0, oparg=1, pp_stack=<synthetic pointer>, tstate=0x1b23180) at Python/ceval.c:5077
#21 _PyEval_EvalFrameDefault (tstate=<optimized out>, f=<optimized out>, throwflag=<optimized out>) at Python/ceval.c:3489
#22 0x00007f8f668659fb in _PyEval_EvalFrame (throwflag=0, f=0xa0fe860, tstate=0x1b23180) at ./Include/internal/pycore_ceval.h:40
#23 function_code_fastcall (tstate=0x1b23180, co=<optimized out>, args=<optimized out>, nargs=1, globals=<optimized out>) at Objects/call.c:330
#24 0x00007f8f6686cd0f in _PyObject_VectorcallTstate (kwnames=0x0, nargsf=<optimized out>, args=0x7f8f42420740, callable=0x7f8f66112700, tstate=0x1b23180) at ./Include/cpython/abstract.h:118
#25 PyObject_Vectorcall (kwnames=0x0, nargsf=<optimized out>, args=<optimized out>, callable=<optimized out>) at ./Include/cpython/abstract.h:127
#26 call_function (kwnames=0x0, oparg=<optimized out>, pp_stack=<synthetic pointer>, tstate=0x1b23180) at Python/ceval.c:5077
#27 _PyEval_EvalFrameDefault (tstate=<optimized out>, f=<optimized out>, throwflag=<optimized out>) at Python/ceval.c:3506
#28 0x00007f8f6699ea91 in _PyEval_EvalFrame (throwflag=0, f=0x7f8f424205b0, tstate=0x1b23180) at ./Include/internal/pycore_ceval.h:40
#29 _PyEval_EvalCode (tstate=tstate
entry=0x1b23180, _co=<optimized out>, globals=<optimized out>, locals=locals
entry=0x0, args=<optimized out>, argcount=1, kwnames=0x7f8f664432f8, kwargs=0x1b771b0, kwcount=1, kwstep=1, defs=0x7f8f5f7ba808, defcount=1, kwdefs=0x0, closure=0x0, name=0x7f8f662a67f0, qualname=0x7f8f509b1670) at Python/ceval.c:4329
#30 0x00007f8f668b769d in _PyFunction_Vectorcall (func=<optimized out>, stack=<optimized out>, nargsf=<optimized out>, kwnames=<optimized out>) at Objects/call.c:396
#31 0x00007f8f668ba198 in _PyObject_VectorcallTstate (kwnames=0x7f8f664432e0, nargsf=1, args=0x1b771a8, callable=0x7f8f509b3f70, tstate=0x1b23180) at ./Include/cpython/abstract.h:118
#32 method_vectorcall (method=<optimized out>, args=0x1b771b0, nargsf=<optimized out>, kwnames=0x7f8f664432e0) at Objects/classobject.c:53
#33 0x00007f8f6686bde6 in _PyObject_VectorcallTstate (kwnames=0x7f8f664432e0, nargsf=9223372036854775808, args=0x1b771b0, callable=0x7f8f42432540, tstate=0x1b23180) at ./Include/cpython/abstract.h:118
#34 PyObject_Vectorcall (kwnames=0x7f8f664432e0, nargsf=9223372036854775808, args=0x1b771b0, callable=<optimized out>) at ./Include/cpython/abstract.h:127
#35 call_function (kwnames=0x7f8f664432e0, oparg=<optimized out>, pp_stack=<synthetic pointer>, tstate=0x1b23180) at Python/ceval.c:5077
#36 _PyEval_EvalFrameDefault (tstate=<optimized out>, f=<optimized out>, throwflag=<optimized out>) at Python/ceval.c:3537
#37 0x00007f8f6699ea91 in _PyEval_EvalFrame (throwflag=0, f=0x1b77040, tstate=0x1b23180) at ./Include/internal/pycore_ceval.h:40
#38 _PyEval_EvalCode (tstate=0x1b23180, _co=_co
entry=0x7f8f664b83a0, globals=globals
entry=0x7f8f664da3c0, locals=locals
entry=0x7f8f664da3c0, args=args
entry=0x0, argcount=argcount
entry=0, kwnames=0x0, kwargs=0x0, kwcount=0, kwstep=2, defs=0x0, defcount=0, kwdefs=0x0, closure=0x0, name=0x0, qualname=0x0) at Python/ceval.c:4329
#39 0x00007f8f6699ee32 in _PyEval_EvalCodeWithName (_co=_co
entry=0x7f8f664b83a0, globals=globals
entry=0x7f8f664da3c0, locals=locals
entry=0x7f8f664da3c0, args=args
entry=0x0, argcount=argcount
entry=0, kwnames=kwnames
entry=0x0, kwargs=0x0, kwcount=0, kwstep=2, defs=0x0, defcount=0, kwdefs=0x0, closure=0x0, name=0x0, qualname=0x0) at Python/ceval.c:4361
#40 0x00007f8f6699ee7b in PyEval_EvalCodeEx (_co=_co
entry=0x7f8f664b83a0, globals=globals
entry=0x7f8f664da3c0, locals=locals
entry=0x7f8f664da3c0, args=args
entry=0x0, argcount=argcount
entry=0, kws=kws
entry=0x0, kwcount=0, defs=0x0, defcount=0, kwdefs=0x0, closure=0x0) at Python/ceval.c:4377
#41 0x00007f8f6699eeab in PyEval_EvalCode (co=co
entry=0x7f8f664b83a0, globals=globals
entry=0x7f8f664da3c0, locals=locals
entry=0x7f8f664da3c0) at Python/ceval.c:828
#42 0x00007f8f669de3a9 in run_eval_code_obj (locals=0x7f8f664da3c0, globals=0x7f8f664da3c0, co=0x7f8f664b83a0, tstate=0x1b23180) at Python/pythonrun.c:1221
#43 run_mod (mod=<optimized out>, filename=filename
entry=0x7f8f66445390, globals=globals
entry=0x7f8f664da3c0, locals=locals
entry=0x7f8f664da3c0, flags=flags
entry=0x7ffcb741e1a8, arena=arena
entry=0x7f8f662f6fd0) at Python/pythonrun.c:1242
#44 0x00007f8f669dfdf2 in pyrun_file (flags=0x7ffcb741e1a8, closeit=1, locals=0x7f8f664da3c0, globals=0x7f8f664da3c0, start=257, filename=0x7f8f66445390, fp=0x1b760f0) at Python/pythonrun.c:1140
#45 pyrun_simple_file (flags=0x7ffcb741e1a8, closeit=1, filename=0x7f8f66445390, fp=0x1b760f0) at Python/pythonrun.c:450
#46 PyRun_SimpleFileExFlags (fp=fp
entry=0x1b760f0, filename=<optimized out>, closeit=closeit
entry=1, flags=flags
entry=0x7ffcb741e1a8) at Python/pythonrun.c:483
#47 0x00007f8f669e0453 in PyRun_AnyFileExFlags (fp=fp
entry=0x1b760f0, filename=<optimized out>, closeit=closeit
entry=1, flags=flags
entry=0x7ffcb741e1a8) at Python/pythonrun.c:92
#48 0x00007f8f669fde28 in pymain_run_file (cf=0x7ffcb741e1a8, config=0x1b20f60) at Modules/main.c:373
#49 pymain_run_python (exitcode=0x7ffcb741e1a0) at Modules/main.c:598
#50 Py_RunMain () at Modules/main.c:677
#51 0x00007f8f669fe347 in pymain_main (args=0x7ffcb741e290) at Modules/main.c:707
#52 Py_BytesMain (argc=<optimized out>, argv=<optimized out>) at Modules/main.c:731
#53 0x00007f8f66620590 in __libc_start_call_main () from /lib64/libc.so.6
#54 0x00007f8f66620640 in __libc_start_main_impl () from /lib64/libc.so.6
#55 0x0000000000401075 in _start ()
===========================================================


 *** Break *** segmentation violation



===========================================================
There was a crash.
This is the entire stack trace of all threads:
===========================================================

Thread 9 (Thread 0x7f8f43e2e640 (LWP 1456169) "python3"):
#0  0x00007f8f6667d79a in __futex_abstimed_wait_common () from /lib64/libc.so.6
#1  0x00007f8f6667ffa0 in pthread_cond_wait

GLIBC_2.3.2 () from /lib64/libc.so.6
#2  0x00007f8f48cf904f in th_worker (tidptr=<optimized out>) at numexpr/module.cpp:60
#3  0x00007f8f66680c02 in start_thread () from /lib64/libc.so.6
#4  0x00007f8f66705c40 in clone3 () from /lib64/libc.so.6

Thread 8 (Thread 0x7f8f4462f640 (LWP 1456168) "python3"):
#0  0x00007f8f6667d79a in __futex_abstimed_wait_common () from /lib64/libc.so.6
#1  0x00007f8f6667ffa0 in pthread_cond_wait

GLIBC_2.3.2 () from /lib64/libc.so.6
#2  0x00007f8f48cf904f in th_worker (tidptr=<optimized out>) at numexpr/module.cpp:60
#3  0x00007f8f66680c02 in start_thread () from /lib64/libc.so.6
#4  0x00007f8f66705c40 in clone3 () from /lib64/libc.so.6

Thread 7 (Thread 0x7f8f44e30640 (LWP 1456167) "python3"):
#0  0x00007f8f6667d79a in __futex_abstimed_wait_common () from /lib64/libc.so.6
#1  0x00007f8f6667ffa0 in pthread_cond_wait

GLIBC_2.3.2 () from /lib64/libc.so.6
#2  0x00007f8f48cf904f in th_worker (tidptr=<optimized out>) at numexpr/module.cpp:60
#3  0x00007f8f66680c02 in start_thread () from /lib64/libc.so.6
#4  0x00007f8f66705c40 in clone3 () from /lib64/libc.so.6

Thread 6 (Thread 0x7f8f45631640 (LWP 1456166) "python3"):
#0  0x00007f8f6667d79a in __futex_abstimed_wait_common () from /lib64/libc.so.6
#1  0x00007f8f6667ffa0 in pthread_cond_wait

GLIBC_2.3.2 () from /lib64/libc.so.6
#2  0x00007f8f48cf904f in th_worker (tidptr=<optimized out>) at numexpr/module.cpp:60
#3  0x00007f8f66680c02 in start_thread () from /lib64/libc.so.6
#4  0x00007f8f66705c40 in clone3 () from /lib64/libc.so.6

Thread 5 (Thread 0x7f8f45e32640 (LWP 1456165) "python3"):
#0  0x00007f8f6667d79a in __futex_abstimed_wait_common () from /lib64/libc.so.6
#1  0x00007f8f6667ffa0 in pthread_cond_wait

GLIBC_2.3.2 () from /lib64/libc.so.6
#2  0x00007f8f48cf904f in th_worker (tidptr=<optimized out>) at numexpr/module.cpp:60
#3  0x00007f8f66680c02 in start_thread () from /lib64/libc.so.6
#4  0x00007f8f66705c40 in clone3 () from /lib64/libc.so.6

Thread 4 (Thread 0x7f8f46633640 (LWP 1456164) "python3"):
#0  0x00007f8f6667d79a in __futex_abstimed_wait_common () from /lib64/libc.so.6
#1  0x00007f8f6667ffa0 in pthread_cond_wait

GLIBC_2.3.2 () from /lib64/libc.so.6
#2  0x00007f8f48cf904f in th_worker (tidptr=<optimized out>) at numexpr/module.cpp:60
#3  0x00007f8f66680c02 in start_thread () from /lib64/libc.so.6
#4  0x00007f8f66705c40 in clone3 () from /lib64/libc.so.6

Thread 3 (Thread 0x7f8f46e34640 (LWP 1456163) "python3"):
#0  0x00007f8f6667d79a in __futex_abstimed_wait_common () from /lib64/libc.so.6
#1  0x00007f8f6667ffa0 in pthread_cond_wait

GLIBC_2.3.2 () from /lib64/libc.so.6
#2  0x00007f8f48cf904f in th_worker (tidptr=<optimized out>) at numexpr/module.cpp:60
#3  0x00007f8f66680c02 in start_thread () from /lib64/libc.so.6
#4  0x00007f8f66705c40 in clone3 () from /lib64/libc.so.6

Thread 2 (Thread 0x7f8f47635640 (LWP 1456162) "python3"):
#0  0x00007f8f6667d79a in __futex_abstimed_wait_common () from /lib64/libc.so.6
#1  0x00007f8f6667ffa0 in pthread_cond_wait

GLIBC_2.3.2 () from /lib64/libc.so.6
#2  0x00007f8f48cf904f in th_worker (tidptr=<optimized out>) at numexpr/module.cpp:60
#3  0x00007f8f66680c02 in start_thread () from /lib64/libc.so.6
#4  0x00007f8f66705c40 in clone3 () from /lib64/libc.so.6

Thread 1 (Thread 0x7f8f66bd0740 (LWP 1449401) "python3"):
#0  0x00007f8f666cfa3f in wait4 () from /lib64/libc.so.6
#1  0x00007f8f66642243 in do_system () from /lib64/libc.so.6
#2  0x00007f8f65d6743d in TUnixSystem::StackTrace() () from /cvmfs/cms.cern.ch/el9_amd64_gcc12/lcg/root/6.30.07-8b1a11e1ef0e074fdfd44e162b27e71c/lib/libCore.so
#3  0x00007f8f66029423 in (anonymous namespace)::TExceptionHandlerImp::HandleException(int) () from /cvmfs/cms.cern.ch/el9_amd64_gcc12/lcg/root/6.30.07-8b1a11e1ef0e074fdfd44e162b27e71c/lib/libcppyy_backend3_9.so
#4  0x00007f8f65d66c71 in TUnixSystem::DispatchSignals(ESignals) () from /cvmfs/cms.cern.ch/el9_amd64_gcc12/lcg/root/6.30.07-8b1a11e1ef0e074fdfd44e162b27e71c/lib/libCore.so
#5  <signal handler called>
#6  0x00007f8f41f0364d in RooStats::ModelConfig::SetHasOnlyParameters(RooArgSet const&, char const*) () from /cvmfs/cms.cern.ch/el9_amd64_gcc12/lcg/root/6.30.07-8b1a11e1ef0e074fdfd44e162b27e71c/lib/libRooFitCore.so
#7  0x00007f8f41f09d30 in RooStats::ModelConfig::SetObservables(RooArgSet const&) () from /cvmfs/cms.cern.ch/el9_amd64_gcc12/lcg/root/6.30.07-8b1a11e1ef0e074fdfd44e162b27e71c/lib/libRooFitCore.so
#8  0x00007f8f42818013 in ?? ()
#9  0x0000000000000001 in ?? ()
#10 0x00007f8f6602a078 in WrapperCall(long, unsigned long, void*, void*, void*) () from /cvmfs/cms.cern.ch/el9_amd64_gcc12/lcg/root/6.30.07-8b1a11e1ef0e074fdfd44e162b27e71c/lib/libcppyy_backend3_9.so
#11 0x00007f8f660abe97 in CPyCppyy::(anonymous namespace)::VoidExecutor::Execute(long, void*, CPyCppyy::CallContext*) () from /cvmfs/cms.cern.ch/el9_amd64_gcc12/lcg/root/6.30.07-8b1a11e1ef0e074fdfd44e162b27e71c/lib/libcppyy3_9.so
#12 0x00007f8f66097f87 in CPyCppyy::CPPMethod::ExecuteFast(void*, long, CPyCppyy::CallContext*) [clone .isra.0] () from /cvmfs/cms.cern.ch/el9_amd64_gcc12/lcg/root/6.30.07-8b1a11e1ef0e074fdfd44e162b27e71c/lib/libcppyy3_9.so
#13 0x00007f8f66099316 in CPyCppyy::CPPMethod::Execute(void*, long, CPyCppyy::CallContext*) () from /cvmfs/cms.cern.ch/el9_amd64_gcc12/lcg/root/6.30.07-8b1a11e1ef0e074fdfd44e162b27e71c/lib/libcppyy3_9.so
#14 0x00007f8f6609a0cf in CPyCppyy::CPPMethod::Call(CPyCppyy::CPPInstance*&, _object*, _object*, CPyCppyy::CallContext*) () from /cvmfs/cms.cern.ch/el9_amd64_gcc12/lcg/root/6.30.07-8b1a11e1ef0e074fdfd44e162b27e71c/lib/libcppyy3_9.so
#15 0x00007f8f6609ee9a in CPyCppyy::(anonymous namespace)::mp_call(CPyCppyy::CPPOverload*, _object*, _object*) () from /cvmfs/cms.cern.ch/el9_amd64_gcc12/lcg/root/6.30.07-8b1a11e1ef0e074fdfd44e162b27e71c/lib/libcppyy3_9.so
#16 0x00007f8f668b786e in _PyObject_MakeTpCall (tstate=0x1b23180, callable=callable
entry=0x7f8f42412a00, args=args
entry=0xa0fea40, nargs=1, keywords=keywords
entry=0x0) at Objects/call.c:191
#17 0x00007f8f6686e50a in _PyObject_VectorcallTstate (kwnames=0x0, nargsf=9223372036854775809, args=0xa0fea40, callable=0x7f8f42412a00, tstate=<optimized out>) at ./Include/cpython/abstract.h:116
#18 _PyObject_VectorcallTstate (kwnames=0x0, nargsf=9223372036854775809, args=0xa0fea40, callable=0x7f8f42412a00, tstate=<optimized out>) at ./Include/cpython/abstract.h:103
#19 PyObject_Vectorcall (kwnames=0x0, nargsf=9223372036854775809, args=<optimized out>, callable=0x7f8f42412a00) at ./Include/cpython/abstract.h:127
#20 call_function (kwnames=0x0, oparg=1, pp_stack=<synthetic pointer>, tstate=0x1b23180) at Python/ceval.c:5077
#21 _PyEval_EvalFrameDefault (tstate=<optimized out>, f=<optimized out>, throwflag=<optimized out>) at Python/ceval.c:3489
#22 0x00007f8f668659fb in _PyEval_EvalFrame (throwflag=0, f=0xa0fe860, tstate=0x1b23180) at ./Include/internal/pycore_ceval.h:40
#23 function_code_fastcall (tstate=0x1b23180, co=<optimized out>, args=<optimized out>, nargs=1, globals=<optimized out>) at Objects/call.c:330
#24 0x00007f8f6686cd0f in _PyObject_VectorcallTstate (kwnames=0x0, nargsf=<optimized out>, args=0x7f8f42420740, callable=0x7f8f66112700, tstate=0x1b23180) at ./Include/cpython/abstract.h:118
#25 PyObject_Vectorcall (kwnames=0x0, nargsf=<optimized out>, args=<optimized out>, callable=<optimized out>) at ./Include/cpython/abstract.h:127
#26 call_function (kwnames=0x0, oparg=<optimized out>, pp_stack=<synthetic pointer>, tstate=0x1b23180) at Python/ceval.c:5077
#27 _PyEval_EvalFrameDefault (tstate=<optimized out>, f=<optimized out>, throwflag=<optimized out>) at Python/ceval.c:3506
#28 0x00007f8f6699ea91 in _PyEval_EvalFrame (throwflag=0, f=0x7f8f424205b0, tstate=0x1b23180) at ./Include/internal/pycore_ceval.h:40
#29 _PyEval_EvalCode (tstate=tstate
entry=0x1b23180, _co=<optimized out>, globals=<optimized out>, locals=locals
entry=0x0, args=<optimized out>, argcount=1, kwnames=0x7f8f664432f8, kwargs=0x1b771b0, kwcount=1, kwstep=1, defs=0x7f8f5f7ba808, defcount=1, kwdefs=0x0, closure=0x0, name=0x7f8f662a67f0, qualname=0x7f8f509b1670) at Python/ceval.c:4329
#30 0x00007f8f668b769d in _PyFunction_Vectorcall (func=<optimized out>, stack=<optimized out>, nargsf=<optimized out>, kwnames=<optimized out>) at Objects/call.c:396
#31 0x00007f8f668ba198 in _PyObject_VectorcallTstate (kwnames=0x7f8f664432e0, nargsf=1, args=0x1b771a8, callable=0x7f8f509b3f70, tstate=0x1b23180) at ./Include/cpython/abstract.h:118
#32 method_vectorcall (method=<optimized out>, args=0x1b771b0, nargsf=<optimized out>, kwnames=0x7f8f664432e0) at Objects/classobject.c:53
#33 0x00007f8f6686bde6 in _PyObject_VectorcallTstate (kwnames=0x7f8f664432e0, nargsf=9223372036854775808, args=0x1b771b0, callable=0x7f8f42432540, tstate=0x1b23180) at ./Include/cpython/abstract.h:118
#34 PyObject_Vectorcall (kwnames=0x7f8f664432e0, nargsf=9223372036854775808, args=0x1b771b0, callable=<optimized out>) at ./Include/cpython/abstract.h:127
#35 call_function (kwnames=0x7f8f664432e0, oparg=<optimized out>, pp_stack=<synthetic pointer>, tstate=0x1b23180) at Python/ceval.c:5077
#36 _PyEval_EvalFrameDefault (tstate=<optimized out>, f=<optimized out>, throwflag=<optimized out>) at Python/ceval.c:3537
#37 0x00007f8f6699ea91 in _PyEval_EvalFrame (throwflag=0, f=0x1b77040, tstate=0x1b23180) at ./Include/internal/pycore_ceval.h:40
#38 _PyEval_EvalCode (tstate=0x1b23180, _co=_co
entry=0x7f8f664b83a0, globals=globals
entry=0x7f8f664da3c0, locals=locals
entry=0x7f8f664da3c0, args=args
entry=0x0, argcount=argcount
entry=0, kwnames=0x0, kwargs=0x0, kwcount=0, kwstep=2, defs=0x0, defcount=0, kwdefs=0x0, closure=0x0, name=0x0, qualname=0x0) at Python/ceval.c:4329
#39 0x00007f8f6699ee32 in _PyEval_EvalCodeWithName (_co=_co
entry=0x7f8f664b83a0, globals=globals
entry=0x7f8f664da3c0, locals=locals
entry=0x7f8f664da3c0, args=args
entry=0x0, argcount=argcount
entry=0, kwnames=kwnames
entry=0x0, kwargs=0x0, kwcount=0, kwstep=2, defs=0x0, defcount=0, kwdefs=0x0, closure=0x0, name=0x0, qualname=0x0) at Python/ceval.c:4361
#40 0x00007f8f6699ee7b in PyEval_EvalCodeEx (_co=_co
entry=0x7f8f664b83a0, globals=globals
entry=0x7f8f664da3c0, locals=locals
entry=0x7f8f664da3c0, args=args
entry=0x0, argcount=argcount
entry=0, kws=kws
entry=0x0, kwcount=0, defs=0x0, defcount=0, kwdefs=0x0, closure=0x0) at Python/ceval.c:4377
#41 0x00007f8f6699eeab in PyEval_EvalCode (co=co
entry=0x7f8f664b83a0, globals=globals
entry=0x7f8f664da3c0, locals=locals
entry=0x7f8f664da3c0) at Python/ceval.c:828
#42 0x00007f8f669de3a9 in run_eval_code_obj (locals=0x7f8f664da3c0, globals=0x7f8f664da3c0, co=0x7f8f664b83a0, tstate=0x1b23180) at Python/pythonrun.c:1221
#43 run_mod (mod=<optimized out>, filename=filename
entry=0x7f8f66445390, globals=globals
entry=0x7f8f664da3c0, locals=locals
entry=0x7f8f664da3c0, flags=flags
entry=0x7ffcb741e1a8, arena=arena
entry=0x7f8f662f6fd0) at Python/pythonrun.c:1242
#44 0x00007f8f669dfdf2 in pyrun_file (flags=0x7ffcb741e1a8, closeit=1, locals=0x7f8f664da3c0, globals=0x7f8f664da3c0, start=257, filename=0x7f8f66445390, fp=0x1b760f0) at Python/pythonrun.c:1140
#45 pyrun_simple_file (flags=0x7ffcb741e1a8, closeit=1, filename=0x7f8f66445390, fp=0x1b760f0) at Python/pythonrun.c:450
#46 PyRun_SimpleFileExFlags (fp=fp
entry=0x1b760f0, filename=<optimized out>, closeit=closeit
entry=1, flags=flags
entry=0x7ffcb741e1a8) at Python/pythonrun.c:483
#47 0x00007f8f669e0453 in PyRun_AnyFileExFlags (fp=fp
entry=0x1b760f0, filename=<optimized out>, closeit=closeit
entry=1, flags=flags
entry=0x7ffcb741e1a8) at Python/pythonrun.c:92
#48 0x00007f8f669fde28 in pymain_run_file (cf=0x7ffcb741e1a8, config=0x1b20f60) at Modules/main.c:373
#49 pymain_run_python (exitcode=0x7ffcb741e1a0) at Modules/main.c:598
#50 Py_RunMain () at Modules/main.c:677
#51 0x00007f8f669fe347 in pymain_main (args=0x7ffcb741e290) at Modules/main.c:707
#52 Py_BytesMain (argc=<optimized out>, argv=<optimized out>) at Modules/main.c:731
#53 0x00007f8f66620590 in __libc_start_call_main () from /lib64/libc.so.6
#54 0x00007f8f66620640 in __libc_start_main_impl () from /lib64/libc.so.6
#55 0x0000000000401075 in _start ()
===========================================================


The lines below might hint at the cause of the crash. If you see question
marks as part of the stack trace, try to recompile with debugging information
enabled and export CLING_DEBUG=1 environment variable before running.
You may get help by asking at the ROOT forum https://root.cern/forum
preferably using the command (.forum bug) in the ROOT prompt.
Only if you are really convinced it is a bug in ROOT then please submit a
report at https://root.cern/bugs or (preferably) using the command (.gh bug) in
the ROOT prompt. Please post the ENTIRE stack trace
from above as an attachment in addition to anything else
that might help us fixing this issue.
===========================================================
#6  0x00007f8f41f0364d in RooStats::ModelConfig::SetHasOnlyParameters(RooArgSet const&, char const*) () from /cvmfs/cms.cern.ch/el9_amd64_gcc12/lcg/root/6.30.07-8b1a11e1ef0e074fdfd44e162b27e71c/lib/libRooFitCore.so
#7  0x00007f8f41f09d30 in RooStats::ModelConfig::SetObservables(RooArgSet const&) () from /cvmfs/cms.cern.ch/el9_amd64_gcc12/lcg/root/6.30.07-8b1a11e1ef0e074fdfd44e162b27e71c/lib/libRooFitCore.so
#8  0x00007f8f42818013 in ?? ()
#9  0x0000000000000001 in ?? ()
#10 0x00007f8f6602a078 in WrapperCall(long, unsigned long, void*, void*, void*) () from /cvmfs/cms.cern.ch/el9_amd64_gcc12/lcg/root/6.30.07-8b1a11e1ef0e074fdfd44e162b27e71c/lib/libcppyy_backend3_9.so
#11 0x00007f8f660abe97 in CPyCppyy::(anonymous namespace)::VoidExecutor::Execute(long, void*, CPyCppyy::CallContext*) () from /cvmfs/cms.cern.ch/el9_amd64_gcc12/lcg/root/6.30.07-8b1a11e1ef0e074fdfd44e162b27e71c/lib/libcppyy3_9.so
#12 0x00007f8f66097f87 in CPyCppyy::CPPMethod::ExecuteFast(void*, long, CPyCppyy::CallContext*) [clone .isra.0] () from /cvmfs/cms.cern.ch/el9_amd64_gcc12/lcg/root/6.30.07-8b1a11e1ef0e074fdfd44e162b27e71c/lib/libcppyy3_9.so
#13 0x00007f8f66099316 in CPyCppyy::CPPMethod::Execute(void*, long, CPyCppyy::CallContext*) () from /cvmfs/cms.cern.ch/el9_amd64_gcc12/lcg/root/6.30.07-8b1a11e1ef0e074fdfd44e162b27e71c/lib/libcppyy3_9.so
#14 0x00007f8f6609a0cf in CPyCppyy::CPPMethod::Call(CPyCppyy::CPPInstance*&, _object*, _object*, CPyCppyy::CallContext*) () from /cvmfs/cms.cern.ch/el9_amd64_gcc12/lcg/root/6.30.07-8b1a11e1ef0e074fdfd44e162b27e71c/lib/libcppyy3_9.so
#15 0x00007f8f6609ee9a in CPyCppyy::(anonymous namespace)::mp_call(CPyCppyy::CPPOverload*, _object*, _object*) () from /cvmfs/cms.cern.ch/el9_amd64_gcc12/lcg/root/6.30.07-8b1a11e1ef0e074fdfd44e162b27e71c/lib/libcppyy3_9.so
#16 0x00007f8f668b786e in _PyObject_MakeTpCall (tstate=0x1b23180, callable=callable
entry=0x7f8f42412a00, args=args
entry=0xa0fea40, nargs=1, keywords=keywords
entry=0x0) at Objects/call.c:191
#17 0x00007f8f6686e50a in _PyObject_VectorcallTstate (kwnames=0x0, nargsf=9223372036854775809, args=0xa0fea40, callable=0x7f8f42412a00, tstate=<optimized out>) at ./Include/cpython/abstract.h:116
#18 _PyObject_VectorcallTstate (kwnames=0x0, nargsf=9223372036854775809, args=0xa0fea40, callable=0x7f8f42412a00, tstate=<optimized out>) at ./Include/cpython/abstract.h:103
#19 PyObject_Vectorcall (kwnames=0x0, nargsf=9223372036854775809, args=<optimized out>, callable=0x7f8f42412a00) at ./Include/cpython/abstract.h:127
#20 call_function (kwnames=0x0, oparg=1, pp_stack=<synthetic pointer>, tstate=0x1b23180) at Python/ceval.c:5077
#21 _PyEval_EvalFrameDefault (tstate=<optimized out>, f=<optimized out>, throwflag=<optimized out>) at Python/ceval.c:3489
#22 0x00007f8f668659fb in _PyEval_EvalFrame (throwflag=0, f=0xa0fe860, tstate=0x1b23180) at ./Include/internal/pycore_ceval.h:40
#23 function_code_fastcall (tstate=0x1b23180, co=<optimized out>, args=<optimized out>, nargs=1, globals=<optimized out>) at Objects/call.c:330
#24 0x00007f8f6686cd0f in _PyObject_VectorcallTstate (kwnames=0x0, nargsf=<optimized out>, args=0x7f8f42420740, callable=0x7f8f66112700, tstate=0x1b23180) at ./Include/cpython/abstract.h:118
#25 PyObject_Vectorcall (kwnames=0x0, nargsf=<optimized out>, args=<optimized out>, callable=<optimized out>) at ./Include/cpython/abstract.h:127
#26 call_function (kwnames=0x0, oparg=<optimized out>, pp_stack=<synthetic pointer>, tstate=0x1b23180) at Python/ceval.c:5077
#27 _PyEval_EvalFrameDefault (tstate=<optimized out>, f=<optimized out>, throwflag=<optimized out>) at Python/ceval.c:3506
#28 0x00007f8f6699ea91 in _PyEval_EvalFrame (throwflag=0, f=0x7f8f424205b0, tstate=0x1b23180) at ./Include/internal/pycore_ceval.h:40
#29 _PyEval_EvalCode (tstate=tstate
entry=0x1b23180, _co=<optimized out>, globals=<optimized out>, locals=locals
entry=0x0, args=<optimized out>, argcount=1, kwnames=0x7f8f664432f8, kwargs=0x1b771b0, kwcount=1, kwstep=1, defs=0x7f8f5f7ba808, defcount=1, kwdefs=0x0, closure=0x0, name=0x7f8f662a67f0, qualname=0x7f8f509b1670) at Python/ceval.c:4329
#30 0x00007f8f668b769d in _PyFunction_Vectorcall (func=<optimized out>, stack=<optimized out>, nargsf=<optimized out>, kwnames=<optimized out>) at Objects/call.c:396
#31 0x00007f8f668ba198 in _PyObject_VectorcallTstate (kwnames=0x7f8f664432e0, nargsf=1, args=0x1b771a8, callable=0x7f8f509b3f70, tstate=0x1b23180) at ./Include/cpython/abstract.h:118
#32 method_vectorcall (method=<optimized out>, args=0x1b771b0, nargsf=<optimized out>, kwnames=0x7f8f664432e0) at Objects/classobject.c:53
#33 0x00007f8f6686bde6 in _PyObject_VectorcallTstate (kwnames=0x7f8f664432e0, nargsf=9223372036854775808, args=0x1b771b0, callable=0x7f8f42432540, tstate=0x1b23180) at ./Include/cpython/abstract.h:118
#34 PyObject_Vectorcall (kwnames=0x7f8f664432e0, nargsf=9223372036854775808, args=0x1b771b0, callable=<optimized out>) at ./Include/cpython/abstract.h:127
#35 call_function (kwnames=0x7f8f664432e0, oparg=<optimized out>, pp_stack=<synthetic pointer>, tstate=0x1b23180) at Python/ceval.c:5077
#36 _PyEval_EvalFrameDefault (tstate=<optimized out>, f=<optimized out>, throwflag=<optimized out>) at Python/ceval.c:3537
#37 0x00007f8f6699ea91 in _PyEval_EvalFrame (throwflag=0, f=0x1b77040, tstate=0x1b23180) at ./Include/internal/pycore_ceval.h:40
#38 _PyEval_EvalCode (tstate=0x1b23180, _co=_co
entry=0x7f8f664b83a0, globals=globals
entry=0x7f8f664da3c0, locals=locals
entry=0x7f8f664da3c0, args=args
entry=0x0, argcount=argcount
entry=0, kwnames=0x0, kwargs=0x0, kwcount=0, kwstep=2, defs=0x0, defcount=0, kwdefs=0x0, closure=0x0, name=0x0, qualname=0x0) at Python/ceval.c:4329
#39 0x00007f8f6699ee32 in _PyEval_EvalCodeWithName (_co=_co
entry=0x7f8f664b83a0, globals=globals
entry=0x7f8f664da3c0, locals=locals
entry=0x7f8f664da3c0, args=args
entry=0x0, argcount=argcount
entry=0, kwnames=kwnames
entry=0x0, kwargs=0x0, kwcount=0, kwstep=2, defs=0x0, defcount=0, kwdefs=0x0, closure=0x0, name=0x0, qualname=0x0) at Python/ceval.c:4361
#40 0x00007f8f6699ee7b in PyEval_EvalCodeEx (_co=_co
entry=0x7f8f664b83a0, globals=globals
entry=0x7f8f664da3c0, locals=locals
entry=0x7f8f664da3c0, args=args
entry=0x0, argcount=argcount
entry=0, kws=kws
entry=0x0, kwcount=0, defs=0x0, defcount=0, kwdefs=0x0, closure=0x0) at Python/ceval.c:4377
#41 0x00007f8f6699eeab in PyEval_EvalCode (co=co
entry=0x7f8f664b83a0, globals=globals
entry=0x7f8f664da3c0, locals=locals
entry=0x7f8f664da3c0) at Python/ceval.c:828
#42 0x00007f8f669de3a9 in run_eval_code_obj (locals=0x7f8f664da3c0, globals=0x7f8f664da3c0, co=0x7f8f664b83a0, tstate=0x1b23180) at Python/pythonrun.c:1221
#43 run_mod (mod=<optimized out>, filename=filename
entry=0x7f8f66445390, globals=globals
entry=0x7f8f664da3c0, locals=locals
entry=0x7f8f664da3c0, flags=flags
entry=0x7ffcb741e1a8, arena=arena
entry=0x7f8f662f6fd0) at Python/pythonrun.c:1242
#44 0x00007f8f669dfdf2 in pyrun_file (flags=0x7ffcb741e1a8, closeit=1, locals=0x7f8f664da3c0, globals=0x7f8f664da3c0, start=257, filename=0x7f8f66445390, fp=0x1b760f0) at Python/pythonrun.c:1140
#45 pyrun_simple_file (flags=0x7ffcb741e1a8, closeit=1, filename=0x7f8f66445390, fp=0x1b760f0) at Python/pythonrun.c:450
#46 PyRun_SimpleFileExFlags (fp=fp
entry=0x1b760f0, filename=<optimized out>, closeit=closeit
entry=1, flags=flags
entry=0x7ffcb741e1a8) at Python/pythonrun.c:483
#47 0x00007f8f669e0453 in PyRun_AnyFileExFlags (fp=fp
entry=0x1b760f0, filename=<optimized out>, closeit=closeit
entry=1, flags=flags
entry=0x7ffcb741e1a8) at Python/pythonrun.c:92
#48 0x00007f8f669fde28 in pymain_run_file (cf=0x7ffcb741e1a8, config=0x1b20f60) at Modules/main.c:373
#49 pymain_run_python (exitcode=0x7ffcb741e1a0) at Modules/main.c:598
#50 Py_RunMain () at Modules/main.c:677
#51 0x00007f8f669fe347 in pymain_main (args=0x7ffcb741e290) at Modules/main.c:707
#52 Py_BytesMain (argc=<optimized out>, argv=<optimized out>) at Modules/main.c:731
#53 0x00007f8f66620590 in __libc_start_call_main () from /lib64/libc.so.6
#54 0x00007f8f66620640 in __libc_start_main_impl () from /lib64/libc.so.6
#55 0x0000000000401075 in _start ()
===========================================================


Error when running the combination:
	File /home/submit/lavezzo/SUEP/CMSSW_14_1_0_pre4/src/SUEPLimits/cards/WH_11_20_fixed_noShape/cards-SUEP_mS125.000_mPhi8.000_T16.000_modegeneric/combined.root does not exist

 ----------------- 

/tmp/submit_higgsCombineSUEP_mS125.000_mPhi8.000_T2.000_modegeneric.AsymptoticLimits.mH125.sh: line 20: warning: here-document at line 7 delimited by end-of-file (wanted `EOF')
Traceback (most recent call last):
  File "/home/submit/lavezzo/SUEP/CMSSW_14_1_0_pre4/bin/el9_amd64_gcc12/combineCards.py", line 162, in <module>
    file = open(fname, "r")
FileNotFoundError: [Errno 2] No such file or directory: 'cards-SUEP_mS125.000_mPhi8.000_T2.000_modegeneric/shapes-GJHScrA2018.dat'
 *** Break *** segmentation violation



===========================================================
There was a crash.
This is the entire stack trace of all threads:
===========================================================

Thread 9 (Thread 0x7f89ca0f0640 (LWP 1456072) "python3"):
#0  0x00007f89ec87d79a in __futex_abstimed_wait_common () from /lib64/libc.so.6
#1  0x00007f89ec87ffa0 in pthread_cond_wait

GLIBC_2.3.2 () from /lib64/libc.so.6
#2  0x00007f89cd99c04f in th_worker (tidptr=<optimized out>) at numexpr/module.cpp:60
#3  0x00007f89ec880c02 in start_thread () from /lib64/libc.so.6
#4  0x00007f89ec905c40 in clone3 () from /lib64/libc.so.6

Thread 8 (Thread 0x7f89ca8f1640 (LWP 1456061) "python3"):
#0  0x00007f89ec87d79a in __futex_abstimed_wait_common () from /lib64/libc.so.6
#1  0x00007f89ec87ffa0 in pthread_cond_wait

GLIBC_2.3.2 () from /lib64/libc.so.6
#2  0x00007f89cd99c04f in th_worker (tidptr=<optimized out>) at numexpr/module.cpp:60
#3  0x00007f89ec880c02 in start_thread () from /lib64/libc.so.6
#4  0x00007f89ec905c40 in clone3 () from /lib64/libc.so.6

Thread 7 (Thread 0x7f89cb0f2640 (LWP 1456050) "python3"):
#0  0x00007f89ec87d79a in __futex_abstimed_wait_common () from /lib64/libc.so.6
#1  0x00007f89ec87ffa0 in pthread_cond_wait

GLIBC_2.3.2 () from /lib64/libc.so.6
#2  0x00007f89cd99c04f in th_worker (tidptr=<optimized out>) at numexpr/module.cpp:60
#3  0x00007f89ec880c02 in start_thread () from /lib64/libc.so.6
#4  0x00007f89ec905c40 in clone3 () from /lib64/libc.so.6

Thread 6 (Thread 0x7f89cb8f3640 (LWP 1456039) "python3"):
#0  0x00007f89ec87d79a in __futex_abstimed_wait_common () from /lib64/libc.so.6
#1  0x00007f89ec87ffa0 in pthread_cond_wait

GLIBC_2.3.2 () from /lib64/libc.so.6
#2  0x00007f89cd99c04f in th_worker (tidptr=<optimized out>) at numexpr/module.cpp:60
#3  0x00007f89ec880c02 in start_thread () from /lib64/libc.so.6
#4  0x00007f89ec905c40 in clone3 () from /lib64/libc.so.6

Thread 5 (Thread 0x7f89cc0f4640 (LWP 1456032) "python3"):
#0  0x00007f89ec87d79a in __futex_abstimed_wait_common () from /lib64/libc.so.6
#1  0x00007f89ec87ffa0 in pthread_cond_wait

GLIBC_2.3.2 () from /lib64/libc.so.6
#2  0x00007f89cd99c04f in th_worker (tidptr=<optimized out>) at numexpr/module.cpp:60
#3  0x00007f89ec880c02 in start_thread () from /lib64/libc.so.6
#4  0x00007f89ec905c40 in clone3 () from /lib64/libc.so.6

Thread 4 (Thread 0x7f89cc8f5640 (LWP 1456021) "python3"):
#0  0x00007f89ec87d79a in __futex_abstimed_wait_common () from /lib64/libc.so.6
#1  0x00007f89ec87ffa0 in pthread_cond_wait

GLIBC_2.3.2 () from /lib64/libc.so.6
#2  0x00007f89cd99c04f in th_worker (tidptr=<optimized out>) at numexpr/module.cpp:60
#3  0x00007f89ec880c02 in start_thread () from /lib64/libc.so.6
#4  0x00007f89ec905c40 in clone3 () from /lib64/libc.so.6

Thread 3 (Thread 0x7f89cd0f6640 (LWP 1456008) "python3"):
#0  0x00007f89ec87d79a in __futex_abstimed_wait_common () from /lib64/libc.so.6
#1  0x00007f89ec87ffa0 in pthread_cond_wait

GLIBC_2.3.2 () from /lib64/libc.so.6
#2  0x00007f89cd99c04f in th_worker (tidptr=<optimized out>) at numexpr/module.cpp:60
#3  0x00007f89ec880c02 in start_thread () from /lib64/libc.so.6
#4  0x00007f89ec905c40 in clone3 () from /lib64/libc.so.6

Thread 2 (Thread 0x7f89cd8f7640 (LWP 1456001) "python3"):
#0  0x00007f89ec87d79a in __futex_abstimed_wait_common () from /lib64/libc.so.6
#1  0x00007f89ec87ffa0 in pthread_cond_wait

GLIBC_2.3.2 () from /lib64/libc.so.6
#2  0x00007f89cd99c04f in th_worker (tidptr=<optimized out>) at numexpr/module.cpp:60
#3  0x00007f89ec880c02 in start_thread () from /lib64/libc.so.6
#4  0x00007f89ec905c40 in clone3 () from /lib64/libc.so.6

Thread 1 (Thread 0x7f89ece59740 (LWP 1449402) "python3"):
#0  0x00007f89ec8cfa3f in wait4 () from /lib64/libc.so.6
#1  0x00007f89ec842243 in do_system () from /lib64/libc.so.6
#2  0x00007f89ec16743d in TUnixSystem::StackTrace() () from /cvmfs/cms.cern.ch/el9_amd64_gcc12/lcg/root/6.30.07-8b1a11e1ef0e074fdfd44e162b27e71c/lib/libCore.so
#3  0x00007f89ec2ce5a3 in (anonymous namespace)::TExceptionHandlerImp::HandleException(int) () from /cvmfs/cms.cern.ch/el9_amd64_gcc12/lcg/root/6.30.07-8b1a11e1ef0e074fdfd44e162b27e71c/lib/libcppyy_backend3_9.so
#4  0x00007f89ec166c71 in TUnixSystem::DispatchSignals(ESignals) () from /cvmfs/cms.cern.ch/el9_amd64_gcc12/lcg/root/6.30.07-8b1a11e1ef0e074fdfd44e162b27e71c/lib/libCore.so
#5  <signal handler called>
#6  0x00007f89c810364d in RooStats::ModelConfig::SetHasOnlyParameters(RooArgSet const&, char const*) () from /cvmfs/cms.cern.ch/el9_amd64_gcc12/lcg/root/6.30.07-8b1a11e1ef0e074fdfd44e162b27e71c/lib/libRooFitCore.so
#7  0x00007f89c8109d30 in RooStats::ModelConfig::SetObservables(RooArgSet const&) () from /cvmfs/cms.cern.ch/el9_amd64_gcc12/lcg/root/6.30.07-8b1a11e1ef0e074fdfd44e162b27e71c/lib/libRooFitCore.so
#8  0x00007f89c66c2013 in ?? ()
#9  0x0000000000000001 in ?? ()
#10 0x00007f89ec2cf078 in WrapperCall(long, unsigned long, void*, void*, void*) () from /cvmfs/cms.cern.ch/el9_amd64_gcc12/lcg/root/6.30.07-8b1a11e1ef0e074fdfd44e162b27e71c/lib/libcppyy_backend3_9.so
#11 0x00007f89ec350e97 in CPyCppyy::(anonymous namespace)::VoidExecutor::Execute(long, void*, CPyCppyy::CallContext*) () from /cvmfs/cms.cern.ch/el9_amd64_gcc12/lcg/root/6.30.07-8b1a11e1ef0e074fdfd44e162b27e71c/lib/libcppyy3_9.so
#12 0x00007f89ec33cf87 in CPyCppyy::CPPMethod::ExecuteFast(void*, long, CPyCppyy::CallContext*) [clone .isra.0] () from /cvmfs/cms.cern.ch/el9_amd64_gcc12/lcg/root/6.30.07-8b1a11e1ef0e074fdfd44e162b27e71c/lib/libcppyy3_9.so
#13 0x00007f89ec33e316 in CPyCppyy::CPPMethod::Execute(void*, long, CPyCppyy::CallContext*) () from /cvmfs/cms.cern.ch/el9_amd64_gcc12/lcg/root/6.30.07-8b1a11e1ef0e074fdfd44e162b27e71c/lib/libcppyy3_9.so
#14 0x00007f89ec33f0cf in CPyCppyy::CPPMethod::Call(CPyCppyy::CPPInstance*&, _object*, _object*, CPyCppyy::CallContext*) () from /cvmfs/cms.cern.ch/el9_amd64_gcc12/lcg/root/6.30.07-8b1a11e1ef0e074fdfd44e162b27e71c/lib/libcppyy3_9.so
#15 0x00007f89ec343e9a in CPyCppyy::(anonymous namespace)::mp_call(CPyCppyy::CPPOverload*, _object*, _object*) () from /cvmfs/cms.cern.ch/el9_amd64_gcc12/lcg/root/6.30.07-8b1a11e1ef0e074fdfd44e162b27e71c/lib/libcppyy3_9.so
#16 0x00007f89ecab786e in _PyObject_MakeTpCall (tstate=0x1f74180, callable=callable
entry=0x7f89c86d2a00, args=args
entry=0xa6dfbc0, nargs=1, keywords=keywords
entry=0x0) at Objects/call.c:191
#17 0x00007f89eca6e50a in _PyObject_VectorcallTstate (kwnames=0x0, nargsf=9223372036854775809, args=0xa6dfbc0, callable=0x7f89c86d2a00, tstate=<optimized out>) at ./Include/cpython/abstract.h:116
#18 _PyObject_VectorcallTstate (kwnames=0x0, nargsf=9223372036854775809, args=0xa6dfbc0, callable=0x7f89c86d2a00, tstate=<optimized out>) at ./Include/cpython/abstract.h:103
#19 PyObject_Vectorcall (kwnames=0x0, nargsf=9223372036854775809, args=<optimized out>, callable=0x7f89c86d2a00) at ./Include/cpython/abstract.h:127
#20 call_function (kwnames=0x0, oparg=1, pp_stack=<synthetic pointer>, tstate=0x1f74180) at Python/ceval.c:5077
#21 _PyEval_EvalFrameDefault (tstate=<optimized out>, f=<optimized out>, throwflag=<optimized out>) at Python/ceval.c:3489
#22 0x00007f89eca659fb in _PyEval_EvalFrame (throwflag=0, f=0xa6df9e0, tstate=0x1f74180) at ./Include/internal/pycore_ceval.h:40
#23 function_code_fastcall (tstate=0x1f74180, co=<optimized out>, args=<optimized out>, nargs=1, globals=<optimized out>) at Objects/call.c:330
#24 0x00007f89eca6cd0f in _PyObject_VectorcallTstate (kwnames=0x0, nargsf=<optimized out>, args=0x7f89c86e1740, callable=0x7f89ec3b7700, tstate=0x1f74180) at ./Include/cpython/abstract.h:118
#25 PyObject_Vectorcall (kwnames=0x0, nargsf=<optimized out>, args=<optimized out>, callable=<optimized out>) at ./Include/cpython/abstract.h:127
#26 call_function (kwnames=0x0, oparg=<optimized out>, pp_stack=<synthetic pointer>, tstate=0x1f74180) at Python/ceval.c:5077
#27 _PyEval_EvalFrameDefault (tstate=<optimized out>, f=<optimized out>, throwflag=<optimized out>) at Python/ceval.c:3506
#28 0x00007f89ecb9ea91 in _PyEval_EvalFrame (throwflag=0, f=0x7f89c86e15b0, tstate=0x1f74180) at ./Include/internal/pycore_ceval.h:40
#29 _PyEval_EvalCode (tstate=tstate
entry=0x1f74180, _co=<optimized out>, globals=<optimized out>, locals=locals
entry=0x0, args=<optimized out>, argcount=1, kwnames=0x7f89ec6c32f8, kwargs=0x1fc81b0, kwcount=1, kwstep=1, defs=0x7f89e5bb6808, defcount=1, kwdefs=0x0, closure=0x0, name=0x7f89ec54a7f0, qualname=0x7f89ddec4710) at Python/ceval.c:4329
#30 0x00007f89ecab769d in _PyFunction_Vectorcall (func=<optimized out>, stack=<optimized out>, nargsf=<optimized out>, kwnames=<optimized out>) at Objects/call.c:396
#31 0x00007f89ecaba198 in _PyObject_VectorcallTstate (kwnames=0x7f89ec6c32e0, nargsf=1, args=0x1fc81a8, callable=0x7f89ddec7f70, tstate=0x1f74180) at ./Include/cpython/abstract.h:118
#32 method_vectorcall (method=<optimized out>, args=0x1fc81b0, nargsf=<optimized out>, kwnames=0x7f89ec6c32e0) at Objects/classobject.c:53
#33 0x00007f89eca6bde6 in _PyObject_VectorcallTstate (kwnames=0x7f89ec6c32e0, nargsf=9223372036854775808, args=0x1fc81b0, callable=0x7f89c86ed7c0, tstate=0x1f74180) at ./Include/cpython/abstract.h:118
#34 PyObject_Vectorcall (kwnames=0x7f89ec6c32e0, nargsf=9223372036854775808, args=0x1fc81b0, callable=<optimized out>) at ./Include/cpython/abstract.h:127
#35 call_function (kwnames=0x7f89ec6c32e0, oparg=<optimized out>, pp_stack=<synthetic pointer>, tstate=0x1f74180) at Python/ceval.c:5077
#36 _PyEval_EvalFrameDefault (tstate=<optimized out>, f=<optimized out>, throwflag=<optimized out>) at Python/ceval.c:3537
#37 0x00007f89ecb9ea91 in _PyEval_EvalFrame (throwflag=0, f=0x1fc8040, tstate=0x1f74180) at ./Include/internal/pycore_ceval.h:40
#38 _PyEval_EvalCode (tstate=0x1f74180, _co=_co
entry=0x7f89ec7383a0, globals=globals
entry=0x7f89ec75a3c0, locals=locals
entry=0x7f89ec75a3c0, args=args
entry=0x0, argcount=argcount
entry=0, kwnames=0x0, kwargs=0x0, kwcount=0, kwstep=2, defs=0x0, defcount=0, kwdefs=0x0, closure=0x0, name=0x0, qualname=0x0) at Python/ceval.c:4329
#39 0x00007f89ecb9ee32 in _PyEval_EvalCodeWithName (_co=_co
entry=0x7f89ec7383a0, globals=globals
entry=0x7f89ec75a3c0, locals=locals
entry=0x7f89ec75a3c0, args=args
entry=0x0, argcount=argcount
entry=0, kwnames=kwnames
entry=0x0, kwargs=0x0, kwcount=0, kwstep=2, defs=0x0, defcount=0, kwdefs=0x0, closure=0x0, name=0x0, qualname=0x0) at Python/ceval.c:4361
#40 0x00007f89ecb9ee7b in PyEval_EvalCodeEx (_co=_co
entry=0x7f89ec7383a0, globals=globals
entry=0x7f89ec75a3c0, locals=locals
entry=0x7f89ec75a3c0, args=args
entry=0x0, argcount=argcount
entry=0, kws=kws
entry=0x0, kwcount=0, defs=0x0, defcount=0, kwdefs=0x0, closure=0x0) at Python/ceval.c:4377
#41 0x00007f89ecb9eeab in PyEval_EvalCode (co=co
entry=0x7f89ec7383a0, globals=globals
entry=0x7f89ec75a3c0, locals=locals
entry=0x7f89ec75a3c0) at Python/ceval.c:828
#42 0x00007f89ecbde3a9 in run_eval_code_obj (locals=0x7f89ec75a3c0, globals=0x7f89ec75a3c0, co=0x7f89ec7383a0, tstate=0x1f74180) at Python/pythonrun.c:1221
#43 run_mod (mod=<optimized out>, filename=filename
entry=0x7f89ec6c5390, globals=globals
entry=0x7f89ec75a3c0, locals=locals
entry=0x7f89ec75a3c0, flags=flags
entry=0x7ffcc76015f8, arena=arena
entry=0x7f89ec59afd0) at Python/pythonrun.c:1242
#44 0x00007f89ecbdfdf2 in pyrun_file (flags=0x7ffcc76015f8, closeit=1, locals=0x7f89ec75a3c0, globals=0x7f89ec75a3c0, start=257, filename=0x7f89ec6c5390, fp=0x1fc70f0) at Python/pythonrun.c:1140
#45 pyrun_simple_file (flags=0x7ffcc76015f8, closeit=1, filename=0x7f89ec6c5390, fp=0x1fc70f0) at Python/pythonrun.c:450
#46 PyRun_SimpleFileExFlags (fp=fp
entry=0x1fc70f0, filename=<optimized out>, closeit=closeit
entry=1, flags=flags
entry=0x7ffcc76015f8) at Python/pythonrun.c:483
#47 0x00007f89ecbe0453 in PyRun_AnyFileExFlags (fp=fp
entry=0x1fc70f0, filename=<optimized out>, closeit=closeit
entry=1, flags=flags
entry=0x7ffcc76015f8) at Python/pythonrun.c:92
#48 0x00007f89ecbfde28 in pymain_run_file (cf=0x7ffcc76015f8, config=0x1f71f60) at Modules/main.c:373
#49 pymain_run_python (exitcode=0x7ffcc76015f0) at Modules/main.c:598
#50 Py_RunMain () at Modules/main.c:677
#51 0x00007f89ecbfe347 in pymain_main (args=0x7ffcc76016e0) at Modules/main.c:707
#52 Py_BytesMain (argc=<optimized out>, argv=<optimized out>) at Modules/main.c:731
#53 0x00007f89ec820590 in __libc_start_call_main () from /lib64/libc.so.6
#54 0x00007f89ec820640 in __libc_start_main_impl () from /lib64/libc.so.6
#55 0x0000000000401075 in _start ()
===========================================================


The lines below might hint at the cause of the crash. If you see question
marks as part of the stack trace, try to recompile with debugging information
enabled and export CLING_DEBUG=1 environment variable before running.
You may get help by asking at the ROOT forum https://root.cern/forum
preferably using the command (.forum bug) in the ROOT prompt.
Only if you are really convinced it is a bug in ROOT then please submit a
report at https://root.cern/bugs or (preferably) using the command (.gh bug) in
the ROOT prompt. Please post the ENTIRE stack trace
from above as an attachment in addition to anything else
that might help us fixing this issue.
===========================================================
#6  0x00007f89c810364d in RooStats::ModelConfig::SetHasOnlyParameters(RooArgSet const&, char const*) () from /cvmfs/cms.cern.ch/el9_amd64_gcc12/lcg/root/6.30.07-8b1a11e1ef0e074fdfd44e162b27e71c/lib/libRooFitCore.so
#7  0x00007f89c8109d30 in RooStats::ModelConfig::SetObservables(RooArgSet const&) () from /cvmfs/cms.cern.ch/el9_amd64_gcc12/lcg/root/6.30.07-8b1a11e1ef0e074fdfd44e162b27e71c/lib/libRooFitCore.so
#8  0x00007f89c66c2013 in ?? ()
#9  0x0000000000000001 in ?? ()
#10 0x00007f89ec2cf078 in WrapperCall(long, unsigned long, void*, void*, void*) () from /cvmfs/cms.cern.ch/el9_amd64_gcc12/lcg/root/6.30.07-8b1a11e1ef0e074fdfd44e162b27e71c/lib/libcppyy_backend3_9.so
#11 0x00007f89ec350e97 in CPyCppyy::(anonymous namespace)::VoidExecutor::Execute(long, void*, CPyCppyy::CallContext*) () from /cvmfs/cms.cern.ch/el9_amd64_gcc12/lcg/root/6.30.07-8b1a11e1ef0e074fdfd44e162b27e71c/lib/libcppyy3_9.so
#12 0x00007f89ec33cf87 in CPyCppyy::CPPMethod::ExecuteFast(void*, long, CPyCppyy::CallContext*) [clone .isra.0] () from /cvmfs/cms.cern.ch/el9_amd64_gcc12/lcg/root/6.30.07-8b1a11e1ef0e074fdfd44e162b27e71c/lib/libcppyy3_9.so
#13 0x00007f89ec33e316 in CPyCppyy::CPPMethod::Execute(void*, long, CPyCppyy::CallContext*) () from /cvmfs/cms.cern.ch/el9_amd64_gcc12/lcg/root/6.30.07-8b1a11e1ef0e074fdfd44e162b27e71c/lib/libcppyy3_9.so
#14 0x00007f89ec33f0cf in CPyCppyy::CPPMethod::Call(CPyCppyy::CPPInstance*&, _object*, _object*, CPyCppyy::CallContext*) () from /cvmfs/cms.cern.ch/el9_amd64_gcc12/lcg/root/6.30.07-8b1a11e1ef0e074fdfd44e162b27e71c/lib/libcppyy3_9.so
#15 0x00007f89ec343e9a in CPyCppyy::(anonymous namespace)::mp_call(CPyCppyy::CPPOverload*, _object*, _object*) () from /cvmfs/cms.cern.ch/el9_amd64_gcc12/lcg/root/6.30.07-8b1a11e1ef0e074fdfd44e162b27e71c/lib/libcppyy3_9.so
#16 0x00007f89ecab786e in _PyObject_MakeTpCall (tstate=0x1f74180, callable=callable
entry=0x7f89c86d2a00, args=args
entry=0xa6dfbc0, nargs=1, keywords=keywords
entry=0x0) at Objects/call.c:191
#17 0x00007f89eca6e50a in _PyObject_VectorcallTstate (kwnames=0x0, nargsf=9223372036854775809, args=0xa6dfbc0, callable=0x7f89c86d2a00, tstate=<optimized out>) at ./Include/cpython/abstract.h:116
#18 _PyObject_VectorcallTstate (kwnames=0x0, nargsf=9223372036854775809, args=0xa6dfbc0, callable=0x7f89c86d2a00, tstate=<optimized out>) at ./Include/cpython/abstract.h:103
#19 PyObject_Vectorcall (kwnames=0x0, nargsf=9223372036854775809, args=<optimized out>, callable=0x7f89c86d2a00) at ./Include/cpython/abstract.h:127
#20 call_function (kwnames=0x0, oparg=1, pp_stack=<synthetic pointer>, tstate=0x1f74180) at Python/ceval.c:5077
#21 _PyEval_EvalFrameDefault (tstate=<optimized out>, f=<optimized out>, throwflag=<optimized out>) at Python/ceval.c:3489
#22 0x00007f89eca659fb in _PyEval_EvalFrame (throwflag=0, f=0xa6df9e0, tstate=0x1f74180) at ./Include/internal/pycore_ceval.h:40
#23 function_code_fastcall (tstate=0x1f74180, co=<optimized out>, args=<optimized out>, nargs=1, globals=<optimized out>) at Objects/call.c:330
#24 0x00007f89eca6cd0f in _PyObject_VectorcallTstate (kwnames=0x0, nargsf=<optimized out>, args=0x7f89c86e1740, callable=0x7f89ec3b7700, tstate=0x1f74180) at ./Include/cpython/abstract.h:118
#25 PyObject_Vectorcall (kwnames=0x0, nargsf=<optimized out>, args=<optimized out>, callable=<optimized out>) at ./Include/cpython/abstract.h:127
#26 call_function (kwnames=0x0, oparg=<optimized out>, pp_stack=<synthetic pointer>, tstate=0x1f74180) at Python/ceval.c:5077
#27 _PyEval_EvalFrameDefault (tstate=<optimized out>, f=<optimized out>, throwflag=<optimized out>) at Python/ceval.c:3506
#28 0x00007f89ecb9ea91 in _PyEval_EvalFrame (throwflag=0, f=0x7f89c86e15b0, tstate=0x1f74180) at ./Include/internal/pycore_ceval.h:40
#29 _PyEval_EvalCode (tstate=tstate
entry=0x1f74180, _co=<optimized out>, globals=<optimized out>, locals=locals
entry=0x0, args=<optimized out>, argcount=1, kwnames=0x7f89ec6c32f8, kwargs=0x1fc81b0, kwcount=1, kwstep=1, defs=0x7f89e5bb6808, defcount=1, kwdefs=0x0, closure=0x0, name=0x7f89ec54a7f0, qualname=0x7f89ddec4710) at Python/ceval.c:4329
#30 0x00007f89ecab769d in _PyFunction_Vectorcall (func=<optimized out>, stack=<optimized out>, nargsf=<optimized out>, kwnames=<optimized out>) at Objects/call.c:396
#31 0x00007f89ecaba198 in _PyObject_VectorcallTstate (kwnames=0x7f89ec6c32e0, nargsf=1, args=0x1fc81a8, callable=0x7f89ddec7f70, tstate=0x1f74180) at ./Include/cpython/abstract.h:118
#32 method_vectorcall (method=<optimized out>, args=0x1fc81b0, nargsf=<optimized out>, kwnames=0x7f89ec6c32e0) at Objects/classobject.c:53
#33 0x00007f89eca6bde6 in _PyObject_VectorcallTstate (kwnames=0x7f89ec6c32e0, nargsf=9223372036854775808, args=0x1fc81b0, callable=0x7f89c86ed7c0, tstate=0x1f74180) at ./Include/cpython/abstract.h:118
#34 PyObject_Vectorcall (kwnames=0x7f89ec6c32e0, nargsf=9223372036854775808, args=0x1fc81b0, callable=<optimized out>) at ./Include/cpython/abstract.h:127
#35 call_function (kwnames=0x7f89ec6c32e0, oparg=<optimized out>, pp_stack=<synthetic pointer>, tstate=0x1f74180) at Python/ceval.c:5077
#36 _PyEval_EvalFrameDefault (tstate=<optimized out>, f=<optimized out>, throwflag=<optimized out>) at Python/ceval.c:3537
#37 0x00007f89ecb9ea91 in _PyEval_EvalFrame (throwflag=0, f=0x1fc8040, tstate=0x1f74180) at ./Include/internal/pycore_ceval.h:40
#38 _PyEval_EvalCode (tstate=0x1f74180, _co=_co
entry=0x7f89ec7383a0, globals=globals
entry=0x7f89ec75a3c0, locals=locals
entry=0x7f89ec75a3c0, args=args
entry=0x0, argcount=argcount
entry=0, kwnames=0x0, kwargs=0x0, kwcount=0, kwstep=2, defs=0x0, defcount=0, kwdefs=0x0, closure=0x0, name=0x0, qualname=0x0) at Python/ceval.c:4329
#39 0x00007f89ecb9ee32 in _PyEval_EvalCodeWithName (_co=_co
entry=0x7f89ec7383a0, globals=globals
entry=0x7f89ec75a3c0, locals=locals
entry=0x7f89ec75a3c0, args=args
entry=0x0, argcount=argcount
entry=0, kwnames=kwnames
entry=0x0, kwargs=0x0, kwcount=0, kwstep=2, defs=0x0, defcount=0, kwdefs=0x0, closure=0x0, name=0x0, qualname=0x0) at Python/ceval.c:4361
#40 0x00007f89ecb9ee7b in PyEval_EvalCodeEx (_co=_co
entry=0x7f89ec7383a0, globals=globals
entry=0x7f89ec75a3c0, locals=locals
entry=0x7f89ec75a3c0, args=args
entry=0x0, argcount=argcount
entry=0, kws=kws
entry=0x0, kwcount=0, defs=0x0, defcount=0, kwdefs=0x0, closure=0x0) at Python/ceval.c:4377
#41 0x00007f89ecb9eeab in PyEval_EvalCode (co=co
entry=0x7f89ec7383a0, globals=globals
entry=0x7f89ec75a3c0, locals=locals
entry=0x7f89ec75a3c0) at Python/ceval.c:828
#42 0x00007f89ecbde3a9 in run_eval_code_obj (locals=0x7f89ec75a3c0, globals=0x7f89ec75a3c0, co=0x7f89ec7383a0, tstate=0x1f74180) at Python/pythonrun.c:1221
#43 run_mod (mod=<optimized out>, filename=filename
entry=0x7f89ec6c5390, globals=globals
entry=0x7f89ec75a3c0, locals=locals
entry=0x7f89ec75a3c0, flags=flags
entry=0x7ffcc76015f8, arena=arena
entry=0x7f89ec59afd0) at Python/pythonrun.c:1242
#44 0x00007f89ecbdfdf2 in pyrun_file (flags=0x7ffcc76015f8, closeit=1, locals=0x7f89ec75a3c0, globals=0x7f89ec75a3c0, start=257, filename=0x7f89ec6c5390, fp=0x1fc70f0) at Python/pythonrun.c:1140
#45 pyrun_simple_file (flags=0x7ffcc76015f8, closeit=1, filename=0x7f89ec6c5390, fp=0x1fc70f0) at Python/pythonrun.c:450
#46 PyRun_SimpleFileExFlags (fp=fp
entry=0x1fc70f0, filename=<optimized out>, closeit=closeit
entry=1, flags=flags
entry=0x7ffcc76015f8) at Python/pythonrun.c:483
#47 0x00007f89ecbe0453 in PyRun_AnyFileExFlags (fp=fp
entry=0x1fc70f0, filename=<optimized out>, closeit=closeit
entry=1, flags=flags
entry=0x7ffcc76015f8) at Python/pythonrun.c:92
#48 0x00007f89ecbfde28 in pymain_run_file (cf=0x7ffcc76015f8, config=0x1f71f60) at Modules/main.c:373
#49 pymain_run_python (exitcode=0x7ffcc76015f0) at Modules/main.c:598
#50 Py_RunMain () at Modules/main.c:677
#51 0x00007f89ecbfe347 in pymain_main (args=0x7ffcc76016e0) at Modules/main.c:707
#52 Py_BytesMain (argc=<optimized out>, argv=<optimized out>) at Modules/main.c:731
#53 0x00007f89ec820590 in __libc_start_call_main () from /lib64/libc.so.6
#54 0x00007f89ec820640 in __libc_start_main_impl () from /lib64/libc.so.6
#55 0x0000000000401075 in _start ()
===========================================================


 *** Break *** segmentation violation



===========================================================
There was a crash.
This is the entire stack trace of all threads:
===========================================================

Thread 9 (Thread 0x7f89ca0f0640 (LWP 1456072) "python3"):
#0  0x00007f89ec87d79a in __futex_abstimed_wait_common () from /lib64/libc.so.6
#1  0x00007f89ec87ffa0 in pthread_cond_wait

GLIBC_2.3.2 () from /lib64/libc.so.6
#2  0x00007f89cd99c04f in th_worker (tidptr=<optimized out>) at numexpr/module.cpp:60
#3  0x00007f89ec880c02 in start_thread () from /lib64/libc.so.6
#4  0x00007f89ec905c40 in clone3 () from /lib64/libc.so.6

Thread 8 (Thread 0x7f89ca8f1640 (LWP 1456061) "python3"):
#0  0x00007f89ec87d79a in __futex_abstimed_wait_common () from /lib64/libc.so.6
#1  0x00007f89ec87ffa0 in pthread_cond_wait

GLIBC_2.3.2 () from /lib64/libc.so.6
#2  0x00007f89cd99c04f in th_worker (tidptr=<optimized out>) at numexpr/module.cpp:60
#3  0x00007f89ec880c02 in start_thread () from /lib64/libc.so.6
#4  0x00007f89ec905c40 in clone3 () from /lib64/libc.so.6

Thread 7 (Thread 0x7f89cb0f2640 (LWP 1456050) "python3"):
#0  0x00007f89ec87d79a in __futex_abstimed_wait_common () from /lib64/libc.so.6
#1  0x00007f89ec87ffa0 in pthread_cond_wait

GLIBC_2.3.2 () from /lib64/libc.so.6
#2  0x00007f89cd99c04f in th_worker (tidptr=<optimized out>) at numexpr/module.cpp:60
#3  0x00007f89ec880c02 in start_thread () from /lib64/libc.so.6
#4  0x00007f89ec905c40 in clone3 () from /lib64/libc.so.6

Thread 6 (Thread 0x7f89cb8f3640 (LWP 1456039) "python3"):
#0  0x00007f89ec87d79a in __futex_abstimed_wait_common () from /lib64/libc.so.6
#1  0x00007f89ec87ffa0 in pthread_cond_wait

GLIBC_2.3.2 () from /lib64/libc.so.6
#2  0x00007f89cd99c04f in th_worker (tidptr=<optimized out>) at numexpr/module.cpp:60
#3  0x00007f89ec880c02 in start_thread () from /lib64/libc.so.6
#4  0x00007f89ec905c40 in clone3 () from /lib64/libc.so.6

Thread 5 (Thread 0x7f89cc0f4640 (LWP 1456032) "python3"):
#0  0x00007f89ec87d79a in __futex_abstimed_wait_common () from /lib64/libc.so.6
#1  0x00007f89ec87ffa0 in pthread_cond_wait

GLIBC_2.3.2 () from /lib64/libc.so.6
#2  0x00007f89cd99c04f in th_worker (tidptr=<optimized out>) at numexpr/module.cpp:60
#3  0x00007f89ec880c02 in start_thread () from /lib64/libc.so.6
#4  0x00007f89ec905c40 in clone3 () from /lib64/libc.so.6

Thread 4 (Thread 0x7f89cc8f5640 (LWP 1456021) "python3"):
#0  0x00007f89ec87d79a in __futex_abstimed_wait_common () from /lib64/libc.so.6
#1  0x00007f89ec87ffa0 in pthread_cond_wait

GLIBC_2.3.2 () from /lib64/libc.so.6
#2  0x00007f89cd99c04f in th_worker (tidptr=<optimized out>) at numexpr/module.cpp:60
#3  0x00007f89ec880c02 in start_thread () from /lib64/libc.so.6
#4  0x00007f89ec905c40 in clone3 () from /lib64/libc.so.6

Thread 3 (Thread 0x7f89cd0f6640 (LWP 1456008) "python3"):
#0  0x00007f89ec87d79a in __futex_abstimed_wait_common () from /lib64/libc.so.6
#1  0x00007f89ec87ffa0 in pthread_cond_wait

GLIBC_2.3.2 () from /lib64/libc.so.6
#2  0x00007f89cd99c04f in th_worker (tidptr=<optimized out>) at numexpr/module.cpp:60
#3  0x00007f89ec880c02 in start_thread () from /lib64/libc.so.6
#4  0x00007f89ec905c40 in clone3 () from /lib64/libc.so.6

Thread 2 (Thread 0x7f89cd8f7640 (LWP 1456001) "python3"):
#0  0x00007f89ec87d79a in __futex_abstimed_wait_common () from /lib64/libc.so.6
#1  0x00007f89ec87ffa0 in pthread_cond_wait

GLIBC_2.3.2 () from /lib64/libc.so.6
#2  0x00007f89cd99c04f in th_worker (tidptr=<optimized out>) at numexpr/module.cpp:60
#3  0x00007f89ec880c02 in start_thread () from /lib64/libc.so.6
#4  0x00007f89ec905c40 in clone3 () from /lib64/libc.so.6

Thread 1 (Thread 0x7f89ece59740 (LWP 1449402) "python3"):
#0  0x00007f89ec8cfa3f in wait4 () from /lib64/libc.so.6
#1  0x00007f89ec842243 in do_system () from /lib64/libc.so.6
#2  0x00007f89ec16743d in TUnixSystem::StackTrace() () from /cvmfs/cms.cern.ch/el9_amd64_gcc12/lcg/root/6.30.07-8b1a11e1ef0e074fdfd44e162b27e71c/lib/libCore.so
#3  0x00007f89ec2ce423 in (anonymous namespace)::TExceptionHandlerImp::HandleException(int) () from /cvmfs/cms.cern.ch/el9_amd64_gcc12/lcg/root/6.30.07-8b1a11e1ef0e074fdfd44e162b27e71c/lib/libcppyy_backend3_9.so
#4  0x00007f89ec166c71 in TUnixSystem::DispatchSignals(ESignals) () from /cvmfs/cms.cern.ch/el9_amd64_gcc12/lcg/root/6.30.07-8b1a11e1ef0e074fdfd44e162b27e71c/lib/libCore.so
#5  <signal handler called>
#6  0x00007f89c810364d in RooStats::ModelConfig::SetHasOnlyParameters(RooArgSet const&, char const*) () from /cvmfs/cms.cern.ch/el9_amd64_gcc12/lcg/root/6.30.07-8b1a11e1ef0e074fdfd44e162b27e71c/lib/libRooFitCore.so
#7  0x00007f89c8109d30 in RooStats::ModelConfig::SetObservables(RooArgSet const&) () from /cvmfs/cms.cern.ch/el9_amd64_gcc12/lcg/root/6.30.07-8b1a11e1ef0e074fdfd44e162b27e71c/lib/libRooFitCore.so
#8  0x00007f89c66c2013 in ?? ()
#9  0x0000000000000001 in ?? ()
#10 0x00007f89ec2cf078 in WrapperCall(long, unsigned long, void*, void*, void*) () from /cvmfs/cms.cern.ch/el9_amd64_gcc12/lcg/root/6.30.07-8b1a11e1ef0e074fdfd44e162b27e71c/lib/libcppyy_backend3_9.so
#11 0x00007f89ec350e97 in CPyCppyy::(anonymous namespace)::VoidExecutor::Execute(long, void*, CPyCppyy::CallContext*) () from /cvmfs/cms.cern.ch/el9_amd64_gcc12/lcg/root/6.30.07-8b1a11e1ef0e074fdfd44e162b27e71c/lib/libcppyy3_9.so
#12 0x00007f89ec33cf87 in CPyCppyy::CPPMethod::ExecuteFast(void*, long, CPyCppyy::CallContext*) [clone .isra.0] () from /cvmfs/cms.cern.ch/el9_amd64_gcc12/lcg/root/6.30.07-8b1a11e1ef0e074fdfd44e162b27e71c/lib/libcppyy3_9.so
#13 0x00007f89ec33e316 in CPyCppyy::CPPMethod::Execute(void*, long, CPyCppyy::CallContext*) () from /cvmfs/cms.cern.ch/el9_amd64_gcc12/lcg/root/6.30.07-8b1a11e1ef0e074fdfd44e162b27e71c/lib/libcppyy3_9.so
#14 0x00007f89ec33f0cf in CPyCppyy::CPPMethod::Call(CPyCppyy::CPPInstance*&, _object*, _object*, CPyCppyy::CallContext*) () from /cvmfs/cms.cern.ch/el9_amd64_gcc12/lcg/root/6.30.07-8b1a11e1ef0e074fdfd44e162b27e71c/lib/libcppyy3_9.so
#15 0x00007f89ec343e9a in CPyCppyy::(anonymous namespace)::mp_call(CPyCppyy::CPPOverload*, _object*, _object*) () from /cvmfs/cms.cern.ch/el9_amd64_gcc12/lcg/root/6.30.07-8b1a11e1ef0e074fdfd44e162b27e71c/lib/libcppyy3_9.so
#16 0x00007f89ecab786e in _PyObject_MakeTpCall (tstate=0x1f74180, callable=callable
entry=0x7f89c86d2a00, args=args
entry=0xa6dfbc0, nargs=1, keywords=keywords
entry=0x0) at Objects/call.c:191
#17 0x00007f89eca6e50a in _PyObject_VectorcallTstate (kwnames=0x0, nargsf=9223372036854775809, args=0xa6dfbc0, callable=0x7f89c86d2a00, tstate=<optimized out>) at ./Include/cpython/abstract.h:116
#18 _PyObject_VectorcallTstate (kwnames=0x0, nargsf=9223372036854775809, args=0xa6dfbc0, callable=0x7f89c86d2a00, tstate=<optimized out>) at ./Include/cpython/abstract.h:103
#19 PyObject_Vectorcall (kwnames=0x0, nargsf=9223372036854775809, args=<optimized out>, callable=0x7f89c86d2a00) at ./Include/cpython/abstract.h:127
#20 call_function (kwnames=0x0, oparg=1, pp_stack=<synthetic pointer>, tstate=0x1f74180) at Python/ceval.c:5077
#21 _PyEval_EvalFrameDefault (tstate=<optimized out>, f=<optimized out>, throwflag=<optimized out>) at Python/ceval.c:3489
#22 0x00007f89eca659fb in _PyEval_EvalFrame (throwflag=0, f=0xa6df9e0, tstate=0x1f74180) at ./Include/internal/pycore_ceval.h:40
#23 function_code_fastcall (tstate=0x1f74180, co=<optimized out>, args=<optimized out>, nargs=1, globals=<optimized out>) at Objects/call.c:330
#24 0x00007f89eca6cd0f in _PyObject_VectorcallTstate (kwnames=0x0, nargsf=<optimized out>, args=0x7f89c86e1740, callable=0x7f89ec3b7700, tstate=0x1f74180) at ./Include/cpython/abstract.h:118
#25 PyObject_Vectorcall (kwnames=0x0, nargsf=<optimized out>, args=<optimized out>, callable=<optimized out>) at ./Include/cpython/abstract.h:127
#26 call_function (kwnames=0x0, oparg=<optimized out>, pp_stack=<synthetic pointer>, tstate=0x1f74180) at Python/ceval.c:5077
#27 _PyEval_EvalFrameDefault (tstate=<optimized out>, f=<optimized out>, throwflag=<optimized out>) at Python/ceval.c:3506
#28 0x00007f89ecb9ea91 in _PyEval_EvalFrame (throwflag=0, f=0x7f89c86e15b0, tstate=0x1f74180) at ./Include/internal/pycore_ceval.h:40
#29 _PyEval_EvalCode (tstate=tstate
entry=0x1f74180, _co=<optimized out>, globals=<optimized out>, locals=locals
entry=0x0, args=<optimized out>, argcount=1, kwnames=0x7f89ec6c32f8, kwargs=0x1fc81b0, kwcount=1, kwstep=1, defs=0x7f89e5bb6808, defcount=1, kwdefs=0x0, closure=0x0, name=0x7f89ec54a7f0, qualname=0x7f89ddec4710) at Python/ceval.c:4329
#30 0x00007f89ecab769d in _PyFunction_Vectorcall (func=<optimized out>, stack=<optimized out>, nargsf=<optimized out>, kwnames=<optimized out>) at Objects/call.c:396
#31 0x00007f89ecaba198 in _PyObject_VectorcallTstate (kwnames=0x7f89ec6c32e0, nargsf=1, args=0x1fc81a8, callable=0x7f89ddec7f70, tstate=0x1f74180) at ./Include/cpython/abstract.h:118
#32 method_vectorcall (method=<optimized out>, args=0x1fc81b0, nargsf=<optimized out>, kwnames=0x7f89ec6c32e0) at Objects/classobject.c:53
#33 0x00007f89eca6bde6 in _PyObject_VectorcallTstate (kwnames=0x7f89ec6c32e0, nargsf=9223372036854775808, args=0x1fc81b0, callable=0x7f89c86ed7c0, tstate=0x1f74180) at ./Include/cpython/abstract.h:118
#34 PyObject_Vectorcall (kwnames=0x7f89ec6c32e0, nargsf=9223372036854775808, args=0x1fc81b0, callable=<optimized out>) at ./Include/cpython/abstract.h:127
#35 call_function (kwnames=0x7f89ec6c32e0, oparg=<optimized out>, pp_stack=<synthetic pointer>, tstate=0x1f74180) at Python/ceval.c:5077
#36 _PyEval_EvalFrameDefault (tstate=<optimized out>, f=<optimized out>, throwflag=<optimized out>) at Python/ceval.c:3537
#37 0x00007f89ecb9ea91 in _PyEval_EvalFrame (throwflag=0, f=0x1fc8040, tstate=0x1f74180) at ./Include/internal/pycore_ceval.h:40
#38 _PyEval_EvalCode (tstate=0x1f74180, _co=_co
entry=0x7f89ec7383a0, globals=globals
entry=0x7f89ec75a3c0, locals=locals
entry=0x7f89ec75a3c0, args=args
entry=0x0, argcount=argcount
entry=0, kwnames=0x0, kwargs=0x0, kwcount=0, kwstep=2, defs=0x0, defcount=0, kwdefs=0x0, closure=0x0, name=0x0, qualname=0x0) at Python/ceval.c:4329
#39 0x00007f89ecb9ee32 in _PyEval_EvalCodeWithName (_co=_co
entry=0x7f89ec7383a0, globals=globals
entry=0x7f89ec75a3c0, locals=locals
entry=0x7f89ec75a3c0, args=args
entry=0x0, argcount=argcount
entry=0, kwnames=kwnames
entry=0x0, kwargs=0x0, kwcount=0, kwstep=2, defs=0x0, defcount=0, kwdefs=0x0, closure=0x0, name=0x0, qualname=0x0) at Python/ceval.c:4361
#40 0x00007f89ecb9ee7b in PyEval_EvalCodeEx (_co=_co
entry=0x7f89ec7383a0, globals=globals
entry=0x7f89ec75a3c0, locals=locals
entry=0x7f89ec75a3c0, args=args
entry=0x0, argcount=argcount
entry=0, kws=kws
entry=0x0, kwcount=0, defs=0x0, defcount=0, kwdefs=0x0, closure=0x0) at Python/ceval.c:4377
#41 0x00007f89ecb9eeab in PyEval_EvalCode (co=co
entry=0x7f89ec7383a0, globals=globals
entry=0x7f89ec75a3c0, locals=locals
entry=0x7f89ec75a3c0) at Python/ceval.c:828
#42 0x00007f89ecbde3a9 in run_eval_code_obj (locals=0x7f89ec75a3c0, globals=0x7f89ec75a3c0, co=0x7f89ec7383a0, tstate=0x1f74180) at Python/pythonrun.c:1221
#43 run_mod (mod=<optimized out>, filename=filename
entry=0x7f89ec6c5390, globals=globals
entry=0x7f89ec75a3c0, locals=locals
entry=0x7f89ec75a3c0, flags=flags
entry=0x7ffcc76015f8, arena=arena
entry=0x7f89ec59afd0) at Python/pythonrun.c:1242
#44 0x00007f89ecbdfdf2 in pyrun_file (flags=0x7ffcc76015f8, closeit=1, locals=0x7f89ec75a3c0, globals=0x7f89ec75a3c0, start=257, filename=0x7f89ec6c5390, fp=0x1fc70f0) at Python/pythonrun.c:1140
#45 pyrun_simple_file (flags=0x7ffcc76015f8, closeit=1, filename=0x7f89ec6c5390, fp=0x1fc70f0) at Python/pythonrun.c:450
#46 PyRun_SimpleFileExFlags (fp=fp
entry=0x1fc70f0, filename=<optimized out>, closeit=closeit
entry=1, flags=flags
entry=0x7ffcc76015f8) at Python/pythonrun.c:483
#47 0x00007f89ecbe0453 in PyRun_AnyFileExFlags (fp=fp
entry=0x1fc70f0, filename=<optimized out>, closeit=closeit
entry=1, flags=flags
entry=0x7ffcc76015f8) at Python/pythonrun.c:92
#48 0x00007f89ecbfde28 in pymain_run_file (cf=0x7ffcc76015f8, config=0x1f71f60) at Modules/main.c:373
#49 pymain_run_python (exitcode=0x7ffcc76015f0) at Modules/main.c:598
#50 Py_RunMain () at Modules/main.c:677
#51 0x00007f89ecbfe347 in pymain_main (args=0x7ffcc76016e0) at Modules/main.c:707
#52 Py_BytesMain (argc=<optimized out>, argv=<optimized out>) at Modules/main.c:731
#53 0x00007f89ec820590 in __libc_start_call_main () from /lib64/libc.so.6
#54 0x00007f89ec820640 in __libc_start_main_impl () from /lib64/libc.so.6
#55 0x0000000000401075 in _start ()
===========================================================


The lines below might hint at the cause of the crash. If you see question
marks as part of the stack trace, try to recompile with debugging information
enabled and export CLING_DEBUG=1 environment variable before running.
You may get help by asking at the ROOT forum https://root.cern/forum
preferably using the command (.forum bug) in the ROOT prompt.
Only if you are really convinced it is a bug in ROOT then please submit a
report at https://root.cern/bugs or (preferably) using the command (.gh bug) in
the ROOT prompt. Please post the ENTIRE stack trace
from above as an attachment in addition to anything else
that might help us fixing this issue.
===========================================================
#6  0x00007f89c810364d in RooStats::ModelConfig::SetHasOnlyParameters(RooArgSet const&, char const*) () from /cvmfs/cms.cern.ch/el9_amd64_gcc12/lcg/root/6.30.07-8b1a11e1ef0e074fdfd44e162b27e71c/lib/libRooFitCore.so
#7  0x00007f89c8109d30 in RooStats::ModelConfig::SetObservables(RooArgSet const&) () from /cvmfs/cms.cern.ch/el9_amd64_gcc12/lcg/root/6.30.07-8b1a11e1ef0e074fdfd44e162b27e71c/lib/libRooFitCore.so
#8  0x00007f89c66c2013 in ?? ()
#9  0x0000000000000001 in ?? ()
#10 0x00007f89ec2cf078 in WrapperCall(long, unsigned long, void*, void*, void*) () from /cvmfs/cms.cern.ch/el9_amd64_gcc12/lcg/root/6.30.07-8b1a11e1ef0e074fdfd44e162b27e71c/lib/libcppyy_backend3_9.so
#11 0x00007f89ec350e97 in CPyCppyy::(anonymous namespace)::VoidExecutor::Execute(long, void*, CPyCppyy::CallContext*) () from /cvmfs/cms.cern.ch/el9_amd64_gcc12/lcg/root/6.30.07-8b1a11e1ef0e074fdfd44e162b27e71c/lib/libcppyy3_9.so
#12 0x00007f89ec33cf87 in CPyCppyy::CPPMethod::ExecuteFast(void*, long, CPyCppyy::CallContext*) [clone .isra.0] () from /cvmfs/cms.cern.ch/el9_amd64_gcc12/lcg/root/6.30.07-8b1a11e1ef0e074fdfd44e162b27e71c/lib/libcppyy3_9.so
#13 0x00007f89ec33e316 in CPyCppyy::CPPMethod::Execute(void*, long, CPyCppyy::CallContext*) () from /cvmfs/cms.cern.ch/el9_amd64_gcc12/lcg/root/6.30.07-8b1a11e1ef0e074fdfd44e162b27e71c/lib/libcppyy3_9.so
#14 0x00007f89ec33f0cf in CPyCppyy::CPPMethod::Call(CPyCppyy::CPPInstance*&, _object*, _object*, CPyCppyy::CallContext*) () from /cvmfs/cms.cern.ch/el9_amd64_gcc12/lcg/root/6.30.07-8b1a11e1ef0e074fdfd44e162b27e71c/lib/libcppyy3_9.so
#15 0x00007f89ec343e9a in CPyCppyy::(anonymous namespace)::mp_call(CPyCppyy::CPPOverload*, _object*, _object*) () from /cvmfs/cms.cern.ch/el9_amd64_gcc12/lcg/root/6.30.07-8b1a11e1ef0e074fdfd44e162b27e71c/lib/libcppyy3_9.so
#16 0x00007f89ecab786e in _PyObject_MakeTpCall (tstate=0x1f74180, callable=callable
entry=0x7f89c86d2a00, args=args
entry=0xa6dfbc0, nargs=1, keywords=keywords
entry=0x0) at Objects/call.c:191
#17 0x00007f89eca6e50a in _PyObject_VectorcallTstate (kwnames=0x0, nargsf=9223372036854775809, args=0xa6dfbc0, callable=0x7f89c86d2a00, tstate=<optimized out>) at ./Include/cpython/abstract.h:116
#18 _PyObject_VectorcallTstate (kwnames=0x0, nargsf=9223372036854775809, args=0xa6dfbc0, callable=0x7f89c86d2a00, tstate=<optimized out>) at ./Include/cpython/abstract.h:103
#19 PyObject_Vectorcall (kwnames=0x0, nargsf=9223372036854775809, args=<optimized out>, callable=0x7f89c86d2a00) at ./Include/cpython/abstract.h:127
#20 call_function (kwnames=0x0, oparg=1, pp_stack=<synthetic pointer>, tstate=0x1f74180) at Python/ceval.c:5077
#21 _PyEval_EvalFrameDefault (tstate=<optimized out>, f=<optimized out>, throwflag=<optimized out>) at Python/ceval.c:3489
#22 0x00007f89eca659fb in _PyEval_EvalFrame (throwflag=0, f=0xa6df9e0, tstate=0x1f74180) at ./Include/internal/pycore_ceval.h:40
#23 function_code_fastcall (tstate=0x1f74180, co=<optimized out>, args=<optimized out>, nargs=1, globals=<optimized out>) at Objects/call.c:330
#24 0x00007f89eca6cd0f in _PyObject_VectorcallTstate (kwnames=0x0, nargsf=<optimized out>, args=0x7f89c86e1740, callable=0x7f89ec3b7700, tstate=0x1f74180) at ./Include/cpython/abstract.h:118
#25 PyObject_Vectorcall (kwnames=0x0, nargsf=<optimized out>, args=<optimized out>, callable=<optimized out>) at ./Include/cpython/abstract.h:127
#26 call_function (kwnames=0x0, oparg=<optimized out>, pp_stack=<synthetic pointer>, tstate=0x1f74180) at Python/ceval.c:5077
#27 _PyEval_EvalFrameDefault (tstate=<optimized out>, f=<optimized out>, throwflag=<optimized out>) at Python/ceval.c:3506
#28 0x00007f89ecb9ea91 in _PyEval_EvalFrame (throwflag=0, f=0x7f89c86e15b0, tstate=0x1f74180) at ./Include/internal/pycore_ceval.h:40
#29 _PyEval_EvalCode (tstate=tstate
entry=0x1f74180, _co=<optimized out>, globals=<optimized out>, locals=locals
entry=0x0, args=<optimized out>, argcount=1, kwnames=0x7f89ec6c32f8, kwargs=0x1fc81b0, kwcount=1, kwstep=1, defs=0x7f89e5bb6808, defcount=1, kwdefs=0x0, closure=0x0, name=0x7f89ec54a7f0, qualname=0x7f89ddec4710) at Python/ceval.c:4329
#30 0x00007f89ecab769d in _PyFunction_Vectorcall (func=<optimized out>, stack=<optimized out>, nargsf=<optimized out>, kwnames=<optimized out>) at Objects/call.c:396
#31 0x00007f89ecaba198 in _PyObject_VectorcallTstate (kwnames=0x7f89ec6c32e0, nargsf=1, args=0x1fc81a8, callable=0x7f89ddec7f70, tstate=0x1f74180) at ./Include/cpython/abstract.h:118
#32 method_vectorcall (method=<optimized out>, args=0x1fc81b0, nargsf=<optimized out>, kwnames=0x7f89ec6c32e0) at Objects/classobject.c:53
#33 0x00007f89eca6bde6 in _PyObject_VectorcallTstate (kwnames=0x7f89ec6c32e0, nargsf=9223372036854775808, args=0x1fc81b0, callable=0x7f89c86ed7c0, tstate=0x1f74180) at ./Include/cpython/abstract.h:118
#34 PyObject_Vectorcall (kwnames=0x7f89ec6c32e0, nargsf=9223372036854775808, args=0x1fc81b0, callable=<optimized out>) at ./Include/cpython/abstract.h:127
#35 call_function (kwnames=0x7f89ec6c32e0, oparg=<optimized out>, pp_stack=<synthetic pointer>, tstate=0x1f74180) at Python/ceval.c:5077
#36 _PyEval_EvalFrameDefault (tstate=<optimized out>, f=<optimized out>, throwflag=<optimized out>) at Python/ceval.c:3537
#37 0x00007f89ecb9ea91 in _PyEval_EvalFrame (throwflag=0, f=0x1fc8040, tstate=0x1f74180) at ./Include/internal/pycore_ceval.h:40
#38 _PyEval_EvalCode (tstate=0x1f74180, _co=_co
entry=0x7f89ec7383a0, globals=globals
entry=0x7f89ec75a3c0, locals=locals
entry=0x7f89ec75a3c0, args=args
entry=0x0, argcount=argcount
entry=0, kwnames=0x0, kwargs=0x0, kwcount=0, kwstep=2, defs=0x0, defcount=0, kwdefs=0x0, closure=0x0, name=0x0, qualname=0x0) at Python/ceval.c:4329
#39 0x00007f89ecb9ee32 in _PyEval_EvalCodeWithName (_co=_co
entry=0x7f89ec7383a0, globals=globals
entry=0x7f89ec75a3c0, locals=locals
entry=0x7f89ec75a3c0, args=args
entry=0x0, argcount=argcount
entry=0, kwnames=kwnames
entry=0x0, kwargs=0x0, kwcount=0, kwstep=2, defs=0x0, defcount=0, kwdefs=0x0, closure=0x0, name=0x0, qualname=0x0) at Python/ceval.c:4361
#40 0x00007f89ecb9ee7b in PyEval_EvalCodeEx (_co=_co
entry=0x7f89ec7383a0, globals=globals
entry=0x7f89ec75a3c0, locals=locals
entry=0x7f89ec75a3c0, args=args
entry=0x0, argcount=argcount
entry=0, kws=kws
entry=0x0, kwcount=0, defs=0x0, defcount=0, kwdefs=0x0, closure=0x0) at Python/ceval.c:4377
#41 0x00007f89ecb9eeab in PyEval_EvalCode (co=co
entry=0x7f89ec7383a0, globals=globals
entry=0x7f89ec75a3c0, locals=locals
entry=0x7f89ec75a3c0) at Python/ceval.c:828
#42 0x00007f89ecbde3a9 in run_eval_code_obj (locals=0x7f89ec75a3c0, globals=0x7f89ec75a3c0, co=0x7f89ec7383a0, tstate=0x1f74180) at Python/pythonrun.c:1221
#43 run_mod (mod=<optimized out>, filename=filename
entry=0x7f89ec6c5390, globals=globals
entry=0x7f89ec75a3c0, locals=locals
entry=0x7f89ec75a3c0, flags=flags
entry=0x7ffcc76015f8, arena=arena
entry=0x7f89ec59afd0) at Python/pythonrun.c:1242
#44 0x00007f89ecbdfdf2 in pyrun_file (flags=0x7ffcc76015f8, closeit=1, locals=0x7f89ec75a3c0, globals=0x7f89ec75a3c0, start=257, filename=0x7f89ec6c5390, fp=0x1fc70f0) at Python/pythonrun.c:1140
#45 pyrun_simple_file (flags=0x7ffcc76015f8, closeit=1, filename=0x7f89ec6c5390, fp=0x1fc70f0) at Python/pythonrun.c:450
#46 PyRun_SimpleFileExFlags (fp=fp
entry=0x1fc70f0, filename=<optimized out>, closeit=closeit
entry=1, flags=flags
entry=0x7ffcc76015f8) at Python/pythonrun.c:483
#47 0x00007f89ecbe0453 in PyRun_AnyFileExFlags (fp=fp
entry=0x1fc70f0, filename=<optimized out>, closeit=closeit
entry=1, flags=flags
entry=0x7ffcc76015f8) at Python/pythonrun.c:92
#48 0x00007f89ecbfde28 in pymain_run_file (cf=0x7ffcc76015f8, config=0x1f71f60) at Modules/main.c:373
#49 pymain_run_python (exitcode=0x7ffcc76015f0) at Modules/main.c:598
#50 Py_RunMain () at Modules/main.c:677
#51 0x00007f89ecbfe347 in pymain_main (args=0x7ffcc76016e0) at Modules/main.c:707
#52 Py_BytesMain (argc=<optimized out>, argv=<optimized out>) at Modules/main.c:731
#53 0x00007f89ec820590 in __libc_start_call_main () from /lib64/libc.so.6
#54 0x00007f89ec820640 in __libc_start_main_impl () from /lib64/libc.so.6
#55 0x0000000000401075 in _start ()
===========================================================


Error when running the combination:
	File /home/submit/lavezzo/SUEP/CMSSW_14_1_0_pre4/src/SUEPLimits/cards/WH_11_20_fixed_noShape/cards-SUEP_mS125.000_mPhi8.000_T2.000_modegeneric/combined.root does not exist

 ----------------- 

/tmp/submit_higgsCombineSUEP_mS125.000_mPhi8.000_T32.000_modegeneric.AsymptoticLimits.mH125.sh: line 20: warning: here-document at line 7 delimited by end-of-file (wanted `EOF')
Traceback (most recent call last):
  File "/home/submit/lavezzo/SUEP/CMSSW_14_1_0_pre4/bin/el9_amd64_gcc12/combineCards.py", line 162, in <module>
    file = open(fname, "r")
FileNotFoundError: [Errno 2] No such file or directory: 'cards-SUEP_mS125.000_mPhi8.000_T32.000_modegeneric/shapes-GJHScrA2018.dat'
 *** Break *** segmentation violation



===========================================================
There was a crash.
This is the entire stack trace of all threads:
===========================================================

Thread 9 (Thread 0x7f8556428640 (LWP 1456143) "python3"):
#0  0x00007f8578ba279a in __futex_abstimed_wait_common () from /lib64/libc.so.6
#1  0x00007f8578ba4fa0 in pthread_cond_wait

GLIBC_2.3.2 () from /lib64/libc.so.6
#2  0x00007f856198204f in th_worker (tidptr=<optimized out>) at numexpr/module.cpp:60
#3  0x00007f8578ba5c02 in start_thread () from /lib64/libc.so.6
#4  0x00007f8578c2ac40 in clone3 () from /lib64/libc.so.6

Thread 8 (Thread 0x7f8556c29640 (LWP 1456140) "python3"):
#0  0x00007f8578ba279a in __futex_abstimed_wait_common () from /lib64/libc.so.6
#1  0x00007f8578ba4fa0 in pthread_cond_wait

GLIBC_2.3.2 () from /lib64/libc.so.6
#2  0x00007f856198204f in th_worker (tidptr=<optimized out>) at numexpr/module.cpp:60
#3  0x00007f8578ba5c02 in start_thread () from /lib64/libc.so.6
#4  0x00007f8578c2ac40 in clone3 () from /lib64/libc.so.6

Thread 7 (Thread 0x7f855742a640 (LWP 1456137) "python3"):
#0  0x00007f8578ba279a in __futex_abstimed_wait_common () from /lib64/libc.so.6
#1  0x00007f8578ba4fa0 in pthread_cond_wait

GLIBC_2.3.2 () from /lib64/libc.so.6
#2  0x00007f856198204f in th_worker (tidptr=<optimized out>) at numexpr/module.cpp:60
#3  0x00007f8578ba5c02 in start_thread () from /lib64/libc.so.6
#4  0x00007f8578c2ac40 in clone3 () from /lib64/libc.so.6

Thread 6 (Thread 0x7f8557c2b640 (LWP 1456130) "python3"):
#0  0x00007f8578ba279a in __futex_abstimed_wait_common () from /lib64/libc.so.6
#1  0x00007f8578ba4fa0 in pthread_cond_wait

GLIBC_2.3.2 () from /lib64/libc.so.6
#2  0x00007f856198204f in th_worker (tidptr=<optimized out>) at numexpr/module.cpp:60
#3  0x00007f8578ba5c02 in start_thread () from /lib64/libc.so.6
#4  0x00007f8578c2ac40 in clone3 () from /lib64/libc.so.6

Thread 5 (Thread 0x7f855842c640 (LWP 1456123) "python3"):
#0  0x00007f8578ba279a in __futex_abstimed_wait_common () from /lib64/libc.so.6
#1  0x00007f8578ba4fa0 in pthread_cond_wait

GLIBC_2.3.2 () from /lib64/libc.so.6
#2  0x00007f856198204f in th_worker (tidptr=<optimized out>) at numexpr/module.cpp:60
#3  0x00007f8578ba5c02 in start_thread () from /lib64/libc.so.6
#4  0x00007f8578c2ac40 in clone3 () from /lib64/libc.so.6

Thread 4 (Thread 0x7f8558c2d640 (LWP 1456118) "python3"):
#0  0x00007f8578ba279a in __futex_abstimed_wait_common () from /lib64/libc.so.6
#1  0x00007f8578ba4fa0 in pthread_cond_wait

GLIBC_2.3.2 () from /lib64/libc.so.6
#2  0x00007f856198204f in th_worker (tidptr=<optimized out>) at numexpr/module.cpp:60
#3  0x00007f8578ba5c02 in start_thread () from /lib64/libc.so.6
#4  0x00007f8578c2ac40 in clone3 () from /lib64/libc.so.6

Thread 3 (Thread 0x7f855942e640 (LWP 1456110) "python3"):
#0  0x00007f8578ba279a in __futex_abstimed_wait_common () from /lib64/libc.so.6
#1  0x00007f8578ba4fa0 in pthread_cond_wait

GLIBC_2.3.2 () from /lib64/libc.so.6
#2  0x00007f856198204f in th_worker (tidptr=<optimized out>) at numexpr/module.cpp:60
#3  0x00007f8578ba5c02 in start_thread () from /lib64/libc.so.6
#4  0x00007f8578c2ac40 in clone3 () from /lib64/libc.so.6

Thread 2 (Thread 0x7f8559c2f640 (LWP 1456104) "python3"):
#0  0x00007f8578ba279a in __futex_abstimed_wait_common () from /lib64/libc.so.6
#1  0x00007f8578ba4fa0 in pthread_cond_wait

GLIBC_2.3.2 () from /lib64/libc.so.6
#2  0x00007f856198204f in th_worker (tidptr=<optimized out>) at numexpr/module.cpp:60
#3  0x00007f8578ba5c02 in start_thread () from /lib64/libc.so.6
#4  0x00007f8578c2ac40 in clone3 () from /lib64/libc.so.6

Thread 1 (Thread 0x7f8579228740 (LWP 1449416) "python3"):
#0  0x00007f8578bf4a3f in wait4 () from /lib64/libc.so.6
#1  0x00007f8578b67243 in do_system () from /lib64/libc.so.6
#2  0x00007f857836743d in TUnixSystem::StackTrace() () from /cvmfs/cms.cern.ch/el9_amd64_gcc12/lcg/root/6.30.07-8b1a11e1ef0e074fdfd44e162b27e71c/lib/libCore.so
#3  0x00007f85791cc5a3 in (anonymous namespace)::TExceptionHandlerImp::HandleException(int) () from /cvmfs/cms.cern.ch/el9_amd64_gcc12/lcg/root/6.30.07-8b1a11e1ef0e074fdfd44e162b27e71c/lib/libcppyy_backend3_9.so
#4  0x00007f8578366c71 in TUnixSystem::DispatchSignals(ESignals) () from /cvmfs/cms.cern.ch/el9_amd64_gcc12/lcg/root/6.30.07-8b1a11e1ef0e074fdfd44e162b27e71c/lib/libCore.so
#5  <signal handler called>
#6  0x00007f855450364d in RooStats::ModelConfig::SetHasOnlyParameters(RooArgSet const&, char const*) () from /cvmfs/cms.cern.ch/el9_amd64_gcc12/lcg/root/6.30.07-8b1a11e1ef0e074fdfd44e162b27e71c/lib/libRooFitCore.so
#7  0x00007f8554509d30 in RooStats::ModelConfig::SetObservables(RooArgSet const&) () from /cvmfs/cms.cern.ch/el9_amd64_gcc12/lcg/root/6.30.07-8b1a11e1ef0e074fdfd44e162b27e71c/lib/libRooFitCore.so
#8  0x00007f85528c2013 in ?? ()
#9  0x0000000000000001 in ?? ()
#10 0x00007f85791cd078 in WrapperCall(long, unsigned long, void*, void*, void*) () from /cvmfs/cms.cern.ch/el9_amd64_gcc12/lcg/root/6.30.07-8b1a11e1ef0e074fdfd44e162b27e71c/lib/libcppyy_backend3_9.so
#11 0x00007f8578635e97 in CPyCppyy::(anonymous namespace)::VoidExecutor::Execute(long, void*, CPyCppyy::CallContext*) () from /cvmfs/cms.cern.ch/el9_amd64_gcc12/lcg/root/6.30.07-8b1a11e1ef0e074fdfd44e162b27e71c/lib/libcppyy3_9.so
#12 0x00007f8578621f87 in CPyCppyy::CPPMethod::ExecuteFast(void*, long, CPyCppyy::CallContext*) [clone .isra.0] () from /cvmfs/cms.cern.ch/el9_amd64_gcc12/lcg/root/6.30.07-8b1a11e1ef0e074fdfd44e162b27e71c/lib/libcppyy3_9.so
#13 0x00007f8578623316 in CPyCppyy::CPPMethod::Execute(void*, long, CPyCppyy::CallContext*) () from /cvmfs/cms.cern.ch/el9_amd64_gcc12/lcg/root/6.30.07-8b1a11e1ef0e074fdfd44e162b27e71c/lib/libcppyy3_9.so
#14 0x00007f85786240cf in CPyCppyy::CPPMethod::Call(CPyCppyy::CPPInstance*&, _object*, _object*, CPyCppyy::CallContext*) () from /cvmfs/cms.cern.ch/el9_amd64_gcc12/lcg/root/6.30.07-8b1a11e1ef0e074fdfd44e162b27e71c/lib/libcppyy3_9.so
#15 0x00007f8578628e9a in CPyCppyy::(anonymous namespace)::mp_call(CPyCppyy::CPPOverload*, _object*, _object*) () from /cvmfs/cms.cern.ch/el9_amd64_gcc12/lcg/root/6.30.07-8b1a11e1ef0e074fdfd44e162b27e71c/lib/libcppyy3_9.so
#16 0x00007f8578eb786e in _PyObject_MakeTpCall (tstate=0xe6c180, callable=callable
entry=0x7f85549c3a00, args=args
entry=0x9521800, nargs=1, keywords=keywords
entry=0x0) at Objects/call.c:191
#17 0x00007f8578e6e50a in _PyObject_VectorcallTstate (kwnames=0x0, nargsf=9223372036854775809, args=0x9521800, callable=0x7f85549c3a00, tstate=<optimized out>) at ./Include/cpython/abstract.h:116
#18 _PyObject_VectorcallTstate (kwnames=0x0, nargsf=9223372036854775809, args=0x9521800, callable=0x7f85549c3a00, tstate=<optimized out>) at ./Include/cpython/abstract.h:103
#19 PyObject_Vectorcall (kwnames=0x0, nargsf=9223372036854775809, args=<optimized out>, callable=0x7f85549c3a00) at ./Include/cpython/abstract.h:127
#20 call_function (kwnames=0x0, oparg=1, pp_stack=<synthetic pointer>, tstate=0xe6c180) at Python/ceval.c:5077
#21 _PyEval_EvalFrameDefault (tstate=<optimized out>, f=<optimized out>, throwflag=<optimized out>) at Python/ceval.c:3489
#22 0x00007f8578e659fb in _PyEval_EvalFrame (throwflag=0, f=0x9521620, tstate=0xe6c180) at ./Include/internal/pycore_ceval.h:40
#23 function_code_fastcall (tstate=0xe6c180, co=<optimized out>, args=<optimized out>, nargs=1, globals=<optimized out>) at Objects/call.c:330
#24 0x00007f8578e6cd0f in _PyObject_VectorcallTstate (kwnames=0x0, nargsf=<optimized out>, args=0x7f85549d2740, callable=0x7f857869c700, tstate=0xe6c180) at ./Include/cpython/abstract.h:118
#25 PyObject_Vectorcall (kwnames=0x0, nargsf=<optimized out>, args=<optimized out>, callable=<optimized out>) at ./Include/cpython/abstract.h:127
#26 call_function (kwnames=0x0, oparg=<optimized out>, pp_stack=<synthetic pointer>, tstate=0xe6c180) at Python/ceval.c:5077
#27 _PyEval_EvalFrameDefault (tstate=<optimized out>, f=<optimized out>, throwflag=<optimized out>) at Python/ceval.c:3506
#28 0x00007f8578f9ea91 in _PyEval_EvalFrame (throwflag=0, f=0x7f85549d25b0, tstate=0xe6c180) at ./Include/internal/pycore_ceval.h:40
#29 _PyEval_EvalCode (tstate=tstate
entry=0xe6c180, _co=<optimized out>, globals=<optimized out>, locals=locals
entry=0x0, args=<optimized out>, argcount=1, kwnames=0x7f85789a82f8, kwargs=0xec01b0, kwcount=1, kwstep=1, defs=0x7f8571df7808, defcount=1, kwdefs=0x0, closure=0x0, name=0x7f85788307f0, qualname=0x7f8562dcb670) at Python/ceval.c:4329
#30 0x00007f8578eb769d in _PyFunction_Vectorcall (func=<optimized out>, stack=<optimized out>, nargsf=<optimized out>, kwnames=<optimized out>) at Objects/call.c:396
#31 0x00007f8578eba198 in _PyObject_VectorcallTstate (kwnames=0x7f85789a82e0, nargsf=1, args=0xec01a8, callable=0x7f8562dcef70, tstate=0xe6c180) at ./Include/cpython/abstract.h:118
#32 method_vectorcall (method=<optimized out>, args=0xec01b0, nargsf=<optimized out>, kwnames=0x7f85789a82e0) at Objects/classobject.c:53
#33 0x00007f8578e6bde6 in _PyObject_VectorcallTstate (kwnames=0x7f85789a82e0, nargsf=9223372036854775808, args=0xec01b0, callable=0x7f85549e3940, tstate=0xe6c180) at ./Include/cpython/abstract.h:118
#34 PyObject_Vectorcall (kwnames=0x7f85789a82e0, nargsf=9223372036854775808, args=0xec01b0, callable=<optimized out>) at ./Include/cpython/abstract.h:127
#35 call_function (kwnames=0x7f85789a82e0, oparg=<optimized out>, pp_stack=<synthetic pointer>, tstate=0xe6c180) at Python/ceval.c:5077
#36 _PyEval_EvalFrameDefault (tstate=<optimized out>, f=<optimized out>, throwflag=<optimized out>) at Python/ceval.c:3537
#37 0x00007f8578f9ea91 in _PyEval_EvalFrame (throwflag=0, f=0xec0040, tstate=0xe6c180) at ./Include/internal/pycore_ceval.h:40
#38 _PyEval_EvalCode (tstate=0xe6c180, _co=_co
entry=0x7f8578a1d3a0, globals=globals
entry=0x7f8578a3f3c0, locals=locals
entry=0x7f8578a3f3c0, args=args
entry=0x0, argcount=argcount
entry=0, kwnames=0x0, kwargs=0x0, kwcount=0, kwstep=2, defs=0x0, defcount=0, kwdefs=0x0, closure=0x0, name=0x0, qualname=0x0) at Python/ceval.c:4329
#39 0x00007f8578f9ee32 in _PyEval_EvalCodeWithName (_co=_co
entry=0x7f8578a1d3a0, globals=globals
entry=0x7f8578a3f3c0, locals=locals
entry=0x7f8578a3f3c0, args=args
entry=0x0, argcount=argcount
entry=0, kwnames=kwnames
entry=0x0, kwargs=0x0, kwcount=0, kwstep=2, defs=0x0, defcount=0, kwdefs=0x0, closure=0x0, name=0x0, qualname=0x0) at Python/ceval.c:4361
#40 0x00007f8578f9ee7b in PyEval_EvalCodeEx (_co=_co
entry=0x7f8578a1d3a0, globals=globals
entry=0x7f8578a3f3c0, locals=locals
entry=0x7f8578a3f3c0, args=args
entry=0x0, argcount=argcount
entry=0, kws=kws
entry=0x0, kwcount=0, defs=0x0, defcount=0, kwdefs=0x0, closure=0x0) at Python/ceval.c:4377
#41 0x00007f8578f9eeab in PyEval_EvalCode (co=co
entry=0x7f8578a1d3a0, globals=globals
entry=0x7f8578a3f3c0, locals=locals
entry=0x7f8578a3f3c0) at Python/ceval.c:828
#42 0x00007f8578fde3a9 in run_eval_code_obj (locals=0x7f8578a3f3c0, globals=0x7f8578a3f3c0, co=0x7f8578a1d3a0, tstate=0xe6c180) at Python/pythonrun.c:1221
#43 run_mod (mod=<optimized out>, filename=filename
entry=0x7f85789aa390, globals=globals
entry=0x7f8578a3f3c0, locals=locals
entry=0x7f8578a3f3c0, flags=flags
entry=0x7ffee0871e78, arena=arena
entry=0x7f8578880fd0) at Python/pythonrun.c:1242
#44 0x00007f8578fdfdf2 in pyrun_file (flags=0x7ffee0871e78, closeit=1, locals=0x7f8578a3f3c0, globals=0x7f8578a3f3c0, start=257, filename=0x7f85789aa390, fp=0xebf0f0) at Python/pythonrun.c:1140
#45 pyrun_simple_file (flags=0x7ffee0871e78, closeit=1, filename=0x7f85789aa390, fp=0xebf0f0) at Python/pythonrun.c:450
#46 PyRun_SimpleFileExFlags (fp=fp
entry=0xebf0f0, filename=<optimized out>, closeit=closeit
entry=1, flags=flags
entry=0x7ffee0871e78) at Python/pythonrun.c:483
#47 0x00007f8578fe0453 in PyRun_AnyFileExFlags (fp=fp
entry=0xebf0f0, filename=<optimized out>, closeit=closeit
entry=1, flags=flags
entry=0x7ffee0871e78) at Python/pythonrun.c:92
#48 0x00007f8578ffde28 in pymain_run_file (cf=0x7ffee0871e78, config=0xe69f60) at Modules/main.c:373
#49 pymain_run_python (exitcode=0x7ffee0871e70) at Modules/main.c:598
#50 Py_RunMain () at Modules/main.c:677
#51 0x00007f8578ffe347 in pymain_main (args=0x7ffee0871f60) at Modules/main.c:707
#52 Py_BytesMain (argc=<optimized out>, argv=<optimized out>) at Modules/main.c:731
#53 0x00007f8578b45590 in __libc_start_call_main () from /lib64/libc.so.6
#54 0x00007f8578b45640 in __libc_start_main_impl () from /lib64/libc.so.6
#55 0x0000000000401075 in _start ()
===========================================================


The lines below might hint at the cause of the crash. If you see question
marks as part of the stack trace, try to recompile with debugging information
enabled and export CLING_DEBUG=1 environment variable before running.
You may get help by asking at the ROOT forum https://root.cern/forum
preferably using the command (.forum bug) in the ROOT prompt.
Only if you are really convinced it is a bug in ROOT then please submit a
report at https://root.cern/bugs or (preferably) using the command (.gh bug) in
the ROOT prompt. Please post the ENTIRE stack trace
from above as an attachment in addition to anything else
that might help us fixing this issue.
===========================================================
#6  0x00007f855450364d in RooStats::ModelConfig::SetHasOnlyParameters(RooArgSet const&, char const*) () from /cvmfs/cms.cern.ch/el9_amd64_gcc12/lcg/root/6.30.07-8b1a11e1ef0e074fdfd44e162b27e71c/lib/libRooFitCore.so
#7  0x00007f8554509d30 in RooStats::ModelConfig::SetObservables(RooArgSet const&) () from /cvmfs/cms.cern.ch/el9_amd64_gcc12/lcg/root/6.30.07-8b1a11e1ef0e074fdfd44e162b27e71c/lib/libRooFitCore.so
#8  0x00007f85528c2013 in ?? ()
#9  0x0000000000000001 in ?? ()
#10 0x00007f85791cd078 in WrapperCall(long, unsigned long, void*, void*, void*) () from /cvmfs/cms.cern.ch/el9_amd64_gcc12/lcg/root/6.30.07-8b1a11e1ef0e074fdfd44e162b27e71c/lib/libcppyy_backend3_9.so
#11 0x00007f8578635e97 in CPyCppyy::(anonymous namespace)::VoidExecutor::Execute(long, void*, CPyCppyy::CallContext*) () from /cvmfs/cms.cern.ch/el9_amd64_gcc12/lcg/root/6.30.07-8b1a11e1ef0e074fdfd44e162b27e71c/lib/libcppyy3_9.so
#12 0x00007f8578621f87 in CPyCppyy::CPPMethod::ExecuteFast(void*, long, CPyCppyy::CallContext*) [clone .isra.0] () from /cvmfs/cms.cern.ch/el9_amd64_gcc12/lcg/root/6.30.07-8b1a11e1ef0e074fdfd44e162b27e71c/lib/libcppyy3_9.so
#13 0x00007f8578623316 in CPyCppyy::CPPMethod::Execute(void*, long, CPyCppyy::CallContext*) () from /cvmfs/cms.cern.ch/el9_amd64_gcc12/lcg/root/6.30.07-8b1a11e1ef0e074fdfd44e162b27e71c/lib/libcppyy3_9.so
#14 0x00007f85786240cf in CPyCppyy::CPPMethod::Call(CPyCppyy::CPPInstance*&, _object*, _object*, CPyCppyy::CallContext*) () from /cvmfs/cms.cern.ch/el9_amd64_gcc12/lcg/root/6.30.07-8b1a11e1ef0e074fdfd44e162b27e71c/lib/libcppyy3_9.so
#15 0x00007f8578628e9a in CPyCppyy::(anonymous namespace)::mp_call(CPyCppyy::CPPOverload*, _object*, _object*) () from /cvmfs/cms.cern.ch/el9_amd64_gcc12/lcg/root/6.30.07-8b1a11e1ef0e074fdfd44e162b27e71c/lib/libcppyy3_9.so
#16 0x00007f8578eb786e in _PyObject_MakeTpCall (tstate=0xe6c180, callable=callable
entry=0x7f85549c3a00, args=args
entry=0x9521800, nargs=1, keywords=keywords
entry=0x0) at Objects/call.c:191
#17 0x00007f8578e6e50a in _PyObject_VectorcallTstate (kwnames=0x0, nargsf=9223372036854775809, args=0x9521800, callable=0x7f85549c3a00, tstate=<optimized out>) at ./Include/cpython/abstract.h:116
#18 _PyObject_VectorcallTstate (kwnames=0x0, nargsf=9223372036854775809, args=0x9521800, callable=0x7f85549c3a00, tstate=<optimized out>) at ./Include/cpython/abstract.h:103
#19 PyObject_Vectorcall (kwnames=0x0, nargsf=9223372036854775809, args=<optimized out>, callable=0x7f85549c3a00) at ./Include/cpython/abstract.h:127
#20 call_function (kwnames=0x0, oparg=1, pp_stack=<synthetic pointer>, tstate=0xe6c180) at Python/ceval.c:5077
#21 _PyEval_EvalFrameDefault (tstate=<optimized out>, f=<optimized out>, throwflag=<optimized out>) at Python/ceval.c:3489
#22 0x00007f8578e659fb in _PyEval_EvalFrame (throwflag=0, f=0x9521620, tstate=0xe6c180) at ./Include/internal/pycore_ceval.h:40
#23 function_code_fastcall (tstate=0xe6c180, co=<optimized out>, args=<optimized out>, nargs=1, globals=<optimized out>) at Objects/call.c:330
#24 0x00007f8578e6cd0f in _PyObject_VectorcallTstate (kwnames=0x0, nargsf=<optimized out>, args=0x7f85549d2740, callable=0x7f857869c700, tstate=0xe6c180) at ./Include/cpython/abstract.h:118
#25 PyObject_Vectorcall (kwnames=0x0, nargsf=<optimized out>, args=<optimized out>, callable=<optimized out>) at ./Include/cpython/abstract.h:127
#26 call_function (kwnames=0x0, oparg=<optimized out>, pp_stack=<synthetic pointer>, tstate=0xe6c180) at Python/ceval.c:5077
#27 _PyEval_EvalFrameDefault (tstate=<optimized out>, f=<optimized out>, throwflag=<optimized out>) at Python/ceval.c:3506
#28 0x00007f8578f9ea91 in _PyEval_EvalFrame (throwflag=0, f=0x7f85549d25b0, tstate=0xe6c180) at ./Include/internal/pycore_ceval.h:40
#29 _PyEval_EvalCode (tstate=tstate
entry=0xe6c180, _co=<optimized out>, globals=<optimized out>, locals=locals
entry=0x0, args=<optimized out>, argcount=1, kwnames=0x7f85789a82f8, kwargs=0xec01b0, kwcount=1, kwstep=1, defs=0x7f8571df7808, defcount=1, kwdefs=0x0, closure=0x0, name=0x7f85788307f0, qualname=0x7f8562dcb670) at Python/ceval.c:4329
#30 0x00007f8578eb769d in _PyFunction_Vectorcall (func=<optimized out>, stack=<optimized out>, nargsf=<optimized out>, kwnames=<optimized out>) at Objects/call.c:396
#31 0x00007f8578eba198 in _PyObject_VectorcallTstate (kwnames=0x7f85789a82e0, nargsf=1, args=0xec01a8, callable=0x7f8562dcef70, tstate=0xe6c180) at ./Include/cpython/abstract.h:118
#32 method_vectorcall (method=<optimized out>, args=0xec01b0, nargsf=<optimized out>, kwnames=0x7f85789a82e0) at Objects/classobject.c:53
#33 0x00007f8578e6bde6 in _PyObject_VectorcallTstate (kwnames=0x7f85789a82e0, nargsf=9223372036854775808, args=0xec01b0, callable=0x7f85549e3940, tstate=0xe6c180) at ./Include/cpython/abstract.h:118
#34 PyObject_Vectorcall (kwnames=0x7f85789a82e0, nargsf=9223372036854775808, args=0xec01b0, callable=<optimized out>) at ./Include/cpython/abstract.h:127
#35 call_function (kwnames=0x7f85789a82e0, oparg=<optimized out>, pp_stack=<synthetic pointer>, tstate=0xe6c180) at Python/ceval.c:5077
#36 _PyEval_EvalFrameDefault (tstate=<optimized out>, f=<optimized out>, throwflag=<optimized out>) at Python/ceval.c:3537
#37 0x00007f8578f9ea91 in _PyEval_EvalFrame (throwflag=0, f=0xec0040, tstate=0xe6c180) at ./Include/internal/pycore_ceval.h:40
#38 _PyEval_EvalCode (tstate=0xe6c180, _co=_co
entry=0x7f8578a1d3a0, globals=globals
entry=0x7f8578a3f3c0, locals=locals
entry=0x7f8578a3f3c0, args=args
entry=0x0, argcount=argcount
entry=0, kwnames=0x0, kwargs=0x0, kwcount=0, kwstep=2, defs=0x0, defcount=0, kwdefs=0x0, closure=0x0, name=0x0, qualname=0x0) at Python/ceval.c:4329
#39 0x00007f8578f9ee32 in _PyEval_EvalCodeWithName (_co=_co
entry=0x7f8578a1d3a0, globals=globals
entry=0x7f8578a3f3c0, locals=locals
entry=0x7f8578a3f3c0, args=args
entry=0x0, argcount=argcount
entry=0, kwnames=kwnames
entry=0x0, kwargs=0x0, kwcount=0, kwstep=2, defs=0x0, defcount=0, kwdefs=0x0, closure=0x0, name=0x0, qualname=0x0) at Python/ceval.c:4361
#40 0x00007f8578f9ee7b in PyEval_EvalCodeEx (_co=_co
entry=0x7f8578a1d3a0, globals=globals
entry=0x7f8578a3f3c0, locals=locals
entry=0x7f8578a3f3c0, args=args
entry=0x0, argcount=argcount
entry=0, kws=kws
entry=0x0, kwcount=0, defs=0x0, defcount=0, kwdefs=0x0, closure=0x0) at Python/ceval.c:4377
#41 0x00007f8578f9eeab in PyEval_EvalCode (co=co
entry=0x7f8578a1d3a0, globals=globals
entry=0x7f8578a3f3c0, locals=locals
entry=0x7f8578a3f3c0) at Python/ceval.c:828
#42 0x00007f8578fde3a9 in run_eval_code_obj (locals=0x7f8578a3f3c0, globals=0x7f8578a3f3c0, co=0x7f8578a1d3a0, tstate=0xe6c180) at Python/pythonrun.c:1221
#43 run_mod (mod=<optimized out>, filename=filename
entry=0x7f85789aa390, globals=globals
entry=0x7f8578a3f3c0, locals=locals
entry=0x7f8578a3f3c0, flags=flags
entry=0x7ffee0871e78, arena=arena
entry=0x7f8578880fd0) at Python/pythonrun.c:1242
#44 0x00007f8578fdfdf2 in pyrun_file (flags=0x7ffee0871e78, closeit=1, locals=0x7f8578a3f3c0, globals=0x7f8578a3f3c0, start=257, filename=0x7f85789aa390, fp=0xebf0f0) at Python/pythonrun.c:1140
#45 pyrun_simple_file (flags=0x7ffee0871e78, closeit=1, filename=0x7f85789aa390, fp=0xebf0f0) at Python/pythonrun.c:450
#46 PyRun_SimpleFileExFlags (fp=fp
entry=0xebf0f0, filename=<optimized out>, closeit=closeit
entry=1, flags=flags
entry=0x7ffee0871e78) at Python/pythonrun.c:483
#47 0x00007f8578fe0453 in PyRun_AnyFileExFlags (fp=fp
entry=0xebf0f0, filename=<optimized out>, closeit=closeit
entry=1, flags=flags
entry=0x7ffee0871e78) at Python/pythonrun.c:92
#48 0x00007f8578ffde28 in pymain_run_file (cf=0x7ffee0871e78, config=0xe69f60) at Modules/main.c:373
#49 pymain_run_python (exitcode=0x7ffee0871e70) at Modules/main.c:598
#50 Py_RunMain () at Modules/main.c:677
#51 0x00007f8578ffe347 in pymain_main (args=0x7ffee0871f60) at Modules/main.c:707
#52 Py_BytesMain (argc=<optimized out>, argv=<optimized out>) at Modules/main.c:731
#53 0x00007f8578b45590 in __libc_start_call_main () from /lib64/libc.so.6
#54 0x00007f8578b45640 in __libc_start_main_impl () from /lib64/libc.so.6
#55 0x0000000000401075 in _start ()
===========================================================


 *** Break *** segmentation violation



===========================================================
There was a crash.
This is the entire stack trace of all threads:
===========================================================

Thread 9 (Thread 0x7f8556428640 (LWP 1456143) "python3"):
#0  0x00007f8578ba279a in __futex_abstimed_wait_common () from /lib64/libc.so.6
#1  0x00007f8578ba4fa0 in pthread_cond_wait

GLIBC_2.3.2 () from /lib64/libc.so.6
#2  0x00007f856198204f in th_worker (tidptr=<optimized out>) at numexpr/module.cpp:60
#3  0x00007f8578ba5c02 in start_thread () from /lib64/libc.so.6
#4  0x00007f8578c2ac40 in clone3 () from /lib64/libc.so.6

Thread 8 (Thread 0x7f8556c29640 (LWP 1456140) "python3"):
#0  0x00007f8578ba279a in __futex_abstimed_wait_common () from /lib64/libc.so.6
#1  0x00007f8578ba4fa0 in pthread_cond_wait

GLIBC_2.3.2 () from /lib64/libc.so.6
#2  0x00007f856198204f in th_worker (tidptr=<optimized out>) at numexpr/module.cpp:60
#3  0x00007f8578ba5c02 in start_thread () from /lib64/libc.so.6
#4  0x00007f8578c2ac40 in clone3 () from /lib64/libc.so.6

Thread 7 (Thread 0x7f855742a640 (LWP 1456137) "python3"):
#0  0x00007f8578ba279a in __futex_abstimed_wait_common () from /lib64/libc.so.6
#1  0x00007f8578ba4fa0 in pthread_cond_wait

GLIBC_2.3.2 () from /lib64/libc.so.6
#2  0x00007f856198204f in th_worker (tidptr=<optimized out>) at numexpr/module.cpp:60
#3  0x00007f8578ba5c02 in start_thread () from /lib64/libc.so.6
#4  0x00007f8578c2ac40 in clone3 () from /lib64/libc.so.6

Thread 6 (Thread 0x7f8557c2b640 (LWP 1456130) "python3"):
#0  0x00007f8578ba279a in __futex_abstimed_wait_common () from /lib64/libc.so.6
#1  0x00007f8578ba4fa0 in pthread_cond_wait

GLIBC_2.3.2 () from /lib64/libc.so.6
#2  0x00007f856198204f in th_worker (tidptr=<optimized out>) at numexpr/module.cpp:60
#3  0x00007f8578ba5c02 in start_thread () from /lib64/libc.so.6
#4  0x00007f8578c2ac40 in clone3 () from /lib64/libc.so.6

Thread 5 (Thread 0x7f855842c640 (LWP 1456123) "python3"):
#0  0x00007f8578ba279a in __futex_abstimed_wait_common () from /lib64/libc.so.6
#1  0x00007f8578ba4fa0 in pthread_cond_wait

GLIBC_2.3.2 () from /lib64/libc.so.6
#2  0x00007f856198204f in th_worker (tidptr=<optimized out>) at numexpr/module.cpp:60
#3  0x00007f8578ba5c02 in start_thread () from /lib64/libc.so.6
#4  0x00007f8578c2ac40 in clone3 () from /lib64/libc.so.6

Thread 4 (Thread 0x7f8558c2d640 (LWP 1456118) "python3"):
#0  0x00007f8578ba279a in __futex_abstimed_wait_common () from /lib64/libc.so.6
#1  0x00007f8578ba4fa0 in pthread_cond_wait

GLIBC_2.3.2 () from /lib64/libc.so.6
#2  0x00007f856198204f in th_worker (tidptr=<optimized out>) at numexpr/module.cpp:60
#3  0x00007f8578ba5c02 in start_thread () from /lib64/libc.so.6
#4  0x00007f8578c2ac40 in clone3 () from /lib64/libc.so.6

Thread 3 (Thread 0x7f855942e640 (LWP 1456110) "python3"):
#0  0x00007f8578ba279a in __futex_abstimed_wait_common () from /lib64/libc.so.6
#1  0x00007f8578ba4fa0 in pthread_cond_wait

GLIBC_2.3.2 () from /lib64/libc.so.6
#2  0x00007f856198204f in th_worker (tidptr=<optimized out>) at numexpr/module.cpp:60
#3  0x00007f8578ba5c02 in start_thread () from /lib64/libc.so.6
#4  0x00007f8578c2ac40 in clone3 () from /lib64/libc.so.6

Thread 2 (Thread 0x7f8559c2f640 (LWP 1456104) "python3"):
#0  0x00007f8578ba279a in __futex_abstimed_wait_common () from /lib64/libc.so.6
#1  0x00007f8578ba4fa0 in pthread_cond_wait

GLIBC_2.3.2 () from /lib64/libc.so.6
#2  0x00007f856198204f in th_worker (tidptr=<optimized out>) at numexpr/module.cpp:60
#3  0x00007f8578ba5c02 in start_thread () from /lib64/libc.so.6
#4  0x00007f8578c2ac40 in clone3 () from /lib64/libc.so.6

Thread 1 (Thread 0x7f8579228740 (LWP 1449416) "python3"):
#0  0x00007f8578bf4a3f in wait4 () from /lib64/libc.so.6
#1  0x00007f8578b67243 in do_system () from /lib64/libc.so.6
#2  0x00007f857836743d in TUnixSystem::StackTrace() () from /cvmfs/cms.cern.ch/el9_amd64_gcc12/lcg/root/6.30.07-8b1a11e1ef0e074fdfd44e162b27e71c/lib/libCore.so
#3  0x00007f85791cc423 in (anonymous namespace)::TExceptionHandlerImp::HandleException(int) () from /cvmfs/cms.cern.ch/el9_amd64_gcc12/lcg/root/6.30.07-8b1a11e1ef0e074fdfd44e162b27e71c/lib/libcppyy_backend3_9.so
#4  0x00007f8578366c71 in TUnixSystem::DispatchSignals(ESignals) () from /cvmfs/cms.cern.ch/el9_amd64_gcc12/lcg/root/6.30.07-8b1a11e1ef0e074fdfd44e162b27e71c/lib/libCore.so
#5  <signal handler called>
#6  0x00007f855450364d in RooStats::ModelConfig::SetHasOnlyParameters(RooArgSet const&, char const*) () from /cvmfs/cms.cern.ch/el9_amd64_gcc12/lcg/root/6.30.07-8b1a11e1ef0e074fdfd44e162b27e71c/lib/libRooFitCore.so
#7  0x00007f8554509d30 in RooStats::ModelConfig::SetObservables(RooArgSet const&) () from /cvmfs/cms.cern.ch/el9_amd64_gcc12/lcg/root/6.30.07-8b1a11e1ef0e074fdfd44e162b27e71c/lib/libRooFitCore.so
#8  0x00007f85528c2013 in ?? ()
#9  0x0000000000000001 in ?? ()
#10 0x00007f85791cd078 in WrapperCall(long, unsigned long, void*, void*, void*) () from /cvmfs/cms.cern.ch/el9_amd64_gcc12/lcg/root/6.30.07-8b1a11e1ef0e074fdfd44e162b27e71c/lib/libcppyy_backend3_9.so
#11 0x00007f8578635e97 in CPyCppyy::(anonymous namespace)::VoidExecutor::Execute(long, void*, CPyCppyy::CallContext*) () from /cvmfs/cms.cern.ch/el9_amd64_gcc12/lcg/root/6.30.07-8b1a11e1ef0e074fdfd44e162b27e71c/lib/libcppyy3_9.so
#12 0x00007f8578621f87 in CPyCppyy::CPPMethod::ExecuteFast(void*, long, CPyCppyy::CallContext*) [clone .isra.0] () from /cvmfs/cms.cern.ch/el9_amd64_gcc12/lcg/root/6.30.07-8b1a11e1ef0e074fdfd44e162b27e71c/lib/libcppyy3_9.so
#13 0x00007f8578623316 in CPyCppyy::CPPMethod::Execute(void*, long, CPyCppyy::CallContext*) () from /cvmfs/cms.cern.ch/el9_amd64_gcc12/lcg/root/6.30.07-8b1a11e1ef0e074fdfd44e162b27e71c/lib/libcppyy3_9.so
#14 0x00007f85786240cf in CPyCppyy::CPPMethod::Call(CPyCppyy::CPPInstance*&, _object*, _object*, CPyCppyy::CallContext*) () from /cvmfs/cms.cern.ch/el9_amd64_gcc12/lcg/root/6.30.07-8b1a11e1ef0e074fdfd44e162b27e71c/lib/libcppyy3_9.so
#15 0x00007f8578628e9a in CPyCppyy::(anonymous namespace)::mp_call(CPyCppyy::CPPOverload*, _object*, _object*) () from /cvmfs/cms.cern.ch/el9_amd64_gcc12/lcg/root/6.30.07-8b1a11e1ef0e074fdfd44e162b27e71c/lib/libcppyy3_9.so
#16 0x00007f8578eb786e in _PyObject_MakeTpCall (tstate=0xe6c180, callable=callable
entry=0x7f85549c3a00, args=args
entry=0x9521800, nargs=1, keywords=keywords
entry=0x0) at Objects/call.c:191
#17 0x00007f8578e6e50a in _PyObject_VectorcallTstate (kwnames=0x0, nargsf=9223372036854775809, args=0x9521800, callable=0x7f85549c3a00, tstate=<optimized out>) at ./Include/cpython/abstract.h:116
#18 _PyObject_VectorcallTstate (kwnames=0x0, nargsf=9223372036854775809, args=0x9521800, callable=0x7f85549c3a00, tstate=<optimized out>) at ./Include/cpython/abstract.h:103
#19 PyObject_Vectorcall (kwnames=0x0, nargsf=9223372036854775809, args=<optimized out>, callable=0x7f85549c3a00) at ./Include/cpython/abstract.h:127
#20 call_function (kwnames=0x0, oparg=1, pp_stack=<synthetic pointer>, tstate=0xe6c180) at Python/ceval.c:5077
#21 _PyEval_EvalFrameDefault (tstate=<optimized out>, f=<optimized out>, throwflag=<optimized out>) at Python/ceval.c:3489
#22 0x00007f8578e659fb in _PyEval_EvalFrame (throwflag=0, f=0x9521620, tstate=0xe6c180) at ./Include/internal/pycore_ceval.h:40
#23 function_code_fastcall (tstate=0xe6c180, co=<optimized out>, args=<optimized out>, nargs=1, globals=<optimized out>) at Objects/call.c:330
#24 0x00007f8578e6cd0f in _PyObject_VectorcallTstate (kwnames=0x0, nargsf=<optimized out>, args=0x7f85549d2740, callable=0x7f857869c700, tstate=0xe6c180) at ./Include/cpython/abstract.h:118
#25 PyObject_Vectorcall (kwnames=0x0, nargsf=<optimized out>, args=<optimized out>, callable=<optimized out>) at ./Include/cpython/abstract.h:127
#26 call_function (kwnames=0x0, oparg=<optimized out>, pp_stack=<synthetic pointer>, tstate=0xe6c180) at Python/ceval.c:5077
#27 _PyEval_EvalFrameDefault (tstate=<optimized out>, f=<optimized out>, throwflag=<optimized out>) at Python/ceval.c:3506
#28 0x00007f8578f9ea91 in _PyEval_EvalFrame (throwflag=0, f=0x7f85549d25b0, tstate=0xe6c180) at ./Include/internal/pycore_ceval.h:40
#29 _PyEval_EvalCode (tstate=tstate
entry=0xe6c180, _co=<optimized out>, globals=<optimized out>, locals=locals
entry=0x0, args=<optimized out>, argcount=1, kwnames=0x7f85789a82f8, kwargs=0xec01b0, kwcount=1, kwstep=1, defs=0x7f8571df7808, defcount=1, kwdefs=0x0, closure=0x0, name=0x7f85788307f0, qualname=0x7f8562dcb670) at Python/ceval.c:4329
#30 0x00007f8578eb769d in _PyFunction_Vectorcall (func=<optimized out>, stack=<optimized out>, nargsf=<optimized out>, kwnames=<optimized out>) at Objects/call.c:396
#31 0x00007f8578eba198 in _PyObject_VectorcallTstate (kwnames=0x7f85789a82e0, nargsf=1, args=0xec01a8, callable=0x7f8562dcef70, tstate=0xe6c180) at ./Include/cpython/abstract.h:118
#32 method_vectorcall (method=<optimized out>, args=0xec01b0, nargsf=<optimized out>, kwnames=0x7f85789a82e0) at Objects/classobject.c:53
#33 0x00007f8578e6bde6 in _PyObject_VectorcallTstate (kwnames=0x7f85789a82e0, nargsf=9223372036854775808, args=0xec01b0, callable=0x7f85549e3940, tstate=0xe6c180) at ./Include/cpython/abstract.h:118
#34 PyObject_Vectorcall (kwnames=0x7f85789a82e0, nargsf=9223372036854775808, args=0xec01b0, callable=<optimized out>) at ./Include/cpython/abstract.h:127
#35 call_function (kwnames=0x7f85789a82e0, oparg=<optimized out>, pp_stack=<synthetic pointer>, tstate=0xe6c180) at Python/ceval.c:5077
#36 _PyEval_EvalFrameDefault (tstate=<optimized out>, f=<optimized out>, throwflag=<optimized out>) at Python/ceval.c:3537
#37 0x00007f8578f9ea91 in _PyEval_EvalFrame (throwflag=0, f=0xec0040, tstate=0xe6c180) at ./Include/internal/pycore_ceval.h:40
#38 _PyEval_EvalCode (tstate=0xe6c180, _co=_co
entry=0x7f8578a1d3a0, globals=globals
entry=0x7f8578a3f3c0, locals=locals
entry=0x7f8578a3f3c0, args=args
entry=0x0, argcount=argcount
entry=0, kwnames=0x0, kwargs=0x0, kwcount=0, kwstep=2, defs=0x0, defcount=0, kwdefs=0x0, closure=0x0, name=0x0, qualname=0x0) at Python/ceval.c:4329
#39 0x00007f8578f9ee32 in _PyEval_EvalCodeWithName (_co=_co
entry=0x7f8578a1d3a0, globals=globals
entry=0x7f8578a3f3c0, locals=locals
entry=0x7f8578a3f3c0, args=args
entry=0x0, argcount=argcount
entry=0, kwnames=kwnames
entry=0x0, kwargs=0x0, kwcount=0, kwstep=2, defs=0x0, defcount=0, kwdefs=0x0, closure=0x0, name=0x0, qualname=0x0) at Python/ceval.c:4361
#40 0x00007f8578f9ee7b in PyEval_EvalCodeEx (_co=_co
entry=0x7f8578a1d3a0, globals=globals
entry=0x7f8578a3f3c0, locals=locals
entry=0x7f8578a3f3c0, args=args
entry=0x0, argcount=argcount
entry=0, kws=kws
entry=0x0, kwcount=0, defs=0x0, defcount=0, kwdefs=0x0, closure=0x0) at Python/ceval.c:4377
#41 0x00007f8578f9eeab in PyEval_EvalCode (co=co
entry=0x7f8578a1d3a0, globals=globals
entry=0x7f8578a3f3c0, locals=locals
entry=0x7f8578a3f3c0) at Python/ceval.c:828
#42 0x00007f8578fde3a9 in run_eval_code_obj (locals=0x7f8578a3f3c0, globals=0x7f8578a3f3c0, co=0x7f8578a1d3a0, tstate=0xe6c180) at Python/pythonrun.c:1221
#43 run_mod (mod=<optimized out>, filename=filename
entry=0x7f85789aa390, globals=globals
entry=0x7f8578a3f3c0, locals=locals
entry=0x7f8578a3f3c0, flags=flags
entry=0x7ffee0871e78, arena=arena
entry=0x7f8578880fd0) at Python/pythonrun.c:1242
#44 0x00007f8578fdfdf2 in pyrun_file (flags=0x7ffee0871e78, closeit=1, locals=0x7f8578a3f3c0, globals=0x7f8578a3f3c0, start=257, filename=0x7f85789aa390, fp=0xebf0f0) at Python/pythonrun.c:1140
#45 pyrun_simple_file (flags=0x7ffee0871e78, closeit=1, filename=0x7f85789aa390, fp=0xebf0f0) at Python/pythonrun.c:450
#46 PyRun_SimpleFileExFlags (fp=fp
entry=0xebf0f0, filename=<optimized out>, closeit=closeit
entry=1, flags=flags
entry=0x7ffee0871e78) at Python/pythonrun.c:483
#47 0x00007f8578fe0453 in PyRun_AnyFileExFlags (fp=fp
entry=0xebf0f0, filename=<optimized out>, closeit=closeit
entry=1, flags=flags
entry=0x7ffee0871e78) at Python/pythonrun.c:92
#48 0x00007f8578ffde28 in pymain_run_file (cf=0x7ffee0871e78, config=0xe69f60) at Modules/main.c:373
#49 pymain_run_python (exitcode=0x7ffee0871e70) at Modules/main.c:598
#50 Py_RunMain () at Modules/main.c:677
#51 0x00007f8578ffe347 in pymain_main (args=0x7ffee0871f60) at Modules/main.c:707
#52 Py_BytesMain (argc=<optimized out>, argv=<optimized out>) at Modules/main.c:731
#53 0x00007f8578b45590 in __libc_start_call_main () from /lib64/libc.so.6
#54 0x00007f8578b45640 in __libc_start_main_impl () from /lib64/libc.so.6
#55 0x0000000000401075 in _start ()
===========================================================


The lines below might hint at the cause of the crash. If you see question
marks as part of the stack trace, try to recompile with debugging information
enabled and export CLING_DEBUG=1 environment variable before running.
You may get help by asking at the ROOT forum https://root.cern/forum
preferably using the command (.forum bug) in the ROOT prompt.
Only if you are really convinced it is a bug in ROOT then please submit a
report at https://root.cern/bugs or (preferably) using the command (.gh bug) in
the ROOT prompt. Please post the ENTIRE stack trace
from above as an attachment in addition to anything else
that might help us fixing this issue.
===========================================================
#6  0x00007f855450364d in RooStats::ModelConfig::SetHasOnlyParameters(RooArgSet const&, char const*) () from /cvmfs/cms.cern.ch/el9_amd64_gcc12/lcg/root/6.30.07-8b1a11e1ef0e074fdfd44e162b27e71c/lib/libRooFitCore.so
#7  0x00007f8554509d30 in RooStats::ModelConfig::SetObservables(RooArgSet const&) () from /cvmfs/cms.cern.ch/el9_amd64_gcc12/lcg/root/6.30.07-8b1a11e1ef0e074fdfd44e162b27e71c/lib/libRooFitCore.so
#8  0x00007f85528c2013 in ?? ()
#9  0x0000000000000001 in ?? ()
#10 0x00007f85791cd078 in WrapperCall(long, unsigned long, void*, void*, void*) () from /cvmfs/cms.cern.ch/el9_amd64_gcc12/lcg/root/6.30.07-8b1a11e1ef0e074fdfd44e162b27e71c/lib/libcppyy_backend3_9.so
#11 0x00007f8578635e97 in CPyCppyy::(anonymous namespace)::VoidExecutor::Execute(long, void*, CPyCppyy::CallContext*) () from /cvmfs/cms.cern.ch/el9_amd64_gcc12/lcg/root/6.30.07-8b1a11e1ef0e074fdfd44e162b27e71c/lib/libcppyy3_9.so
#12 0x00007f8578621f87 in CPyCppyy::CPPMethod::ExecuteFast(void*, long, CPyCppyy::CallContext*) [clone .isra.0] () from /cvmfs/cms.cern.ch/el9_amd64_gcc12/lcg/root/6.30.07-8b1a11e1ef0e074fdfd44e162b27e71c/lib/libcppyy3_9.so
#13 0x00007f8578623316 in CPyCppyy::CPPMethod::Execute(void*, long, CPyCppyy::CallContext*) () from /cvmfs/cms.cern.ch/el9_amd64_gcc12/lcg/root/6.30.07-8b1a11e1ef0e074fdfd44e162b27e71c/lib/libcppyy3_9.so
#14 0x00007f85786240cf in CPyCppyy::CPPMethod::Call(CPyCppyy::CPPInstance*&, _object*, _object*, CPyCppyy::CallContext*) () from /cvmfs/cms.cern.ch/el9_amd64_gcc12/lcg/root/6.30.07-8b1a11e1ef0e074fdfd44e162b27e71c/lib/libcppyy3_9.so
#15 0x00007f8578628e9a in CPyCppyy::(anonymous namespace)::mp_call(CPyCppyy::CPPOverload*, _object*, _object*) () from /cvmfs/cms.cern.ch/el9_amd64_gcc12/lcg/root/6.30.07-8b1a11e1ef0e074fdfd44e162b27e71c/lib/libcppyy3_9.so
#16 0x00007f8578eb786e in _PyObject_MakeTpCall (tstate=0xe6c180, callable=callable
entry=0x7f85549c3a00, args=args
entry=0x9521800, nargs=1, keywords=keywords
entry=0x0) at Objects/call.c:191
#17 0x00007f8578e6e50a in _PyObject_VectorcallTstate (kwnames=0x0, nargsf=9223372036854775809, args=0x9521800, callable=0x7f85549c3a00, tstate=<optimized out>) at ./Include/cpython/abstract.h:116
#18 _PyObject_VectorcallTstate (kwnames=0x0, nargsf=9223372036854775809, args=0x9521800, callable=0x7f85549c3a00, tstate=<optimized out>) at ./Include/cpython/abstract.h:103
#19 PyObject_Vectorcall (kwnames=0x0, nargsf=9223372036854775809, args=<optimized out>, callable=0x7f85549c3a00) at ./Include/cpython/abstract.h:127
#20 call_function (kwnames=0x0, oparg=1, pp_stack=<synthetic pointer>, tstate=0xe6c180) at Python/ceval.c:5077
#21 _PyEval_EvalFrameDefault (tstate=<optimized out>, f=<optimized out>, throwflag=<optimized out>) at Python/ceval.c:3489
#22 0x00007f8578e659fb in _PyEval_EvalFrame (throwflag=0, f=0x9521620, tstate=0xe6c180) at ./Include/internal/pycore_ceval.h:40
#23 function_code_fastcall (tstate=0xe6c180, co=<optimized out>, args=<optimized out>, nargs=1, globals=<optimized out>) at Objects/call.c:330
#24 0x00007f8578e6cd0f in _PyObject_VectorcallTstate (kwnames=0x0, nargsf=<optimized out>, args=0x7f85549d2740, callable=0x7f857869c700, tstate=0xe6c180) at ./Include/cpython/abstract.h:118
#25 PyObject_Vectorcall (kwnames=0x0, nargsf=<optimized out>, args=<optimized out>, callable=<optimized out>) at ./Include/cpython/abstract.h:127
#26 call_function (kwnames=0x0, oparg=<optimized out>, pp_stack=<synthetic pointer>, tstate=0xe6c180) at Python/ceval.c:5077
#27 _PyEval_EvalFrameDefault (tstate=<optimized out>, f=<optimized out>, throwflag=<optimized out>) at Python/ceval.c:3506
#28 0x00007f8578f9ea91 in _PyEval_EvalFrame (throwflag=0, f=0x7f85549d25b0, tstate=0xe6c180) at ./Include/internal/pycore_ceval.h:40
#29 _PyEval_EvalCode (tstate=tstate
entry=0xe6c180, _co=<optimized out>, globals=<optimized out>, locals=locals
entry=0x0, args=<optimized out>, argcount=1, kwnames=0x7f85789a82f8, kwargs=0xec01b0, kwcount=1, kwstep=1, defs=0x7f8571df7808, defcount=1, kwdefs=0x0, closure=0x0, name=0x7f85788307f0, qualname=0x7f8562dcb670) at Python/ceval.c:4329
#30 0x00007f8578eb769d in _PyFunction_Vectorcall (func=<optimized out>, stack=<optimized out>, nargsf=<optimized out>, kwnames=<optimized out>) at Objects/call.c:396
#31 0x00007f8578eba198 in _PyObject_VectorcallTstate (kwnames=0x7f85789a82e0, nargsf=1, args=0xec01a8, callable=0x7f8562dcef70, tstate=0xe6c180) at ./Include/cpython/abstract.h:118
#32 method_vectorcall (method=<optimized out>, args=0xec01b0, nargsf=<optimized out>, kwnames=0x7f85789a82e0) at Objects/classobject.c:53
#33 0x00007f8578e6bde6 in _PyObject_VectorcallTstate (kwnames=0x7f85789a82e0, nargsf=9223372036854775808, args=0xec01b0, callable=0x7f85549e3940, tstate=0xe6c180) at ./Include/cpython/abstract.h:118
#34 PyObject_Vectorcall (kwnames=0x7f85789a82e0, nargsf=9223372036854775808, args=0xec01b0, callable=<optimized out>) at ./Include/cpython/abstract.h:127
#35 call_function (kwnames=0x7f85789a82e0, oparg=<optimized out>, pp_stack=<synthetic pointer>, tstate=0xe6c180) at Python/ceval.c:5077
#36 _PyEval_EvalFrameDefault (tstate=<optimized out>, f=<optimized out>, throwflag=<optimized out>) at Python/ceval.c:3537
#37 0x00007f8578f9ea91 in _PyEval_EvalFrame (throwflag=0, f=0xec0040, tstate=0xe6c180) at ./Include/internal/pycore_ceval.h:40
#38 _PyEval_EvalCode (tstate=0xe6c180, _co=_co
entry=0x7f8578a1d3a0, globals=globals
entry=0x7f8578a3f3c0, locals=locals
entry=0x7f8578a3f3c0, args=args
entry=0x0, argcount=argcount
entry=0, kwnames=0x0, kwargs=0x0, kwcount=0, kwstep=2, defs=0x0, defcount=0, kwdefs=0x0, closure=0x0, name=0x0, qualname=0x0) at Python/ceval.c:4329
#39 0x00007f8578f9ee32 in _PyEval_EvalCodeWithName (_co=_co
entry=0x7f8578a1d3a0, globals=globals
entry=0x7f8578a3f3c0, locals=locals
entry=0x7f8578a3f3c0, args=args
entry=0x0, argcount=argcount
entry=0, kwnames=kwnames
entry=0x0, kwargs=0x0, kwcount=0, kwstep=2, defs=0x0, defcount=0, kwdefs=0x0, closure=0x0, name=0x0, qualname=0x0) at Python/ceval.c:4361
#40 0x00007f8578f9ee7b in PyEval_EvalCodeEx (_co=_co
entry=0x7f8578a1d3a0, globals=globals
entry=0x7f8578a3f3c0, locals=locals
entry=0x7f8578a3f3c0, args=args
entry=0x0, argcount=argcount
entry=0, kws=kws
entry=0x0, kwcount=0, defs=0x0, defcount=0, kwdefs=0x0, closure=0x0) at Python/ceval.c:4377
#41 0x00007f8578f9eeab in PyEval_EvalCode (co=co
entry=0x7f8578a1d3a0, globals=globals
entry=0x7f8578a3f3c0, locals=locals
entry=0x7f8578a3f3c0) at Python/ceval.c:828
#42 0x00007f8578fde3a9 in run_eval_code_obj (locals=0x7f8578a3f3c0, globals=0x7f8578a3f3c0, co=0x7f8578a1d3a0, tstate=0xe6c180) at Python/pythonrun.c:1221
#43 run_mod (mod=<optimized out>, filename=filename
entry=0x7f85789aa390, globals=globals
entry=0x7f8578a3f3c0, locals=locals
entry=0x7f8578a3f3c0, flags=flags
entry=0x7ffee0871e78, arena=arena
entry=0x7f8578880fd0) at Python/pythonrun.c:1242
#44 0x00007f8578fdfdf2 in pyrun_file (flags=0x7ffee0871e78, closeit=1, locals=0x7f8578a3f3c0, globals=0x7f8578a3f3c0, start=257, filename=0x7f85789aa390, fp=0xebf0f0) at Python/pythonrun.c:1140
#45 pyrun_simple_file (flags=0x7ffee0871e78, closeit=1, filename=0x7f85789aa390, fp=0xebf0f0) at Python/pythonrun.c:450
#46 PyRun_SimpleFileExFlags (fp=fp
entry=0xebf0f0, filename=<optimized out>, closeit=closeit
entry=1, flags=flags
entry=0x7ffee0871e78) at Python/pythonrun.c:483
#47 0x00007f8578fe0453 in PyRun_AnyFileExFlags (fp=fp
entry=0xebf0f0, filename=<optimized out>, closeit=closeit
entry=1, flags=flags
entry=0x7ffee0871e78) at Python/pythonrun.c:92
#48 0x00007f8578ffde28 in pymain_run_file (cf=0x7ffee0871e78, config=0xe69f60) at Modules/main.c:373
#49 pymain_run_python (exitcode=0x7ffee0871e70) at Modules/main.c:598
#50 Py_RunMain () at Modules/main.c:677
#51 0x00007f8578ffe347 in pymain_main (args=0x7ffee0871f60) at Modules/main.c:707
#52 Py_BytesMain (argc=<optimized out>, argv=<optimized out>) at Modules/main.c:731
#53 0x00007f8578b45590 in __libc_start_call_main () from /lib64/libc.so.6
#54 0x00007f8578b45640 in __libc_start_main_impl () from /lib64/libc.so.6
#55 0x0000000000401075 in _start ()
===========================================================


Error when running the combination:
	File /home/submit/lavezzo/SUEP/CMSSW_14_1_0_pre4/src/SUEPLimits/cards/WH_11_20_fixed_noShape/cards-SUEP_mS125.000_mPhi8.000_T32.000_modegeneric/combined.root does not exist

 ----------------- 

/tmp/submit_higgsCombineSUEP_mS125.000_mPhi8.000_T4.000_modegeneric.AsymptoticLimits.mH125.sh: line 20: warning: here-document at line 7 delimited by end-of-file (wanted `EOF')
Traceback (most recent call last):
  File "/home/submit/lavezzo/SUEP/CMSSW_14_1_0_pre4/bin/el9_amd64_gcc12/combineCards.py", line 162, in <module>
    file = open(fname, "r")
FileNotFoundError: [Errno 2] No such file or directory: 'cards-SUEP_mS125.000_mPhi8.000_T4.000_modegeneric/shapes-GJHScrA2018.dat'
 *** Break *** segmentation violation



===========================================================
There was a crash.
This is the entire stack trace of all threads:
===========================================================

Thread 9 (Thread 0x7fc02873d640 (LWP 1456070) "python3"):
#0  0x00007fc04af6879a in __futex_abstimed_wait_common () from /lib64/libc.so.6
#1  0x00007fc04af6afa0 in pthread_cond_wait

GLIBC_2.3.2 () from /lib64/libc.so.6
#2  0x00007fc02bfe904f in th_worker (tidptr=<optimized out>) at numexpr/module.cpp:60
#3  0x00007fc04af6bc02 in start_thread () from /lib64/libc.so.6
#4  0x00007fc04aff0c40 in clone3 () from /lib64/libc.so.6

Thread 8 (Thread 0x7fc028f3e640 (LWP 1456057) "python3"):
#0  0x00007fc04af6879a in __futex_abstimed_wait_common () from /lib64/libc.so.6
#1  0x00007fc04af6afa0 in pthread_cond_wait

GLIBC_2.3.2 () from /lib64/libc.so.6
#2  0x00007fc02bfe904f in th_worker (tidptr=<optimized out>) at numexpr/module.cpp:60
#3  0x00007fc04af6bc02 in start_thread () from /lib64/libc.so.6
#4  0x00007fc04aff0c40 in clone3 () from /lib64/libc.so.6

Thread 7 (Thread 0x7fc02973f640 (LWP 1456049) "python3"):
#0  0x00007fc04af6879a in __futex_abstimed_wait_common () from /lib64/libc.so.6
#1  0x00007fc04af6afa0 in pthread_cond_wait

GLIBC_2.3.2 () from /lib64/libc.so.6
#2  0x00007fc02bfe904f in th_worker (tidptr=<optimized out>) at numexpr/module.cpp:60
#3  0x00007fc04af6bc02 in start_thread () from /lib64/libc.so.6
#4  0x00007fc04aff0c40 in clone3 () from /lib64/libc.so.6

Thread 6 (Thread 0x7fc029f40640 (LWP 1456038) "python3"):
#0  0x00007fc04af6879a in __futex_abstimed_wait_common () from /lib64/libc.so.6
#1  0x00007fc04af6afa0 in pthread_cond_wait

GLIBC_2.3.2 () from /lib64/libc.so.6
#2  0x00007fc02bfe904f in th_worker (tidptr=<optimized out>) at numexpr/module.cpp:60
#3  0x00007fc04af6bc02 in start_thread () from /lib64/libc.so.6
#4  0x00007fc04aff0c40 in clone3 () from /lib64/libc.so.6

Thread 5 (Thread 0x7fc02a741640 (LWP 1456028) "python3"):
#0  0x00007fc04af6879a in __futex_abstimed_wait_common () from /lib64/libc.so.6
#1  0x00007fc04af6afa0 in pthread_cond_wait

GLIBC_2.3.2 () from /lib64/libc.so.6
#2  0x00007fc02bfe904f in th_worker (tidptr=<optimized out>) at numexpr/module.cpp:60
#3  0x00007fc04af6bc02 in start_thread () from /lib64/libc.so.6
#4  0x00007fc04aff0c40 in clone3 () from /lib64/libc.so.6

Thread 4 (Thread 0x7fc02af42640 (LWP 1456020) "python3"):
#0  0x00007fc04af6879a in __futex_abstimed_wait_common () from /lib64/libc.so.6
#1  0x00007fc04af6afa0 in pthread_cond_wait

GLIBC_2.3.2 () from /lib64/libc.so.6
#2  0x00007fc02bfe904f in th_worker (tidptr=<optimized out>) at numexpr/module.cpp:60
#3  0x00007fc04af6bc02 in start_thread () from /lib64/libc.so.6
#4  0x00007fc04aff0c40 in clone3 () from /lib64/libc.so.6

Thread 3 (Thread 0x7fc02b743640 (LWP 1456011) "python3"):
#0  0x00007fc04af6879a in __futex_abstimed_wait_common () from /lib64/libc.so.6
#1  0x00007fc04af6afa0 in pthread_cond_wait

GLIBC_2.3.2 () from /lib64/libc.so.6
#2  0x00007fc02bfe904f in th_worker (tidptr=<optimized out>) at numexpr/module.cpp:60
#3  0x00007fc04af6bc02 in start_thread () from /lib64/libc.so.6
#4  0x00007fc04aff0c40 in clone3 () from /lib64/libc.so.6

Thread 2 (Thread 0x7fc02bf44640 (LWP 1456002) "python3"):
#0  0x00007fc04af6879a in __futex_abstimed_wait_common () from /lib64/libc.so.6
#1  0x00007fc04af6afa0 in pthread_cond_wait

GLIBC_2.3.2 () from /lib64/libc.so.6
#2  0x00007fc02bfe904f in th_worker (tidptr=<optimized out>) at numexpr/module.cpp:60
#3  0x00007fc04af6bc02 in start_thread () from /lib64/libc.so.6
#4  0x00007fc04aff0c40 in clone3 () from /lib64/libc.so.6

Thread 1 (Thread 0x7fc04b5c9740 (LWP 1449417) "python3"):
#0  0x00007fc04afbaa3f in wait4 () from /lib64/libc.so.6
#1  0x00007fc04af2d243 in do_system () from /lib64/libc.so.6
#2  0x00007fc04a76743d in TUnixSystem::StackTrace() () from /cvmfs/cms.cern.ch/el9_amd64_gcc12/lcg/root/6.30.07-8b1a11e1ef0e074fdfd44e162b27e71c/lib/libCore.so
#3  0x00007fc04a9145a3 in (anonymous namespace)::TExceptionHandlerImp::HandleException(int) () from /cvmfs/cms.cern.ch/el9_amd64_gcc12/lcg/root/6.30.07-8b1a11e1ef0e074fdfd44e162b27e71c/lib/libcppyy_backend3_9.so
#4  0x00007fc04a766c71 in TUnixSystem::DispatchSignals(ESignals) () from /cvmfs/cms.cern.ch/el9_amd64_gcc12/lcg/root/6.30.07-8b1a11e1ef0e074fdfd44e162b27e71c/lib/libCore.so
#5  <signal handler called>
#6  0x00007fc02670364d in RooStats::ModelConfig::SetHasOnlyParameters(RooArgSet const&, char const*) () from /cvmfs/cms.cern.ch/el9_amd64_gcc12/lcg/root/6.30.07-8b1a11e1ef0e074fdfd44e162b27e71c/lib/libRooFitCore.so
#7  0x00007fc026709d30 in RooStats::ModelConfig::SetObservables(RooArgSet const&) () from /cvmfs/cms.cern.ch/el9_amd64_gcc12/lcg/root/6.30.07-8b1a11e1ef0e074fdfd44e162b27e71c/lib/libRooFitCore.so
#8  0x00007fc024d1d013 in ?? ()
#9  0x0000000000000001 in ?? ()
#10 0x00007fc04a915078 in WrapperCall(long, unsigned long, void*, void*, void*) () from /cvmfs/cms.cern.ch/el9_amd64_gcc12/lcg/root/6.30.07-8b1a11e1ef0e074fdfd44e162b27e71c/lib/libcppyy_backend3_9.so
#11 0x00007fc04a996e97 in CPyCppyy::(anonymous namespace)::VoidExecutor::Execute(long, void*, CPyCppyy::CallContext*) () from /cvmfs/cms.cern.ch/el9_amd64_gcc12/lcg/root/6.30.07-8b1a11e1ef0e074fdfd44e162b27e71c/lib/libcppyy3_9.so
#12 0x00007fc04a982f87 in CPyCppyy::CPPMethod::ExecuteFast(void*, long, CPyCppyy::CallContext*) [clone .isra.0] () from /cvmfs/cms.cern.ch/el9_amd64_gcc12/lcg/root/6.30.07-8b1a11e1ef0e074fdfd44e162b27e71c/lib/libcppyy3_9.so
#13 0x00007fc04a984316 in CPyCppyy::CPPMethod::Execute(void*, long, CPyCppyy::CallContext*) () from /cvmfs/cms.cern.ch/el9_amd64_gcc12/lcg/root/6.30.07-8b1a11e1ef0e074fdfd44e162b27e71c/lib/libcppyy3_9.so
#14 0x00007fc04a9850cf in CPyCppyy::CPPMethod::Call(CPyCppyy::CPPInstance*&, _object*, _object*, CPyCppyy::CallContext*) () from /cvmfs/cms.cern.ch/el9_amd64_gcc12/lcg/root/6.30.07-8b1a11e1ef0e074fdfd44e162b27e71c/lib/libcppyy3_9.so
#15 0x00007fc04a989e9a in CPyCppyy::(anonymous namespace)::mp_call(CPyCppyy::CPPOverload*, _object*, _object*) () from /cvmfs/cms.cern.ch/el9_amd64_gcc12/lcg/root/6.30.07-8b1a11e1ef0e074fdfd44e162b27e71c/lib/libcppyy3_9.so
#16 0x00007fc04b2b786e in _PyObject_MakeTpCall (tstate=0x2152180, callable=callable
entry=0x7fc026d2ca00, args=args
entry=0xa8616e0, nargs=1, keywords=keywords
entry=0x0) at Objects/call.c:191
#17 0x00007fc04b26e50a in _PyObject_VectorcallTstate (kwnames=0x0, nargsf=9223372036854775809, args=0xa8616e0, callable=0x7fc026d2ca00, tstate=<optimized out>) at ./Include/cpython/abstract.h:116
#18 _PyObject_VectorcallTstate (kwnames=0x0, nargsf=9223372036854775809, args=0xa8616e0, callable=0x7fc026d2ca00, tstate=<optimized out>) at ./Include/cpython/abstract.h:103
#19 PyObject_Vectorcall (kwnames=0x0, nargsf=9223372036854775809, args=<optimized out>, callable=0x7fc026d2ca00) at ./Include/cpython/abstract.h:127
#20 call_function (kwnames=0x0, oparg=1, pp_stack=<synthetic pointer>, tstate=0x2152180) at Python/ceval.c:5077
#21 _PyEval_EvalFrameDefault (tstate=<optimized out>, f=<optimized out>, throwflag=<optimized out>) at Python/ceval.c:3489
#22 0x00007fc04b2659fb in _PyEval_EvalFrame (throwflag=0, f=0xa861500, tstate=0x2152180) at ./Include/internal/pycore_ceval.h:40
#23 function_code_fastcall (tstate=0x2152180, co=<optimized out>, args=<optimized out>, nargs=1, globals=<optimized out>) at Objects/call.c:330
#24 0x00007fc04b26cd0f in _PyObject_VectorcallTstate (kwnames=0x0, nargsf=<optimized out>, args=0x7fc026d3b740, callable=0x7fc04a9fd700, tstate=0x2152180) at ./Include/cpython/abstract.h:118
#25 PyObject_Vectorcall (kwnames=0x0, nargsf=<optimized out>, args=<optimized out>, callable=<optimized out>) at ./Include/cpython/abstract.h:127
#26 call_function (kwnames=0x0, oparg=<optimized out>, pp_stack=<synthetic pointer>, tstate=0x2152180) at Python/ceval.c:5077
#27 _PyEval_EvalFrameDefault (tstate=<optimized out>, f=<optimized out>, throwflag=<optimized out>) at Python/ceval.c:3506
#28 0x00007fc04b39ea91 in _PyEval_EvalFrame (throwflag=0, f=0x7fc026d3b5b0, tstate=0x2152180) at ./Include/internal/pycore_ceval.h:40
#29 _PyEval_EvalCode (tstate=tstate
entry=0x2152180, _co=<optimized out>, globals=<optimized out>, locals=locals
entry=0x0, args=<optimized out>, argcount=1, kwnames=0x7fc04ad2e2f8, kwargs=0x21a61b0, kwcount=1, kwstep=1, defs=0x7fc0441f7808, defcount=1, kwdefs=0x0, closure=0x0, name=0x7fc04ab907b0, qualname=0x7fc03d14a6c0) at Python/ceval.c:4329
#30 0x00007fc04b2b769d in _PyFunction_Vectorcall (func=<optimized out>, stack=<optimized out>, nargsf=<optimized out>, kwnames=<optimized out>) at Objects/call.c:396
#31 0x00007fc04b2ba198 in _PyObject_VectorcallTstate (kwnames=0x7fc04ad2e2e0, nargsf=1, args=0x21a61a8, callable=0x7fc03d14cf70, tstate=0x2152180) at ./Include/cpython/abstract.h:118
#32 method_vectorcall (method=<optimized out>, args=0x21a61b0, nargsf=<optimized out>, kwnames=0x7fc04ad2e2e0) at Objects/classobject.c:53
#33 0x00007fc04b26bde6 in _PyObject_VectorcallTstate (kwnames=0x7fc04ad2e2e0, nargsf=9223372036854775808, args=0x21a61b0, callable=0x7fc026d4bb40, tstate=0x2152180) at ./Include/cpython/abstract.h:118
#34 PyObject_Vectorcall (kwnames=0x7fc04ad2e2e0, nargsf=9223372036854775808, args=0x21a61b0, callable=<optimized out>) at ./Include/cpython/abstract.h:127
#35 call_function (kwnames=0x7fc04ad2e2e0, oparg=<optimized out>, pp_stack=<synthetic pointer>, tstate=0x2152180) at Python/ceval.c:5077
#36 _PyEval_EvalFrameDefault (tstate=<optimized out>, f=<optimized out>, throwflag=<optimized out>) at Python/ceval.c:3537
#37 0x00007fc04b39ea91 in _PyEval_EvalFrame (throwflag=0, f=0x21a6040, tstate=0x2152180) at ./Include/internal/pycore_ceval.h:40
#38 _PyEval_EvalCode (tstate=0x2152180, _co=_co
entry=0x7fc04ada33a0, globals=globals
entry=0x7fc04adc53c0, locals=locals
entry=0x7fc04adc53c0, args=args
entry=0x0, argcount=argcount
entry=0, kwnames=0x0, kwargs=0x0, kwcount=0, kwstep=2, defs=0x0, defcount=0, kwdefs=0x0, closure=0x0, name=0x0, qualname=0x0) at Python/ceval.c:4329
#39 0x00007fc04b39ee32 in _PyEval_EvalCodeWithName (_co=_co
entry=0x7fc04ada33a0, globals=globals
entry=0x7fc04adc53c0, locals=locals
entry=0x7fc04adc53c0, args=args
entry=0x0, argcount=argcount
entry=0, kwnames=kwnames
entry=0x0, kwargs=0x0, kwcount=0, kwstep=2, defs=0x0, defcount=0, kwdefs=0x0, closure=0x0, name=0x0, qualname=0x0) at Python/ceval.c:4361
#40 0x00007fc04b39ee7b in PyEval_EvalCodeEx (_co=_co
entry=0x7fc04ada33a0, globals=globals
entry=0x7fc04adc53c0, locals=locals
entry=0x7fc04adc53c0, args=args
entry=0x0, argcount=argcount
entry=0, kws=kws
entry=0x0, kwcount=0, defs=0x0, defcount=0, kwdefs=0x0, closure=0x0) at Python/ceval.c:4377
#41 0x00007fc04b39eeab in PyEval_EvalCode (co=co
entry=0x7fc04ada33a0, globals=globals
entry=0x7fc04adc53c0, locals=locals
entry=0x7fc04adc53c0) at Python/ceval.c:828
#42 0x00007fc04b3de3a9 in run_eval_code_obj (locals=0x7fc04adc53c0, globals=0x7fc04adc53c0, co=0x7fc04ada33a0, tstate=0x2152180) at Python/pythonrun.c:1221
#43 run_mod (mod=<optimized out>, filename=filename
entry=0x7fc04ad30390, globals=globals
entry=0x7fc04adc53c0, locals=locals
entry=0x7fc04adc53c0, flags=flags
entry=0x7ffc1d0d1098, arena=arena
entry=0x7fc04abe0fd0) at Python/pythonrun.c:1242
#44 0x00007fc04b3dfdf2 in pyrun_file (flags=0x7ffc1d0d1098, closeit=1, locals=0x7fc04adc53c0, globals=0x7fc04adc53c0, start=257, filename=0x7fc04ad30390, fp=0x21a50f0) at Python/pythonrun.c:1140
#45 pyrun_simple_file (flags=0x7ffc1d0d1098, closeit=1, filename=0x7fc04ad30390, fp=0x21a50f0) at Python/pythonrun.c:450
#46 PyRun_SimpleFileExFlags (fp=fp
entry=0x21a50f0, filename=<optimized out>, closeit=closeit
entry=1, flags=flags
entry=0x7ffc1d0d1098) at Python/pythonrun.c:483
#47 0x00007fc04b3e0453 in PyRun_AnyFileExFlags (fp=fp
entry=0x21a50f0, filename=<optimized out>, closeit=closeit
entry=1, flags=flags
entry=0x7ffc1d0d1098) at Python/pythonrun.c:92
#48 0x00007fc04b3fde28 in pymain_run_file (cf=0x7ffc1d0d1098, config=0x214ff60) at Modules/main.c:373
#49 pymain_run_python (exitcode=0x7ffc1d0d1090) at Modules/main.c:598
#50 Py_RunMain () at Modules/main.c:677
#51 0x00007fc04b3fe347 in pymain_main (args=0x7ffc1d0d1180) at Modules/main.c:707
#52 Py_BytesMain (argc=<optimized out>, argv=<optimized out>) at Modules/main.c:731
#53 0x00007fc04af0b590 in __libc_start_call_main () from /lib64/libc.so.6
#54 0x00007fc04af0b640 in __libc_start_main_impl () from /lib64/libc.so.6
#55 0x0000000000401075 in _start ()
===========================================================


The lines below might hint at the cause of the crash. If you see question
marks as part of the stack trace, try to recompile with debugging information
enabled and export CLING_DEBUG=1 environment variable before running.
You may get help by asking at the ROOT forum https://root.cern/forum
preferably using the command (.forum bug) in the ROOT prompt.
Only if you are really convinced it is a bug in ROOT then please submit a
report at https://root.cern/bugs or (preferably) using the command (.gh bug) in
the ROOT prompt. Please post the ENTIRE stack trace
from above as an attachment in addition to anything else
that might help us fixing this issue.
===========================================================
#6  0x00007fc02670364d in RooStats::ModelConfig::SetHasOnlyParameters(RooArgSet const&, char const*) () from /cvmfs/cms.cern.ch/el9_amd64_gcc12/lcg/root/6.30.07-8b1a11e1ef0e074fdfd44e162b27e71c/lib/libRooFitCore.so
#7  0x00007fc026709d30 in RooStats::ModelConfig::SetObservables(RooArgSet const&) () from /cvmfs/cms.cern.ch/el9_amd64_gcc12/lcg/root/6.30.07-8b1a11e1ef0e074fdfd44e162b27e71c/lib/libRooFitCore.so
#8  0x00007fc024d1d013 in ?? ()
#9  0x0000000000000001 in ?? ()
#10 0x00007fc04a915078 in WrapperCall(long, unsigned long, void*, void*, void*) () from /cvmfs/cms.cern.ch/el9_amd64_gcc12/lcg/root/6.30.07-8b1a11e1ef0e074fdfd44e162b27e71c/lib/libcppyy_backend3_9.so
#11 0x00007fc04a996e97 in CPyCppyy::(anonymous namespace)::VoidExecutor::Execute(long, void*, CPyCppyy::CallContext*) () from /cvmfs/cms.cern.ch/el9_amd64_gcc12/lcg/root/6.30.07-8b1a11e1ef0e074fdfd44e162b27e71c/lib/libcppyy3_9.so
#12 0x00007fc04a982f87 in CPyCppyy::CPPMethod::ExecuteFast(void*, long, CPyCppyy::CallContext*) [clone .isra.0] () from /cvmfs/cms.cern.ch/el9_amd64_gcc12/lcg/root/6.30.07-8b1a11e1ef0e074fdfd44e162b27e71c/lib/libcppyy3_9.so
#13 0x00007fc04a984316 in CPyCppyy::CPPMethod::Execute(void*, long, CPyCppyy::CallContext*) () from /cvmfs/cms.cern.ch/el9_amd64_gcc12/lcg/root/6.30.07-8b1a11e1ef0e074fdfd44e162b27e71c/lib/libcppyy3_9.so
#14 0x00007fc04a9850cf in CPyCppyy::CPPMethod::Call(CPyCppyy::CPPInstance*&, _object*, _object*, CPyCppyy::CallContext*) () from /cvmfs/cms.cern.ch/el9_amd64_gcc12/lcg/root/6.30.07-8b1a11e1ef0e074fdfd44e162b27e71c/lib/libcppyy3_9.so
#15 0x00007fc04a989e9a in CPyCppyy::(anonymous namespace)::mp_call(CPyCppyy::CPPOverload*, _object*, _object*) () from /cvmfs/cms.cern.ch/el9_amd64_gcc12/lcg/root/6.30.07-8b1a11e1ef0e074fdfd44e162b27e71c/lib/libcppyy3_9.so
#16 0x00007fc04b2b786e in _PyObject_MakeTpCall (tstate=0x2152180, callable=callable
entry=0x7fc026d2ca00, args=args
entry=0xa8616e0, nargs=1, keywords=keywords
entry=0x0) at Objects/call.c:191
#17 0x00007fc04b26e50a in _PyObject_VectorcallTstate (kwnames=0x0, nargsf=9223372036854775809, args=0xa8616e0, callable=0x7fc026d2ca00, tstate=<optimized out>) at ./Include/cpython/abstract.h:116
#18 _PyObject_VectorcallTstate (kwnames=0x0, nargsf=9223372036854775809, args=0xa8616e0, callable=0x7fc026d2ca00, tstate=<optimized out>) at ./Include/cpython/abstract.h:103
#19 PyObject_Vectorcall (kwnames=0x0, nargsf=9223372036854775809, args=<optimized out>, callable=0x7fc026d2ca00) at ./Include/cpython/abstract.h:127
#20 call_function (kwnames=0x0, oparg=1, pp_stack=<synthetic pointer>, tstate=0x2152180) at Python/ceval.c:5077
#21 _PyEval_EvalFrameDefault (tstate=<optimized out>, f=<optimized out>, throwflag=<optimized out>) at Python/ceval.c:3489
#22 0x00007fc04b2659fb in _PyEval_EvalFrame (throwflag=0, f=0xa861500, tstate=0x2152180) at ./Include/internal/pycore_ceval.h:40
#23 function_code_fastcall (tstate=0x2152180, co=<optimized out>, args=<optimized out>, nargs=1, globals=<optimized out>) at Objects/call.c:330
#24 0x00007fc04b26cd0f in _PyObject_VectorcallTstate (kwnames=0x0, nargsf=<optimized out>, args=0x7fc026d3b740, callable=0x7fc04a9fd700, tstate=0x2152180) at ./Include/cpython/abstract.h:118
#25 PyObject_Vectorcall (kwnames=0x0, nargsf=<optimized out>, args=<optimized out>, callable=<optimized out>) at ./Include/cpython/abstract.h:127
#26 call_function (kwnames=0x0, oparg=<optimized out>, pp_stack=<synthetic pointer>, tstate=0x2152180) at Python/ceval.c:5077
#27 _PyEval_EvalFrameDefault (tstate=<optimized out>, f=<optimized out>, throwflag=<optimized out>) at Python/ceval.c:3506
#28 0x00007fc04b39ea91 in _PyEval_EvalFrame (throwflag=0, f=0x7fc026d3b5b0, tstate=0x2152180) at ./Include/internal/pycore_ceval.h:40
#29 _PyEval_EvalCode (tstate=tstate
entry=0x2152180, _co=<optimized out>, globals=<optimized out>, locals=locals
entry=0x0, args=<optimized out>, argcount=1, kwnames=0x7fc04ad2e2f8, kwargs=0x21a61b0, kwcount=1, kwstep=1, defs=0x7fc0441f7808, defcount=1, kwdefs=0x0, closure=0x0, name=0x7fc04ab907b0, qualname=0x7fc03d14a6c0) at Python/ceval.c:4329
#30 0x00007fc04b2b769d in _PyFunction_Vectorcall (func=<optimized out>, stack=<optimized out>, nargsf=<optimized out>, kwnames=<optimized out>) at Objects/call.c:396
#31 0x00007fc04b2ba198 in _PyObject_VectorcallTstate (kwnames=0x7fc04ad2e2e0, nargsf=1, args=0x21a61a8, callable=0x7fc03d14cf70, tstate=0x2152180) at ./Include/cpython/abstract.h:118
#32 method_vectorcall (method=<optimized out>, args=0x21a61b0, nargsf=<optimized out>, kwnames=0x7fc04ad2e2e0) at Objects/classobject.c:53
#33 0x00007fc04b26bde6 in _PyObject_VectorcallTstate (kwnames=0x7fc04ad2e2e0, nargsf=9223372036854775808, args=0x21a61b0, callable=0x7fc026d4bb40, tstate=0x2152180) at ./Include/cpython/abstract.h:118
#34 PyObject_Vectorcall (kwnames=0x7fc04ad2e2e0, nargsf=9223372036854775808, args=0x21a61b0, callable=<optimized out>) at ./Include/cpython/abstract.h:127
#35 call_function (kwnames=0x7fc04ad2e2e0, oparg=<optimized out>, pp_stack=<synthetic pointer>, tstate=0x2152180) at Python/ceval.c:5077
#36 _PyEval_EvalFrameDefault (tstate=<optimized out>, f=<optimized out>, throwflag=<optimized out>) at Python/ceval.c:3537
#37 0x00007fc04b39ea91 in _PyEval_EvalFrame (throwflag=0, f=0x21a6040, tstate=0x2152180) at ./Include/internal/pycore_ceval.h:40
#38 _PyEval_EvalCode (tstate=0x2152180, _co=_co
entry=0x7fc04ada33a0, globals=globals
entry=0x7fc04adc53c0, locals=locals
entry=0x7fc04adc53c0, args=args
entry=0x0, argcount=argcount
entry=0, kwnames=0x0, kwargs=0x0, kwcount=0, kwstep=2, defs=0x0, defcount=0, kwdefs=0x0, closure=0x0, name=0x0, qualname=0x0) at Python/ceval.c:4329
#39 0x00007fc04b39ee32 in _PyEval_EvalCodeWithName (_co=_co
entry=0x7fc04ada33a0, globals=globals
entry=0x7fc04adc53c0, locals=locals
entry=0x7fc04adc53c0, args=args
entry=0x0, argcount=argcount
entry=0, kwnames=kwnames
entry=0x0, kwargs=0x0, kwcount=0, kwstep=2, defs=0x0, defcount=0, kwdefs=0x0, closure=0x0, name=0x0, qualname=0x0) at Python/ceval.c:4361
#40 0x00007fc04b39ee7b in PyEval_EvalCodeEx (_co=_co
entry=0x7fc04ada33a0, globals=globals
entry=0x7fc04adc53c0, locals=locals
entry=0x7fc04adc53c0, args=args
entry=0x0, argcount=argcount
entry=0, kws=kws
entry=0x0, kwcount=0, defs=0x0, defcount=0, kwdefs=0x0, closure=0x0) at Python/ceval.c:4377
#41 0x00007fc04b39eeab in PyEval_EvalCode (co=co
entry=0x7fc04ada33a0, globals=globals
entry=0x7fc04adc53c0, locals=locals
entry=0x7fc04adc53c0) at Python/ceval.c:828
#42 0x00007fc04b3de3a9 in run_eval_code_obj (locals=0x7fc04adc53c0, globals=0x7fc04adc53c0, co=0x7fc04ada33a0, tstate=0x2152180) at Python/pythonrun.c:1221
#43 run_mod (mod=<optimized out>, filename=filename
entry=0x7fc04ad30390, globals=globals
entry=0x7fc04adc53c0, locals=locals
entry=0x7fc04adc53c0, flags=flags
entry=0x7ffc1d0d1098, arena=arena
entry=0x7fc04abe0fd0) at Python/pythonrun.c:1242
#44 0x00007fc04b3dfdf2 in pyrun_file (flags=0x7ffc1d0d1098, closeit=1, locals=0x7fc04adc53c0, globals=0x7fc04adc53c0, start=257, filename=0x7fc04ad30390, fp=0x21a50f0) at Python/pythonrun.c:1140
#45 pyrun_simple_file (flags=0x7ffc1d0d1098, closeit=1, filename=0x7fc04ad30390, fp=0x21a50f0) at Python/pythonrun.c:450
#46 PyRun_SimpleFileExFlags (fp=fp
entry=0x21a50f0, filename=<optimized out>, closeit=closeit
entry=1, flags=flags
entry=0x7ffc1d0d1098) at Python/pythonrun.c:483
#47 0x00007fc04b3e0453 in PyRun_AnyFileExFlags (fp=fp
entry=0x21a50f0, filename=<optimized out>, closeit=closeit
entry=1, flags=flags
entry=0x7ffc1d0d1098) at Python/pythonrun.c:92
#48 0x00007fc04b3fde28 in pymain_run_file (cf=0x7ffc1d0d1098, config=0x214ff60) at Modules/main.c:373
#49 pymain_run_python (exitcode=0x7ffc1d0d1090) at Modules/main.c:598
#50 Py_RunMain () at Modules/main.c:677
#51 0x00007fc04b3fe347 in pymain_main (args=0x7ffc1d0d1180) at Modules/main.c:707
#52 Py_BytesMain (argc=<optimized out>, argv=<optimized out>) at Modules/main.c:731
#53 0x00007fc04af0b590 in __libc_start_call_main () from /lib64/libc.so.6
#54 0x00007fc04af0b640 in __libc_start_main_impl () from /lib64/libc.so.6
#55 0x0000000000401075 in _start ()
===========================================================


 *** Break *** segmentation violation



===========================================================
There was a crash.
This is the entire stack trace of all threads:
===========================================================

Thread 9 (Thread 0x7fc02873d640 (LWP 1456070) "python3"):
#0  0x00007fc04af6879a in __futex_abstimed_wait_common () from /lib64/libc.so.6
#1  0x00007fc04af6afa0 in pthread_cond_wait

GLIBC_2.3.2 () from /lib64/libc.so.6
#2  0x00007fc02bfe904f in th_worker (tidptr=<optimized out>) at numexpr/module.cpp:60
#3  0x00007fc04af6bc02 in start_thread () from /lib64/libc.so.6
#4  0x00007fc04aff0c40 in clone3 () from /lib64/libc.so.6

Thread 8 (Thread 0x7fc028f3e640 (LWP 1456057) "python3"):
#0  0x00007fc04af6879a in __futex_abstimed_wait_common () from /lib64/libc.so.6
#1  0x00007fc04af6afa0 in pthread_cond_wait

GLIBC_2.3.2 () from /lib64/libc.so.6
#2  0x00007fc02bfe904f in th_worker (tidptr=<optimized out>) at numexpr/module.cpp:60
#3  0x00007fc04af6bc02 in start_thread () from /lib64/libc.so.6
#4  0x00007fc04aff0c40 in clone3 () from /lib64/libc.so.6

Thread 7 (Thread 0x7fc02973f640 (LWP 1456049) "python3"):
#0  0x00007fc04af6879a in __futex_abstimed_wait_common () from /lib64/libc.so.6
#1  0x00007fc04af6afa0 in pthread_cond_wait

GLIBC_2.3.2 () from /lib64/libc.so.6
#2  0x00007fc02bfe904f in th_worker (tidptr=<optimized out>) at numexpr/module.cpp:60
#3  0x00007fc04af6bc02 in start_thread () from /lib64/libc.so.6
#4  0x00007fc04aff0c40 in clone3 () from /lib64/libc.so.6

Thread 6 (Thread 0x7fc029f40640 (LWP 1456038) "python3"):
#0  0x00007fc04af6879a in __futex_abstimed_wait_common () from /lib64/libc.so.6
#1  0x00007fc04af6afa0 in pthread_cond_wait

GLIBC_2.3.2 () from /lib64/libc.so.6
#2  0x00007fc02bfe904f in th_worker (tidptr=<optimized out>) at numexpr/module.cpp:60
#3  0x00007fc04af6bc02 in start_thread () from /lib64/libc.so.6
#4  0x00007fc04aff0c40 in clone3 () from /lib64/libc.so.6

Thread 5 (Thread 0x7fc02a741640 (LWP 1456028) "python3"):
#0  0x00007fc04af6879a in __futex_abstimed_wait_common () from /lib64/libc.so.6
#1  0x00007fc04af6afa0 in pthread_cond_wait

GLIBC_2.3.2 () from /lib64/libc.so.6
#2  0x00007fc02bfe904f in th_worker (tidptr=<optimized out>) at numexpr/module.cpp:60
#3  0x00007fc04af6bc02 in start_thread () from /lib64/libc.so.6
#4  0x00007fc04aff0c40 in clone3 () from /lib64/libc.so.6

Thread 4 (Thread 0x7fc02af42640 (LWP 1456020) "python3"):
#0  0x00007fc04af6879a in __futex_abstimed_wait_common () from /lib64/libc.so.6
#1  0x00007fc04af6afa0 in pthread_cond_wait

GLIBC_2.3.2 () from /lib64/libc.so.6
#2  0x00007fc02bfe904f in th_worker (tidptr=<optimized out>) at numexpr/module.cpp:60
#3  0x00007fc04af6bc02 in start_thread () from /lib64/libc.so.6
#4  0x00007fc04aff0c40 in clone3 () from /lib64/libc.so.6

Thread 3 (Thread 0x7fc02b743640 (LWP 1456011) "python3"):
#0  0x00007fc04af6879a in __futex_abstimed_wait_common () from /lib64/libc.so.6
#1  0x00007fc04af6afa0 in pthread_cond_wait

GLIBC_2.3.2 () from /lib64/libc.so.6
#2  0x00007fc02bfe904f in th_worker (tidptr=<optimized out>) at numexpr/module.cpp:60
#3  0x00007fc04af6bc02 in start_thread () from /lib64/libc.so.6
#4  0x00007fc04aff0c40 in clone3 () from /lib64/libc.so.6

Thread 2 (Thread 0x7fc02bf44640 (LWP 1456002) "python3"):
#0  0x00007fc04af6879a in __futex_abstimed_wait_common () from /lib64/libc.so.6
#1  0x00007fc04af6afa0 in pthread_cond_wait

GLIBC_2.3.2 () from /lib64/libc.so.6
#2  0x00007fc02bfe904f in th_worker (tidptr=<optimized out>) at numexpr/module.cpp:60
#3  0x00007fc04af6bc02 in start_thread () from /lib64/libc.so.6
#4  0x00007fc04aff0c40 in clone3 () from /lib64/libc.so.6

Thread 1 (Thread 0x7fc04b5c9740 (LWP 1449417) "python3"):
#0  0x00007fc04afbaa3f in wait4 () from /lib64/libc.so.6
#1  0x00007fc04af2d243 in do_system () from /lib64/libc.so.6
#2  0x00007fc04a76743d in TUnixSystem::StackTrace() () from /cvmfs/cms.cern.ch/el9_amd64_gcc12/lcg/root/6.30.07-8b1a11e1ef0e074fdfd44e162b27e71c/lib/libCore.so
#3  0x00007fc04a914423 in (anonymous namespace)::TExceptionHandlerImp::HandleException(int) () from /cvmfs/cms.cern.ch/el9_amd64_gcc12/lcg/root/6.30.07-8b1a11e1ef0e074fdfd44e162b27e71c/lib/libcppyy_backend3_9.so
#4  0x00007fc04a766c71 in TUnixSystem::DispatchSignals(ESignals) () from /cvmfs/cms.cern.ch/el9_amd64_gcc12/lcg/root/6.30.07-8b1a11e1ef0e074fdfd44e162b27e71c/lib/libCore.so
#5  <signal handler called>
#6  0x00007fc02670364d in RooStats::ModelConfig::SetHasOnlyParameters(RooArgSet const&, char const*) () from /cvmfs/cms.cern.ch/el9_amd64_gcc12/lcg/root/6.30.07-8b1a11e1ef0e074fdfd44e162b27e71c/lib/libRooFitCore.so
#7  0x00007fc026709d30 in RooStats::ModelConfig::SetObservables(RooArgSet const&) () from /cvmfs/cms.cern.ch/el9_amd64_gcc12/lcg/root/6.30.07-8b1a11e1ef0e074fdfd44e162b27e71c/lib/libRooFitCore.so
#8  0x00007fc024d1d013 in ?? ()
#9  0x0000000000000001 in ?? ()
#10 0x00007fc04a915078 in WrapperCall(long, unsigned long, void*, void*, void*) () from /cvmfs/cms.cern.ch/el9_amd64_gcc12/lcg/root/6.30.07-8b1a11e1ef0e074fdfd44e162b27e71c/lib/libcppyy_backend3_9.so
#11 0x00007fc04a996e97 in CPyCppyy::(anonymous namespace)::VoidExecutor::Execute(long, void*, CPyCppyy::CallContext*) () from /cvmfs/cms.cern.ch/el9_amd64_gcc12/lcg/root/6.30.07-8b1a11e1ef0e074fdfd44e162b27e71c/lib/libcppyy3_9.so
#12 0x00007fc04a982f87 in CPyCppyy::CPPMethod::ExecuteFast(void*, long, CPyCppyy::CallContext*) [clone .isra.0] () from /cvmfs/cms.cern.ch/el9_amd64_gcc12/lcg/root/6.30.07-8b1a11e1ef0e074fdfd44e162b27e71c/lib/libcppyy3_9.so
#13 0x00007fc04a984316 in CPyCppyy::CPPMethod::Execute(void*, long, CPyCppyy::CallContext*) () from /cvmfs/cms.cern.ch/el9_amd64_gcc12/lcg/root/6.30.07-8b1a11e1ef0e074fdfd44e162b27e71c/lib/libcppyy3_9.so
#14 0x00007fc04a9850cf in CPyCppyy::CPPMethod::Call(CPyCppyy::CPPInstance*&, _object*, _object*, CPyCppyy::CallContext*) () from /cvmfs/cms.cern.ch/el9_amd64_gcc12/lcg/root/6.30.07-8b1a11e1ef0e074fdfd44e162b27e71c/lib/libcppyy3_9.so
#15 0x00007fc04a989e9a in CPyCppyy::(anonymous namespace)::mp_call(CPyCppyy::CPPOverload*, _object*, _object*) () from /cvmfs/cms.cern.ch/el9_amd64_gcc12/lcg/root/6.30.07-8b1a11e1ef0e074fdfd44e162b27e71c/lib/libcppyy3_9.so
#16 0x00007fc04b2b786e in _PyObject_MakeTpCall (tstate=0x2152180, callable=callable
entry=0x7fc026d2ca00, args=args
entry=0xa8616e0, nargs=1, keywords=keywords
entry=0x0) at Objects/call.c:191
#17 0x00007fc04b26e50a in _PyObject_VectorcallTstate (kwnames=0x0, nargsf=9223372036854775809, args=0xa8616e0, callable=0x7fc026d2ca00, tstate=<optimized out>) at ./Include/cpython/abstract.h:116
#18 _PyObject_VectorcallTstate (kwnames=0x0, nargsf=9223372036854775809, args=0xa8616e0, callable=0x7fc026d2ca00, tstate=<optimized out>) at ./Include/cpython/abstract.h:103
#19 PyObject_Vectorcall (kwnames=0x0, nargsf=9223372036854775809, args=<optimized out>, callable=0x7fc026d2ca00) at ./Include/cpython/abstract.h:127
#20 call_function (kwnames=0x0, oparg=1, pp_stack=<synthetic pointer>, tstate=0x2152180) at Python/ceval.c:5077
#21 _PyEval_EvalFrameDefault (tstate=<optimized out>, f=<optimized out>, throwflag=<optimized out>) at Python/ceval.c:3489
#22 0x00007fc04b2659fb in _PyEval_EvalFrame (throwflag=0, f=0xa861500, tstate=0x2152180) at ./Include/internal/pycore_ceval.h:40
#23 function_code_fastcall (tstate=0x2152180, co=<optimized out>, args=<optimized out>, nargs=1, globals=<optimized out>) at Objects/call.c:330
#24 0x00007fc04b26cd0f in _PyObject_VectorcallTstate (kwnames=0x0, nargsf=<optimized out>, args=0x7fc026d3b740, callable=0x7fc04a9fd700, tstate=0x2152180) at ./Include/cpython/abstract.h:118
#25 PyObject_Vectorcall (kwnames=0x0, nargsf=<optimized out>, args=<optimized out>, callable=<optimized out>) at ./Include/cpython/abstract.h:127
#26 call_function (kwnames=0x0, oparg=<optimized out>, pp_stack=<synthetic pointer>, tstate=0x2152180) at Python/ceval.c:5077
#27 _PyEval_EvalFrameDefault (tstate=<optimized out>, f=<optimized out>, throwflag=<optimized out>) at Python/ceval.c:3506
#28 0x00007fc04b39ea91 in _PyEval_EvalFrame (throwflag=0, f=0x7fc026d3b5b0, tstate=0x2152180) at ./Include/internal/pycore_ceval.h:40
#29 _PyEval_EvalCode (tstate=tstate
entry=0x2152180, _co=<optimized out>, globals=<optimized out>, locals=locals
entry=0x0, args=<optimized out>, argcount=1, kwnames=0x7fc04ad2e2f8, kwargs=0x21a61b0, kwcount=1, kwstep=1, defs=0x7fc0441f7808, defcount=1, kwdefs=0x0, closure=0x0, name=0x7fc04ab907b0, qualname=0x7fc03d14a6c0) at Python/ceval.c:4329
#30 0x00007fc04b2b769d in _PyFunction_Vectorcall (func=<optimized out>, stack=<optimized out>, nargsf=<optimized out>, kwnames=<optimized out>) at Objects/call.c:396
#31 0x00007fc04b2ba198 in _PyObject_VectorcallTstate (kwnames=0x7fc04ad2e2e0, nargsf=1, args=0x21a61a8, callable=0x7fc03d14cf70, tstate=0x2152180) at ./Include/cpython/abstract.h:118
#32 method_vectorcall (method=<optimized out>, args=0x21a61b0, nargsf=<optimized out>, kwnames=0x7fc04ad2e2e0) at Objects/classobject.c:53
#33 0x00007fc04b26bde6 in _PyObject_VectorcallTstate (kwnames=0x7fc04ad2e2e0, nargsf=9223372036854775808, args=0x21a61b0, callable=0x7fc026d4bb40, tstate=0x2152180) at ./Include/cpython/abstract.h:118
#34 PyObject_Vectorcall (kwnames=0x7fc04ad2e2e0, nargsf=9223372036854775808, args=0x21a61b0, callable=<optimized out>) at ./Include/cpython/abstract.h:127
#35 call_function (kwnames=0x7fc04ad2e2e0, oparg=<optimized out>, pp_stack=<synthetic pointer>, tstate=0x2152180) at Python/ceval.c:5077
#36 _PyEval_EvalFrameDefault (tstate=<optimized out>, f=<optimized out>, throwflag=<optimized out>) at Python/ceval.c:3537
#37 0x00007fc04b39ea91 in _PyEval_EvalFrame (throwflag=0, f=0x21a6040, tstate=0x2152180) at ./Include/internal/pycore_ceval.h:40
#38 _PyEval_EvalCode (tstate=0x2152180, _co=_co
entry=0x7fc04ada33a0, globals=globals
entry=0x7fc04adc53c0, locals=locals
entry=0x7fc04adc53c0, args=args
entry=0x0, argcount=argcount
entry=0, kwnames=0x0, kwargs=0x0, kwcount=0, kwstep=2, defs=0x0, defcount=0, kwdefs=0x0, closure=0x0, name=0x0, qualname=0x0) at Python/ceval.c:4329
#39 0x00007fc04b39ee32 in _PyEval_EvalCodeWithName (_co=_co
entry=0x7fc04ada33a0, globals=globals
entry=0x7fc04adc53c0, locals=locals
entry=0x7fc04adc53c0, args=args
entry=0x0, argcount=argcount
entry=0, kwnames=kwnames
entry=0x0, kwargs=0x0, kwcount=0, kwstep=2, defs=0x0, defcount=0, kwdefs=0x0, closure=0x0, name=0x0, qualname=0x0) at Python/ceval.c:4361
#40 0x00007fc04b39ee7b in PyEval_EvalCodeEx (_co=_co
entry=0x7fc04ada33a0, globals=globals
entry=0x7fc04adc53c0, locals=locals
entry=0x7fc04adc53c0, args=args
entry=0x0, argcount=argcount
entry=0, kws=kws
entry=0x0, kwcount=0, defs=0x0, defcount=0, kwdefs=0x0, closure=0x0) at Python/ceval.c:4377
#41 0x00007fc04b39eeab in PyEval_EvalCode (co=co
entry=0x7fc04ada33a0, globals=globals
entry=0x7fc04adc53c0, locals=locals
entry=0x7fc04adc53c0) at Python/ceval.c:828
#42 0x00007fc04b3de3a9 in run_eval_code_obj (locals=0x7fc04adc53c0, globals=0x7fc04adc53c0, co=0x7fc04ada33a0, tstate=0x2152180) at Python/pythonrun.c:1221
#43 run_mod (mod=<optimized out>, filename=filename
entry=0x7fc04ad30390, globals=globals
entry=0x7fc04adc53c0, locals=locals
entry=0x7fc04adc53c0, flags=flags
entry=0x7ffc1d0d1098, arena=arena
entry=0x7fc04abe0fd0) at Python/pythonrun.c:1242
#44 0x00007fc04b3dfdf2 in pyrun_file (flags=0x7ffc1d0d1098, closeit=1, locals=0x7fc04adc53c0, globals=0x7fc04adc53c0, start=257, filename=0x7fc04ad30390, fp=0x21a50f0) at Python/pythonrun.c:1140
#45 pyrun_simple_file (flags=0x7ffc1d0d1098, closeit=1, filename=0x7fc04ad30390, fp=0x21a50f0) at Python/pythonrun.c:450
#46 PyRun_SimpleFileExFlags (fp=fp
entry=0x21a50f0, filename=<optimized out>, closeit=closeit
entry=1, flags=flags
entry=0x7ffc1d0d1098) at Python/pythonrun.c:483
#47 0x00007fc04b3e0453 in PyRun_AnyFileExFlags (fp=fp
entry=0x21a50f0, filename=<optimized out>, closeit=closeit
entry=1, flags=flags
entry=0x7ffc1d0d1098) at Python/pythonrun.c:92
#48 0x00007fc04b3fde28 in pymain_run_file (cf=0x7ffc1d0d1098, config=0x214ff60) at Modules/main.c:373
#49 pymain_run_python (exitcode=0x7ffc1d0d1090) at Modules/main.c:598
#50 Py_RunMain () at Modules/main.c:677
#51 0x00007fc04b3fe347 in pymain_main (args=0x7ffc1d0d1180) at Modules/main.c:707
#52 Py_BytesMain (argc=<optimized out>, argv=<optimized out>) at Modules/main.c:731
#53 0x00007fc04af0b590 in __libc_start_call_main () from /lib64/libc.so.6
#54 0x00007fc04af0b640 in __libc_start_main_impl () from /lib64/libc.so.6
#55 0x0000000000401075 in _start ()
===========================================================


The lines below might hint at the cause of the crash. If you see question
marks as part of the stack trace, try to recompile with debugging information
enabled and export CLING_DEBUG=1 environment variable before running.
You may get help by asking at the ROOT forum https://root.cern/forum
preferably using the command (.forum bug) in the ROOT prompt.
Only if you are really convinced it is a bug in ROOT then please submit a
report at https://root.cern/bugs or (preferably) using the command (.gh bug) in
the ROOT prompt. Please post the ENTIRE stack trace
from above as an attachment in addition to anything else
that might help us fixing this issue.
===========================================================
#6  0x00007fc02670364d in RooStats::ModelConfig::SetHasOnlyParameters(RooArgSet const&, char const*) () from /cvmfs/cms.cern.ch/el9_amd64_gcc12/lcg/root/6.30.07-8b1a11e1ef0e074fdfd44e162b27e71c/lib/libRooFitCore.so
#7  0x00007fc026709d30 in RooStats::ModelConfig::SetObservables(RooArgSet const&) () from /cvmfs/cms.cern.ch/el9_amd64_gcc12/lcg/root/6.30.07-8b1a11e1ef0e074fdfd44e162b27e71c/lib/libRooFitCore.so
#8  0x00007fc024d1d013 in ?? ()
#9  0x0000000000000001 in ?? ()
#10 0x00007fc04a915078 in WrapperCall(long, unsigned long, void*, void*, void*) () from /cvmfs/cms.cern.ch/el9_amd64_gcc12/lcg/root/6.30.07-8b1a11e1ef0e074fdfd44e162b27e71c/lib/libcppyy_backend3_9.so
#11 0x00007fc04a996e97 in CPyCppyy::(anonymous namespace)::VoidExecutor::Execute(long, void*, CPyCppyy::CallContext*) () from /cvmfs/cms.cern.ch/el9_amd64_gcc12/lcg/root/6.30.07-8b1a11e1ef0e074fdfd44e162b27e71c/lib/libcppyy3_9.so
#12 0x00007fc04a982f87 in CPyCppyy::CPPMethod::ExecuteFast(void*, long, CPyCppyy::CallContext*) [clone .isra.0] () from /cvmfs/cms.cern.ch/el9_amd64_gcc12/lcg/root/6.30.07-8b1a11e1ef0e074fdfd44e162b27e71c/lib/libcppyy3_9.so
#13 0x00007fc04a984316 in CPyCppyy::CPPMethod::Execute(void*, long, CPyCppyy::CallContext*) () from /cvmfs/cms.cern.ch/el9_amd64_gcc12/lcg/root/6.30.07-8b1a11e1ef0e074fdfd44e162b27e71c/lib/libcppyy3_9.so
#14 0x00007fc04a9850cf in CPyCppyy::CPPMethod::Call(CPyCppyy::CPPInstance*&, _object*, _object*, CPyCppyy::CallContext*) () from /cvmfs/cms.cern.ch/el9_amd64_gcc12/lcg/root/6.30.07-8b1a11e1ef0e074fdfd44e162b27e71c/lib/libcppyy3_9.so
#15 0x00007fc04a989e9a in CPyCppyy::(anonymous namespace)::mp_call(CPyCppyy::CPPOverload*, _object*, _object*) () from /cvmfs/cms.cern.ch/el9_amd64_gcc12/lcg/root/6.30.07-8b1a11e1ef0e074fdfd44e162b27e71c/lib/libcppyy3_9.so
#16 0x00007fc04b2b786e in _PyObject_MakeTpCall (tstate=0x2152180, callable=callable
entry=0x7fc026d2ca00, args=args
entry=0xa8616e0, nargs=1, keywords=keywords
entry=0x0) at Objects/call.c:191
#17 0x00007fc04b26e50a in _PyObject_VectorcallTstate (kwnames=0x0, nargsf=9223372036854775809, args=0xa8616e0, callable=0x7fc026d2ca00, tstate=<optimized out>) at ./Include/cpython/abstract.h:116
#18 _PyObject_VectorcallTstate (kwnames=0x0, nargsf=9223372036854775809, args=0xa8616e0, callable=0x7fc026d2ca00, tstate=<optimized out>) at ./Include/cpython/abstract.h:103
#19 PyObject_Vectorcall (kwnames=0x0, nargsf=9223372036854775809, args=<optimized out>, callable=0x7fc026d2ca00) at ./Include/cpython/abstract.h:127
#20 call_function (kwnames=0x0, oparg=1, pp_stack=<synthetic pointer>, tstate=0x2152180) at Python/ceval.c:5077
#21 _PyEval_EvalFrameDefault (tstate=<optimized out>, f=<optimized out>, throwflag=<optimized out>) at Python/ceval.c:3489
#22 0x00007fc04b2659fb in _PyEval_EvalFrame (throwflag=0, f=0xa861500, tstate=0x2152180) at ./Include/internal/pycore_ceval.h:40
#23 function_code_fastcall (tstate=0x2152180, co=<optimized out>, args=<optimized out>, nargs=1, globals=<optimized out>) at Objects/call.c:330
#24 0x00007fc04b26cd0f in _PyObject_VectorcallTstate (kwnames=0x0, nargsf=<optimized out>, args=0x7fc026d3b740, callable=0x7fc04a9fd700, tstate=0x2152180) at ./Include/cpython/abstract.h:118
#25 PyObject_Vectorcall (kwnames=0x0, nargsf=<optimized out>, args=<optimized out>, callable=<optimized out>) at ./Include/cpython/abstract.h:127
#26 call_function (kwnames=0x0, oparg=<optimized out>, pp_stack=<synthetic pointer>, tstate=0x2152180) at Python/ceval.c:5077
#27 _PyEval_EvalFrameDefault (tstate=<optimized out>, f=<optimized out>, throwflag=<optimized out>) at Python/ceval.c:3506
#28 0x00007fc04b39ea91 in _PyEval_EvalFrame (throwflag=0, f=0x7fc026d3b5b0, tstate=0x2152180) at ./Include/internal/pycore_ceval.h:40
#29 _PyEval_EvalCode (tstate=tstate
entry=0x2152180, _co=<optimized out>, globals=<optimized out>, locals=locals
entry=0x0, args=<optimized out>, argcount=1, kwnames=0x7fc04ad2e2f8, kwargs=0x21a61b0, kwcount=1, kwstep=1, defs=0x7fc0441f7808, defcount=1, kwdefs=0x0, closure=0x0, name=0x7fc04ab907b0, qualname=0x7fc03d14a6c0) at Python/ceval.c:4329
#30 0x00007fc04b2b769d in _PyFunction_Vectorcall (func=<optimized out>, stack=<optimized out>, nargsf=<optimized out>, kwnames=<optimized out>) at Objects/call.c:396
#31 0x00007fc04b2ba198 in _PyObject_VectorcallTstate (kwnames=0x7fc04ad2e2e0, nargsf=1, args=0x21a61a8, callable=0x7fc03d14cf70, tstate=0x2152180) at ./Include/cpython/abstract.h:118
#32 method_vectorcall (method=<optimized out>, args=0x21a61b0, nargsf=<optimized out>, kwnames=0x7fc04ad2e2e0) at Objects/classobject.c:53
#33 0x00007fc04b26bde6 in _PyObject_VectorcallTstate (kwnames=0x7fc04ad2e2e0, nargsf=9223372036854775808, args=0x21a61b0, callable=0x7fc026d4bb40, tstate=0x2152180) at ./Include/cpython/abstract.h:118
#34 PyObject_Vectorcall (kwnames=0x7fc04ad2e2e0, nargsf=9223372036854775808, args=0x21a61b0, callable=<optimized out>) at ./Include/cpython/abstract.h:127
#35 call_function (kwnames=0x7fc04ad2e2e0, oparg=<optimized out>, pp_stack=<synthetic pointer>, tstate=0x2152180) at Python/ceval.c:5077
#36 _PyEval_EvalFrameDefault (tstate=<optimized out>, f=<optimized out>, throwflag=<optimized out>) at Python/ceval.c:3537
#37 0x00007fc04b39ea91 in _PyEval_EvalFrame (throwflag=0, f=0x21a6040, tstate=0x2152180) at ./Include/internal/pycore_ceval.h:40
#38 _PyEval_EvalCode (tstate=0x2152180, _co=_co
entry=0x7fc04ada33a0, globals=globals
entry=0x7fc04adc53c0, locals=locals
entry=0x7fc04adc53c0, args=args
entry=0x0, argcount=argcount
entry=0, kwnames=0x0, kwargs=0x0, kwcount=0, kwstep=2, defs=0x0, defcount=0, kwdefs=0x0, closure=0x0, name=0x0, qualname=0x0) at Python/ceval.c:4329
#39 0x00007fc04b39ee32 in _PyEval_EvalCodeWithName (_co=_co
entry=0x7fc04ada33a0, globals=globals
entry=0x7fc04adc53c0, locals=locals
entry=0x7fc04adc53c0, args=args
entry=0x0, argcount=argcount
entry=0, kwnames=kwnames
entry=0x0, kwargs=0x0, kwcount=0, kwstep=2, defs=0x0, defcount=0, kwdefs=0x0, closure=0x0, name=0x0, qualname=0x0) at Python/ceval.c:4361
#40 0x00007fc04b39ee7b in PyEval_EvalCodeEx (_co=_co
entry=0x7fc04ada33a0, globals=globals
entry=0x7fc04adc53c0, locals=locals
entry=0x7fc04adc53c0, args=args
entry=0x0, argcount=argcount
entry=0, kws=kws
entry=0x0, kwcount=0, defs=0x0, defcount=0, kwdefs=0x0, closure=0x0) at Python/ceval.c:4377
#41 0x00007fc04b39eeab in PyEval_EvalCode (co=co
entry=0x7fc04ada33a0, globals=globals
entry=0x7fc04adc53c0, locals=locals
entry=0x7fc04adc53c0) at Python/ceval.c:828
#42 0x00007fc04b3de3a9 in run_eval_code_obj (locals=0x7fc04adc53c0, globals=0x7fc04adc53c0, co=0x7fc04ada33a0, tstate=0x2152180) at Python/pythonrun.c:1221
#43 run_mod (mod=<optimized out>, filename=filename
entry=0x7fc04ad30390, globals=globals
entry=0x7fc04adc53c0, locals=locals
entry=0x7fc04adc53c0, flags=flags
entry=0x7ffc1d0d1098, arena=arena
entry=0x7fc04abe0fd0) at Python/pythonrun.c:1242
#44 0x00007fc04b3dfdf2 in pyrun_file (flags=0x7ffc1d0d1098, closeit=1, locals=0x7fc04adc53c0, globals=0x7fc04adc53c0, start=257, filename=0x7fc04ad30390, fp=0x21a50f0) at Python/pythonrun.c:1140
#45 pyrun_simple_file (flags=0x7ffc1d0d1098, closeit=1, filename=0x7fc04ad30390, fp=0x21a50f0) at Python/pythonrun.c:450
#46 PyRun_SimpleFileExFlags (fp=fp
entry=0x21a50f0, filename=<optimized out>, closeit=closeit
entry=1, flags=flags
entry=0x7ffc1d0d1098) at Python/pythonrun.c:483
#47 0x00007fc04b3e0453 in PyRun_AnyFileExFlags (fp=fp
entry=0x21a50f0, filename=<optimized out>, closeit=closeit
entry=1, flags=flags
entry=0x7ffc1d0d1098) at Python/pythonrun.c:92
#48 0x00007fc04b3fde28 in pymain_run_file (cf=0x7ffc1d0d1098, config=0x214ff60) at Modules/main.c:373
#49 pymain_run_python (exitcode=0x7ffc1d0d1090) at Modules/main.c:598
#50 Py_RunMain () at Modules/main.c:677
#51 0x00007fc04b3fe347 in pymain_main (args=0x7ffc1d0d1180) at Modules/main.c:707
#52 Py_BytesMain (argc=<optimized out>, argv=<optimized out>) at Modules/main.c:731
#53 0x00007fc04af0b590 in __libc_start_call_main () from /lib64/libc.so.6
#54 0x00007fc04af0b640 in __libc_start_main_impl () from /lib64/libc.so.6
#55 0x0000000000401075 in _start ()
===========================================================


Error when running the combination:
	File /home/submit/lavezzo/SUEP/CMSSW_14_1_0_pre4/src/SUEPLimits/cards/WH_11_20_fixed_noShape/cards-SUEP_mS125.000_mPhi8.000_T4.000_modegeneric/combined.root does not exist

 ----------------- 

/tmp/submit_higgsCombineSUEP_mS125.000_mPhi8.000_T8.000_modegeneric.AsymptoticLimits.mH125.sh: line 20: warning: here-document at line 7 delimited by end-of-file (wanted `EOF')
Traceback (most recent call last):
  File "/home/submit/lavezzo/SUEP/CMSSW_14_1_0_pre4/bin/el9_amd64_gcc12/combineCards.py", line 162, in <module>
    file = open(fname, "r")
FileNotFoundError: [Errno 2] No such file or directory: 'cards-SUEP_mS125.000_mPhi8.000_T8.000_modegeneric/shapes-GJHScrA2018.dat'
 *** Break *** segmentation violation



===========================================================
There was a crash.
This is the entire stack trace of all threads:
===========================================================

Thread 9 (Thread 0x7f53e3168640 (LWP 1456131) "python3"):
#0  0x00007f54059a279a in __futex_abstimed_wait_common () from /lib64/libc.so.6
#1  0x00007f54059a4fa0 in pthread_cond_wait

GLIBC_2.3.2 () from /lib64/libc.so.6
#2  0x00007f53eb11304f in th_worker (tidptr=<optimized out>) at numexpr/module.cpp:60
#3  0x00007f54059a5c02 in start_thread () from /lib64/libc.so.6
#4  0x00007f5405a2ac40 in clone3 () from /lib64/libc.so.6

Thread 8 (Thread 0x7f53e3969640 (LWP 1456126) "python3"):
#0  0x00007f54059a279a in __futex_abstimed_wait_common () from /lib64/libc.so.6
#1  0x00007f54059a4fa0 in pthread_cond_wait

GLIBC_2.3.2 () from /lib64/libc.so.6
#2  0x00007f53eb11304f in th_worker (tidptr=<optimized out>) at numexpr/module.cpp:60
#3  0x00007f54059a5c02 in start_thread () from /lib64/libc.so.6
#4  0x00007f5405a2ac40 in clone3 () from /lib64/libc.so.6

Thread 7 (Thread 0x7f53e416a640 (LWP 1456121) "python3"):
#0  0x00007f54059a279a in __futex_abstimed_wait_common () from /lib64/libc.so.6
#1  0x00007f54059a4fa0 in pthread_cond_wait

GLIBC_2.3.2 () from /lib64/libc.so.6
#2  0x00007f53eb11304f in th_worker (tidptr=<optimized out>) at numexpr/module.cpp:60
#3  0x00007f54059a5c02 in start_thread () from /lib64/libc.so.6
#4  0x00007f5405a2ac40 in clone3 () from /lib64/libc.so.6

Thread 6 (Thread 0x7f53e496b640 (LWP 1456115) "python3"):
#0  0x00007f54059a279a in __futex_abstimed_wait_common () from /lib64/libc.so.6
#1  0x00007f54059a4fa0 in pthread_cond_wait

GLIBC_2.3.2 () from /lib64/libc.so.6
#2  0x00007f53eb11304f in th_worker (tidptr=<optimized out>) at numexpr/module.cpp:60
#3  0x00007f54059a5c02 in start_thread () from /lib64/libc.so.6
#4  0x00007f5405a2ac40 in clone3 () from /lib64/libc.so.6

Thread 5 (Thread 0x7f53e516c640 (LWP 1456112) "python3"):
#0  0x00007f54059a279a in __futex_abstimed_wait_common () from /lib64/libc.so.6
#1  0x00007f54059a4fa0 in pthread_cond_wait

GLIBC_2.3.2 () from /lib64/libc.so.6
#2  0x00007f53eb11304f in th_worker (tidptr=<optimized out>) at numexpr/module.cpp:60
#3  0x00007f54059a5c02 in start_thread () from /lib64/libc.so.6
#4  0x00007f5405a2ac40 in clone3 () from /lib64/libc.so.6

Thread 4 (Thread 0x7f53e596d640 (LWP 1456106) "python3"):
#0  0x00007f54059a279a in __futex_abstimed_wait_common () from /lib64/libc.so.6
#1  0x00007f54059a4fa0 in pthread_cond_wait

GLIBC_2.3.2 () from /lib64/libc.so.6
#2  0x00007f53eb11304f in th_worker (tidptr=<optimized out>) at numexpr/module.cpp:60
#3  0x00007f54059a5c02 in start_thread () from /lib64/libc.so.6
#4  0x00007f5405a2ac40 in clone3 () from /lib64/libc.so.6

Thread 3 (Thread 0x7f53e616e640 (LWP 1456101) "python3"):
#0  0x00007f54059a279a in __futex_abstimed_wait_common () from /lib64/libc.so.6
#1  0x00007f54059a4fa0 in pthread_cond_wait

GLIBC_2.3.2 () from /lib64/libc.so.6
#2  0x00007f53eb11304f in th_worker (tidptr=<optimized out>) at numexpr/module.cpp:60
#3  0x00007f54059a5c02 in start_thread () from /lib64/libc.so.6
#4  0x00007f5405a2ac40 in clone3 () from /lib64/libc.so.6

Thread 2 (Thread 0x7f53e696f640 (LWP 1456095) "python3"):
#0  0x00007f54059a279a in __futex_abstimed_wait_common () from /lib64/libc.so.6
#1  0x00007f54059a4fa0 in pthread_cond_wait

GLIBC_2.3.2 () from /lib64/libc.so.6
#2  0x00007f53eb11304f in th_worker (tidptr=<optimized out>) at numexpr/module.cpp:60
#3  0x00007f54059a5c02 in start_thread () from /lib64/libc.so.6
#4  0x00007f5405a2ac40 in clone3 () from /lib64/libc.so.6

Thread 1 (Thread 0x7f5405fb8740 (LWP 1449403) "python3"):
#0  0x00007f54059f4a3f in wait4 () from /lib64/libc.so.6
#1  0x00007f5405967243 in do_system () from /lib64/libc.so.6
#2  0x00007f540516743d in TUnixSystem::StackTrace() () from /cvmfs/cms.cern.ch/el9_amd64_gcc12/lcg/root/6.30.07-8b1a11e1ef0e074fdfd44e162b27e71c/lib/libCore.so
#3  0x00007f540534e5a3 in (anonymous namespace)::TExceptionHandlerImp::HandleException(int) () from /cvmfs/cms.cern.ch/el9_amd64_gcc12/lcg/root/6.30.07-8b1a11e1ef0e074fdfd44e162b27e71c/lib/libcppyy_backend3_9.so
#4  0x00007f5405166c71 in TUnixSystem::DispatchSignals(ESignals) () from /cvmfs/cms.cern.ch/el9_amd64_gcc12/lcg/root/6.30.07-8b1a11e1ef0e074fdfd44e162b27e71c/lib/libCore.so
#5  <signal handler called>
#6  0x00007f53e110364d in RooStats::ModelConfig::SetHasOnlyParameters(RooArgSet const&, char const*) () from /cvmfs/cms.cern.ch/el9_amd64_gcc12/lcg/root/6.30.07-8b1a11e1ef0e074fdfd44e162b27e71c/lib/libRooFitCore.so
#7  0x00007f53e1109d30 in RooStats::ModelConfig::SetObservables(RooArgSet const&) () from /cvmfs/cms.cern.ch/el9_amd64_gcc12/lcg/root/6.30.07-8b1a11e1ef0e074fdfd44e162b27e71c/lib/libRooFitCore.so
#8  0x00007f53dfd7a013 in ?? ()
#9  0x0000000000000001 in ?? ()
#10 0x00007f540534f078 in WrapperCall(long, unsigned long, void*, void*, void*) () from /cvmfs/cms.cern.ch/el9_amd64_gcc12/lcg/root/6.30.07-8b1a11e1ef0e074fdfd44e162b27e71c/lib/libcppyy_backend3_9.so
#11 0x00007f54053d0e97 in CPyCppyy::(anonymous namespace)::VoidExecutor::Execute(long, void*, CPyCppyy::CallContext*) () from /cvmfs/cms.cern.ch/el9_amd64_gcc12/lcg/root/6.30.07-8b1a11e1ef0e074fdfd44e162b27e71c/lib/libcppyy3_9.so
#12 0x00007f54053bcf87 in CPyCppyy::CPPMethod::ExecuteFast(void*, long, CPyCppyy::CallContext*) [clone .isra.0] () from /cvmfs/cms.cern.ch/el9_amd64_gcc12/lcg/root/6.30.07-8b1a11e1ef0e074fdfd44e162b27e71c/lib/libcppyy3_9.so
#13 0x00007f54053be316 in CPyCppyy::CPPMethod::Execute(void*, long, CPyCppyy::CallContext*) () from /cvmfs/cms.cern.ch/el9_amd64_gcc12/lcg/root/6.30.07-8b1a11e1ef0e074fdfd44e162b27e71c/lib/libcppyy3_9.so
#14 0x00007f54053bf0cf in CPyCppyy::CPPMethod::Call(CPyCppyy::CPPInstance*&, _object*, _object*, CPyCppyy::CallContext*) () from /cvmfs/cms.cern.ch/el9_amd64_gcc12/lcg/root/6.30.07-8b1a11e1ef0e074fdfd44e162b27e71c/lib/libcppyy3_9.so
#15 0x00007f54053c3e9a in CPyCppyy::(anonymous namespace)::mp_call(CPyCppyy::CPPOverload*, _object*, _object*) () from /cvmfs/cms.cern.ch/el9_amd64_gcc12/lcg/root/6.30.07-8b1a11e1ef0e074fdfd44e162b27e71c/lib/libcppyy3_9.so
#16 0x00007f5405cb786e in _PyObject_MakeTpCall (tstate=0x1de8180, callable=callable
entry=0x7f53e1743a00, args=args
entry=0xa50ee30, nargs=1, keywords=keywords
entry=0x0) at Objects/call.c:191
#17 0x00007f5405c6e50a in _PyObject_VectorcallTstate (kwnames=0x0, nargsf=9223372036854775809, args=0xa50ee30, callable=0x7f53e1743a00, tstate=<optimized out>) at ./Include/cpython/abstract.h:116
#18 _PyObject_VectorcallTstate (kwnames=0x0, nargsf=9223372036854775809, args=0xa50ee30, callable=0x7f53e1743a00, tstate=<optimized out>) at ./Include/cpython/abstract.h:103
#19 PyObject_Vectorcall (kwnames=0x0, nargsf=9223372036854775809, args=<optimized out>, callable=0x7f53e1743a00) at ./Include/cpython/abstract.h:127
#20 call_function (kwnames=0x0, oparg=1, pp_stack=<synthetic pointer>, tstate=0x1de8180) at Python/ceval.c:5077
#21 _PyEval_EvalFrameDefault (tstate=<optimized out>, f=<optimized out>, throwflag=<optimized out>) at Python/ceval.c:3489
#22 0x00007f5405c659fb in _PyEval_EvalFrame (throwflag=0, f=0xa50ec50, tstate=0x1de8180) at ./Include/internal/pycore_ceval.h:40
#23 function_code_fastcall (tstate=0x1de8180, co=<optimized out>, args=<optimized out>, nargs=1, globals=<optimized out>) at Objects/call.c:330
#24 0x00007f5405c6cd0f in _PyObject_VectorcallTstate (kwnames=0x0, nargsf=<optimized out>, args=0x7f53e1751740, callable=0x7f5405437700, tstate=0x1de8180) at ./Include/cpython/abstract.h:118
#25 PyObject_Vectorcall (kwnames=0x0, nargsf=<optimized out>, args=<optimized out>, callable=<optimized out>) at ./Include/cpython/abstract.h:127
#26 call_function (kwnames=0x0, oparg=<optimized out>, pp_stack=<synthetic pointer>, tstate=0x1de8180) at Python/ceval.c:5077
#27 _PyEval_EvalFrameDefault (tstate=<optimized out>, f=<optimized out>, throwflag=<optimized out>) at Python/ceval.c:3506
#28 0x00007f5405d9ea91 in _PyEval_EvalFrame (throwflag=0, f=0x7f53e17515b0, tstate=0x1de8180) at ./Include/internal/pycore_ceval.h:40
#29 _PyEval_EvalCode (tstate=tstate
entry=0x1de8180, _co=<optimized out>, globals=<optimized out>, locals=locals
entry=0x0, args=<optimized out>, argcount=1, kwnames=0x7f54057682f8, kwargs=0x1e3c1b0, kwcount=1, kwstep=1, defs=0x7f53febca808, defcount=1, kwdefs=0x0, closure=0x0, name=0x7f54055ca830, qualname=0x7f53ecba2670) at Python/ceval.c:4329
#30 0x00007f5405cb769d in _PyFunction_Vectorcall (func=<optimized out>, stack=<optimized out>, nargsf=<optimized out>, kwnames=<optimized out>) at Objects/call.c:396
#31 0x00007f5405cba198 in _PyObject_VectorcallTstate (kwnames=0x7f54057682e0, nargsf=1, args=0x1e3c1a8, callable=0x7f53ecba4f70, tstate=0x1de8180) at ./Include/cpython/abstract.h:118
#32 method_vectorcall (method=<optimized out>, args=0x1e3c1b0, nargsf=<optimized out>, kwnames=0x7f54057682e0) at Objects/classobject.c:53
#33 0x00007f5405c6bde6 in _PyObject_VectorcallTstate (kwnames=0x7f54057682e0, nargsf=9223372036854775808, args=0x1e3c1b0, callable=0x7f53e17633c0, tstate=0x1de8180) at ./Include/cpython/abstract.h:118
#34 PyObject_Vectorcall (kwnames=0x7f54057682e0, nargsf=9223372036854775808, args=0x1e3c1b0, callable=<optimized out>) at ./Include/cpython/abstract.h:127
#35 call_function (kwnames=0x7f54057682e0, oparg=<optimized out>, pp_stack=<synthetic pointer>, tstate=0x1de8180) at Python/ceval.c:5077
#36 _PyEval_EvalFrameDefault (tstate=<optimized out>, f=<optimized out>, throwflag=<optimized out>) at Python/ceval.c:3537
#37 0x00007f5405d9ea91 in _PyEval_EvalFrame (throwflag=0, f=0x1e3c040, tstate=0x1de8180) at ./Include/internal/pycore_ceval.h:40
#38 _PyEval_EvalCode (tstate=0x1de8180, _co=_co
entry=0x7f54057dd3a0, globals=globals
entry=0x7f54057ff3c0, locals=locals
entry=0x7f54057ff3c0, args=args
entry=0x0, argcount=argcount
entry=0, kwnames=0x0, kwargs=0x0, kwcount=0, kwstep=2, defs=0x0, defcount=0, kwdefs=0x0, closure=0x0, name=0x0, qualname=0x0) at Python/ceval.c:4329
#39 0x00007f5405d9ee32 in _PyEval_EvalCodeWithName (_co=_co
entry=0x7f54057dd3a0, globals=globals
entry=0x7f54057ff3c0, locals=locals
entry=0x7f54057ff3c0, args=args
entry=0x0, argcount=argcount
entry=0, kwnames=kwnames
entry=0x0, kwargs=0x0, kwcount=0, kwstep=2, defs=0x0, defcount=0, kwdefs=0x0, closure=0x0, name=0x0, qualname=0x0) at Python/ceval.c:4361
#40 0x00007f5405d9ee7b in PyEval_EvalCodeEx (_co=_co
entry=0x7f54057dd3a0, globals=globals
entry=0x7f54057ff3c0, locals=locals
entry=0x7f54057ff3c0, args=args
entry=0x0, argcount=argcount
entry=0, kws=kws
entry=0x0, kwcount=0, defs=0x0, defcount=0, kwdefs=0x0, closure=0x0) at Python/ceval.c:4377
#41 0x00007f5405d9eeab in PyEval_EvalCode (co=co
entry=0x7f54057dd3a0, globals=globals
entry=0x7f54057ff3c0, locals=locals
entry=0x7f54057ff3c0) at Python/ceval.c:828
#42 0x00007f5405dde3a9 in run_eval_code_obj (locals=0x7f54057ff3c0, globals=0x7f54057ff3c0, co=0x7f54057dd3a0, tstate=0x1de8180) at Python/pythonrun.c:1221
#43 run_mod (mod=<optimized out>, filename=filename
entry=0x7f540576a390, globals=globals
entry=0x7f54057ff3c0, locals=locals
entry=0x7f54057ff3c0, flags=flags
entry=0x7ffd142307e8, arena=arena
entry=0x7f540561bfd0) at Python/pythonrun.c:1242
#44 0x00007f5405ddfdf2 in pyrun_file (flags=0x7ffd142307e8, closeit=1, locals=0x7f54057ff3c0, globals=0x7f54057ff3c0, start=257, filename=0x7f540576a390, fp=0x1e3b0f0) at Python/pythonrun.c:1140
#45 pyrun_simple_file (flags=0x7ffd142307e8, closeit=1, filename=0x7f540576a390, fp=0x1e3b0f0) at Python/pythonrun.c:450
#46 PyRun_SimpleFileExFlags (fp=fp
entry=0x1e3b0f0, filename=<optimized out>, closeit=closeit
entry=1, flags=flags
entry=0x7ffd142307e8) at Python/pythonrun.c:483
#47 0x00007f5405de0453 in PyRun_AnyFileExFlags (fp=fp
entry=0x1e3b0f0, filename=<optimized out>, closeit=closeit
entry=1, flags=flags
entry=0x7ffd142307e8) at Python/pythonrun.c:92
#48 0x00007f5405dfde28 in pymain_run_file (cf=0x7ffd142307e8, config=0x1de5f60) at Modules/main.c:373
#49 pymain_run_python (exitcode=0x7ffd142307e0) at Modules/main.c:598
#50 Py_RunMain () at Modules/main.c:677
#51 0x00007f5405dfe347 in pymain_main (args=0x7ffd142308d0) at Modules/main.c:707
#52 Py_BytesMain (argc=<optimized out>, argv=<optimized out>) at Modules/main.c:731
#53 0x00007f5405945590 in __libc_start_call_main () from /lib64/libc.so.6
#54 0x00007f5405945640 in __libc_start_main_impl () from /lib64/libc.so.6
#55 0x0000000000401075 in _start ()
===========================================================


The lines below might hint at the cause of the crash. If you see question
marks as part of the stack trace, try to recompile with debugging information
enabled and export CLING_DEBUG=1 environment variable before running.
You may get help by asking at the ROOT forum https://root.cern/forum
preferably using the command (.forum bug) in the ROOT prompt.
Only if you are really convinced it is a bug in ROOT then please submit a
report at https://root.cern/bugs or (preferably) using the command (.gh bug) in
the ROOT prompt. Please post the ENTIRE stack trace
from above as an attachment in addition to anything else
that might help us fixing this issue.
===========================================================
#6  0x00007f53e110364d in RooStats::ModelConfig::SetHasOnlyParameters(RooArgSet const&, char const*) () from /cvmfs/cms.cern.ch/el9_amd64_gcc12/lcg/root/6.30.07-8b1a11e1ef0e074fdfd44e162b27e71c/lib/libRooFitCore.so
#7  0x00007f53e1109d30 in RooStats::ModelConfig::SetObservables(RooArgSet const&) () from /cvmfs/cms.cern.ch/el9_amd64_gcc12/lcg/root/6.30.07-8b1a11e1ef0e074fdfd44e162b27e71c/lib/libRooFitCore.so
#8  0x00007f53dfd7a013 in ?? ()
#9  0x0000000000000001 in ?? ()
#10 0x00007f540534f078 in WrapperCall(long, unsigned long, void*, void*, void*) () from /cvmfs/cms.cern.ch/el9_amd64_gcc12/lcg/root/6.30.07-8b1a11e1ef0e074fdfd44e162b27e71c/lib/libcppyy_backend3_9.so
#11 0x00007f54053d0e97 in CPyCppyy::(anonymous namespace)::VoidExecutor::Execute(long, void*, CPyCppyy::CallContext*) () from /cvmfs/cms.cern.ch/el9_amd64_gcc12/lcg/root/6.30.07-8b1a11e1ef0e074fdfd44e162b27e71c/lib/libcppyy3_9.so
#12 0x00007f54053bcf87 in CPyCppyy::CPPMethod::ExecuteFast(void*, long, CPyCppyy::CallContext*) [clone .isra.0] () from /cvmfs/cms.cern.ch/el9_amd64_gcc12/lcg/root/6.30.07-8b1a11e1ef0e074fdfd44e162b27e71c/lib/libcppyy3_9.so
#13 0x00007f54053be316 in CPyCppyy::CPPMethod::Execute(void*, long, CPyCppyy::CallContext*) () from /cvmfs/cms.cern.ch/el9_amd64_gcc12/lcg/root/6.30.07-8b1a11e1ef0e074fdfd44e162b27e71c/lib/libcppyy3_9.so
#14 0x00007f54053bf0cf in CPyCppyy::CPPMethod::Call(CPyCppyy::CPPInstance*&, _object*, _object*, CPyCppyy::CallContext*) () from /cvmfs/cms.cern.ch/el9_amd64_gcc12/lcg/root/6.30.07-8b1a11e1ef0e074fdfd44e162b27e71c/lib/libcppyy3_9.so
#15 0x00007f54053c3e9a in CPyCppyy::(anonymous namespace)::mp_call(CPyCppyy::CPPOverload*, _object*, _object*) () from /cvmfs/cms.cern.ch/el9_amd64_gcc12/lcg/root/6.30.07-8b1a11e1ef0e074fdfd44e162b27e71c/lib/libcppyy3_9.so
#16 0x00007f5405cb786e in _PyObject_MakeTpCall (tstate=0x1de8180, callable=callable
entry=0x7f53e1743a00, args=args
entry=0xa50ee30, nargs=1, keywords=keywords
entry=0x0) at Objects/call.c:191
#17 0x00007f5405c6e50a in _PyObject_VectorcallTstate (kwnames=0x0, nargsf=9223372036854775809, args=0xa50ee30, callable=0x7f53e1743a00, tstate=<optimized out>) at ./Include/cpython/abstract.h:116
#18 _PyObject_VectorcallTstate (kwnames=0x0, nargsf=9223372036854775809, args=0xa50ee30, callable=0x7f53e1743a00, tstate=<optimized out>) at ./Include/cpython/abstract.h:103
#19 PyObject_Vectorcall (kwnames=0x0, nargsf=9223372036854775809, args=<optimized out>, callable=0x7f53e1743a00) at ./Include/cpython/abstract.h:127
#20 call_function (kwnames=0x0, oparg=1, pp_stack=<synthetic pointer>, tstate=0x1de8180) at Python/ceval.c:5077
#21 _PyEval_EvalFrameDefault (tstate=<optimized out>, f=<optimized out>, throwflag=<optimized out>) at Python/ceval.c:3489
#22 0x00007f5405c659fb in _PyEval_EvalFrame (throwflag=0, f=0xa50ec50, tstate=0x1de8180) at ./Include/internal/pycore_ceval.h:40
#23 function_code_fastcall (tstate=0x1de8180, co=<optimized out>, args=<optimized out>, nargs=1, globals=<optimized out>) at Objects/call.c:330
#24 0x00007f5405c6cd0f in _PyObject_VectorcallTstate (kwnames=0x0, nargsf=<optimized out>, args=0x7f53e1751740, callable=0x7f5405437700, tstate=0x1de8180) at ./Include/cpython/abstract.h:118
#25 PyObject_Vectorcall (kwnames=0x0, nargsf=<optimized out>, args=<optimized out>, callable=<optimized out>) at ./Include/cpython/abstract.h:127
#26 call_function (kwnames=0x0, oparg=<optimized out>, pp_stack=<synthetic pointer>, tstate=0x1de8180) at Python/ceval.c:5077
#27 _PyEval_EvalFrameDefault (tstate=<optimized out>, f=<optimized out>, throwflag=<optimized out>) at Python/ceval.c:3506
#28 0x00007f5405d9ea91 in _PyEval_EvalFrame (throwflag=0, f=0x7f53e17515b0, tstate=0x1de8180) at ./Include/internal/pycore_ceval.h:40
#29 _PyEval_EvalCode (tstate=tstate
entry=0x1de8180, _co=<optimized out>, globals=<optimized out>, locals=locals
entry=0x0, args=<optimized out>, argcount=1, kwnames=0x7f54057682f8, kwargs=0x1e3c1b0, kwcount=1, kwstep=1, defs=0x7f53febca808, defcount=1, kwdefs=0x0, closure=0x0, name=0x7f54055ca830, qualname=0x7f53ecba2670) at Python/ceval.c:4329
#30 0x00007f5405cb769d in _PyFunction_Vectorcall (func=<optimized out>, stack=<optimized out>, nargsf=<optimized out>, kwnames=<optimized out>) at Objects/call.c:396
#31 0x00007f5405cba198 in _PyObject_VectorcallTstate (kwnames=0x7f54057682e0, nargsf=1, args=0x1e3c1a8, callable=0x7f53ecba4f70, tstate=0x1de8180) at ./Include/cpython/abstract.h:118
#32 method_vectorcall (method=<optimized out>, args=0x1e3c1b0, nargsf=<optimized out>, kwnames=0x7f54057682e0) at Objects/classobject.c:53
#33 0x00007f5405c6bde6 in _PyObject_VectorcallTstate (kwnames=0x7f54057682e0, nargsf=9223372036854775808, args=0x1e3c1b0, callable=0x7f53e17633c0, tstate=0x1de8180) at ./Include/cpython/abstract.h:118
#34 PyObject_Vectorcall (kwnames=0x7f54057682e0, nargsf=9223372036854775808, args=0x1e3c1b0, callable=<optimized out>) at ./Include/cpython/abstract.h:127
#35 call_function (kwnames=0x7f54057682e0, oparg=<optimized out>, pp_stack=<synthetic pointer>, tstate=0x1de8180) at Python/ceval.c:5077
#36 _PyEval_EvalFrameDefault (tstate=<optimized out>, f=<optimized out>, throwflag=<optimized out>) at Python/ceval.c:3537
#37 0x00007f5405d9ea91 in _PyEval_EvalFrame (throwflag=0, f=0x1e3c040, tstate=0x1de8180) at ./Include/internal/pycore_ceval.h:40
#38 _PyEval_EvalCode (tstate=0x1de8180, _co=_co
entry=0x7f54057dd3a0, globals=globals
entry=0x7f54057ff3c0, locals=locals
entry=0x7f54057ff3c0, args=args
entry=0x0, argcount=argcount
entry=0, kwnames=0x0, kwargs=0x0, kwcount=0, kwstep=2, defs=0x0, defcount=0, kwdefs=0x0, closure=0x0, name=0x0, qualname=0x0) at Python/ceval.c:4329
#39 0x00007f5405d9ee32 in _PyEval_EvalCodeWithName (_co=_co
entry=0x7f54057dd3a0, globals=globals
entry=0x7f54057ff3c0, locals=locals
entry=0x7f54057ff3c0, args=args
entry=0x0, argcount=argcount
entry=0, kwnames=kwnames
entry=0x0, kwargs=0x0, kwcount=0, kwstep=2, defs=0x0, defcount=0, kwdefs=0x0, closure=0x0, name=0x0, qualname=0x0) at Python/ceval.c:4361
#40 0x00007f5405d9ee7b in PyEval_EvalCodeEx (_co=_co
entry=0x7f54057dd3a0, globals=globals
entry=0x7f54057ff3c0, locals=locals
entry=0x7f54057ff3c0, args=args
entry=0x0, argcount=argcount
entry=0, kws=kws
entry=0x0, kwcount=0, defs=0x0, defcount=0, kwdefs=0x0, closure=0x0) at Python/ceval.c:4377
#41 0x00007f5405d9eeab in PyEval_EvalCode (co=co
entry=0x7f54057dd3a0, globals=globals
entry=0x7f54057ff3c0, locals=locals
entry=0x7f54057ff3c0) at Python/ceval.c:828
#42 0x00007f5405dde3a9 in run_eval_code_obj (locals=0x7f54057ff3c0, globals=0x7f54057ff3c0, co=0x7f54057dd3a0, tstate=0x1de8180) at Python/pythonrun.c:1221
#43 run_mod (mod=<optimized out>, filename=filename
entry=0x7f540576a390, globals=globals
entry=0x7f54057ff3c0, locals=locals
entry=0x7f54057ff3c0, flags=flags
entry=0x7ffd142307e8, arena=arena
entry=0x7f540561bfd0) at Python/pythonrun.c:1242
#44 0x00007f5405ddfdf2 in pyrun_file (flags=0x7ffd142307e8, closeit=1, locals=0x7f54057ff3c0, globals=0x7f54057ff3c0, start=257, filename=0x7f540576a390, fp=0x1e3b0f0) at Python/pythonrun.c:1140
#45 pyrun_simple_file (flags=0x7ffd142307e8, closeit=1, filename=0x7f540576a390, fp=0x1e3b0f0) at Python/pythonrun.c:450
#46 PyRun_SimpleFileExFlags (fp=fp
entry=0x1e3b0f0, filename=<optimized out>, closeit=closeit
entry=1, flags=flags
entry=0x7ffd142307e8) at Python/pythonrun.c:483
#47 0x00007f5405de0453 in PyRun_AnyFileExFlags (fp=fp
entry=0x1e3b0f0, filename=<optimized out>, closeit=closeit
entry=1, flags=flags
entry=0x7ffd142307e8) at Python/pythonrun.c:92
#48 0x00007f5405dfde28 in pymain_run_file (cf=0x7ffd142307e8, config=0x1de5f60) at Modules/main.c:373
#49 pymain_run_python (exitcode=0x7ffd142307e0) at Modules/main.c:598
#50 Py_RunMain () at Modules/main.c:677
#51 0x00007f5405dfe347 in pymain_main (args=0x7ffd142308d0) at Modules/main.c:707
#52 Py_BytesMain (argc=<optimized out>, argv=<optimized out>) at Modules/main.c:731
#53 0x00007f5405945590 in __libc_start_call_main () from /lib64/libc.so.6
#54 0x00007f5405945640 in __libc_start_main_impl () from /lib64/libc.so.6
#55 0x0000000000401075 in _start ()
===========================================================


 *** Break *** segmentation violation



===========================================================
There was a crash.
This is the entire stack trace of all threads:
===========================================================

Thread 9 (Thread 0x7f53e3168640 (LWP 1456131) "python3"):
#0  0x00007f54059a279a in __futex_abstimed_wait_common () from /lib64/libc.so.6
#1  0x00007f54059a4fa0 in pthread_cond_wait

GLIBC_2.3.2 () from /lib64/libc.so.6
#2  0x00007f53eb11304f in th_worker (tidptr=<optimized out>) at numexpr/module.cpp:60
#3  0x00007f54059a5c02 in start_thread () from /lib64/libc.so.6
#4  0x00007f5405a2ac40 in clone3 () from /lib64/libc.so.6

Thread 8 (Thread 0x7f53e3969640 (LWP 1456126) "python3"):
#0  0x00007f54059a279a in __futex_abstimed_wait_common () from /lib64/libc.so.6
#1  0x00007f54059a4fa0 in pthread_cond_wait

GLIBC_2.3.2 () from /lib64/libc.so.6
#2  0x00007f53eb11304f in th_worker (tidptr=<optimized out>) at numexpr/module.cpp:60
#3  0x00007f54059a5c02 in start_thread () from /lib64/libc.so.6
#4  0x00007f5405a2ac40 in clone3 () from /lib64/libc.so.6

Thread 7 (Thread 0x7f53e416a640 (LWP 1456121) "python3"):
#0  0x00007f54059a279a in __futex_abstimed_wait_common () from /lib64/libc.so.6
#1  0x00007f54059a4fa0 in pthread_cond_wait

GLIBC_2.3.2 () from /lib64/libc.so.6
#2  0x00007f53eb11304f in th_worker (tidptr=<optimized out>) at numexpr/module.cpp:60
#3  0x00007f54059a5c02 in start_thread () from /lib64/libc.so.6
#4  0x00007f5405a2ac40 in clone3 () from /lib64/libc.so.6

Thread 6 (Thread 0x7f53e496b640 (LWP 1456115) "python3"):
#0  0x00007f54059a279a in __futex_abstimed_wait_common () from /lib64/libc.so.6
#1  0x00007f54059a4fa0 in pthread_cond_wait

GLIBC_2.3.2 () from /lib64/libc.so.6
#2  0x00007f53eb11304f in th_worker (tidptr=<optimized out>) at numexpr/module.cpp:60
#3  0x00007f54059a5c02 in start_thread () from /lib64/libc.so.6
#4  0x00007f5405a2ac40 in clone3 () from /lib64/libc.so.6

Thread 5 (Thread 0x7f53e516c640 (LWP 1456112) "python3"):
#0  0x00007f54059a279a in __futex_abstimed_wait_common () from /lib64/libc.so.6
#1  0x00007f54059a4fa0 in pthread_cond_wait

GLIBC_2.3.2 () from /lib64/libc.so.6
#2  0x00007f53eb11304f in th_worker (tidptr=<optimized out>) at numexpr/module.cpp:60
#3  0x00007f54059a5c02 in start_thread () from /lib64/libc.so.6
#4  0x00007f5405a2ac40 in clone3 () from /lib64/libc.so.6

Thread 4 (Thread 0x7f53e596d640 (LWP 1456106) "python3"):
#0  0x00007f54059a279a in __futex_abstimed_wait_common () from /lib64/libc.so.6
#1  0x00007f54059a4fa0 in pthread_cond_wait

GLIBC_2.3.2 () from /lib64/libc.so.6
#2  0x00007f53eb11304f in th_worker (tidptr=<optimized out>) at numexpr/module.cpp:60
#3  0x00007f54059a5c02 in start_thread () from /lib64/libc.so.6
#4  0x00007f5405a2ac40 in clone3 () from /lib64/libc.so.6

Thread 3 (Thread 0x7f53e616e640 (LWP 1456101) "python3"):
#0  0x00007f54059a279a in __futex_abstimed_wait_common () from /lib64/libc.so.6
#1  0x00007f54059a4fa0 in pthread_cond_wait

GLIBC_2.3.2 () from /lib64/libc.so.6
#2  0x00007f53eb11304f in th_worker (tidptr=<optimized out>) at numexpr/module.cpp:60
#3  0x00007f54059a5c02 in start_thread () from /lib64/libc.so.6
#4  0x00007f5405a2ac40 in clone3 () from /lib64/libc.so.6

Thread 2 (Thread 0x7f53e696f640 (LWP 1456095) "python3"):
#0  0x00007f54059a279a in __futex_abstimed_wait_common () from /lib64/libc.so.6
#1  0x00007f54059a4fa0 in pthread_cond_wait

GLIBC_2.3.2 () from /lib64/libc.so.6
#2  0x00007f53eb11304f in th_worker (tidptr=<optimized out>) at numexpr/module.cpp:60
#3  0x00007f54059a5c02 in start_thread () from /lib64/libc.so.6
#4  0x00007f5405a2ac40 in clone3 () from /lib64/libc.so.6

Thread 1 (Thread 0x7f5405fb8740 (LWP 1449403) "python3"):
#0  0x00007f54059f4a3f in wait4 () from /lib64/libc.so.6
#1  0x00007f5405967243 in do_system () from /lib64/libc.so.6
#2  0x00007f540516743d in TUnixSystem::StackTrace() () from /cvmfs/cms.cern.ch/el9_amd64_gcc12/lcg/root/6.30.07-8b1a11e1ef0e074fdfd44e162b27e71c/lib/libCore.so
#3  0x00007f540534e423 in (anonymous namespace)::TExceptionHandlerImp::HandleException(int) () from /cvmfs/cms.cern.ch/el9_amd64_gcc12/lcg/root/6.30.07-8b1a11e1ef0e074fdfd44e162b27e71c/lib/libcppyy_backend3_9.so
#4  0x00007f5405166c71 in TUnixSystem::DispatchSignals(ESignals) () from /cvmfs/cms.cern.ch/el9_amd64_gcc12/lcg/root/6.30.07-8b1a11e1ef0e074fdfd44e162b27e71c/lib/libCore.so
#5  <signal handler called>
#6  0x00007f53e110364d in RooStats::ModelConfig::SetHasOnlyParameters(RooArgSet const&, char const*) () from /cvmfs/cms.cern.ch/el9_amd64_gcc12/lcg/root/6.30.07-8b1a11e1ef0e074fdfd44e162b27e71c/lib/libRooFitCore.so
#7  0x00007f53e1109d30 in RooStats::ModelConfig::SetObservables(RooArgSet const&) () from /cvmfs/cms.cern.ch/el9_amd64_gcc12/lcg/root/6.30.07-8b1a11e1ef0e074fdfd44e162b27e71c/lib/libRooFitCore.so
#8  0x00007f53dfd7a013 in ?? ()
#9  0x0000000000000001 in ?? ()
#10 0x00007f540534f078 in WrapperCall(long, unsigned long, void*, void*, void*) () from /cvmfs/cms.cern.ch/el9_amd64_gcc12/lcg/root/6.30.07-8b1a11e1ef0e074fdfd44e162b27e71c/lib/libcppyy_backend3_9.so
#11 0x00007f54053d0e97 in CPyCppyy::(anonymous namespace)::VoidExecutor::Execute(long, void*, CPyCppyy::CallContext*) () from /cvmfs/cms.cern.ch/el9_amd64_gcc12/lcg/root/6.30.07-8b1a11e1ef0e074fdfd44e162b27e71c/lib/libcppyy3_9.so
#12 0x00007f54053bcf87 in CPyCppyy::CPPMethod::ExecuteFast(void*, long, CPyCppyy::CallContext*) [clone .isra.0] () from /cvmfs/cms.cern.ch/el9_amd64_gcc12/lcg/root/6.30.07-8b1a11e1ef0e074fdfd44e162b27e71c/lib/libcppyy3_9.so
#13 0x00007f54053be316 in CPyCppyy::CPPMethod::Execute(void*, long, CPyCppyy::CallContext*) () from /cvmfs/cms.cern.ch/el9_amd64_gcc12/lcg/root/6.30.07-8b1a11e1ef0e074fdfd44e162b27e71c/lib/libcppyy3_9.so
#14 0x00007f54053bf0cf in CPyCppyy::CPPMethod::Call(CPyCppyy::CPPInstance*&, _object*, _object*, CPyCppyy::CallContext*) () from /cvmfs/cms.cern.ch/el9_amd64_gcc12/lcg/root/6.30.07-8b1a11e1ef0e074fdfd44e162b27e71c/lib/libcppyy3_9.so
#15 0x00007f54053c3e9a in CPyCppyy::(anonymous namespace)::mp_call(CPyCppyy::CPPOverload*, _object*, _object*) () from /cvmfs/cms.cern.ch/el9_amd64_gcc12/lcg/root/6.30.07-8b1a11e1ef0e074fdfd44e162b27e71c/lib/libcppyy3_9.so
#16 0x00007f5405cb786e in _PyObject_MakeTpCall (tstate=0x1de8180, callable=callable
entry=0x7f53e1743a00, args=args
entry=0xa50ee30, nargs=1, keywords=keywords
entry=0x0) at Objects/call.c:191
#17 0x00007f5405c6e50a in _PyObject_VectorcallTstate (kwnames=0x0, nargsf=9223372036854775809, args=0xa50ee30, callable=0x7f53e1743a00, tstate=<optimized out>) at ./Include/cpython/abstract.h:116
#18 _PyObject_VectorcallTstate (kwnames=0x0, nargsf=9223372036854775809, args=0xa50ee30, callable=0x7f53e1743a00, tstate=<optimized out>) at ./Include/cpython/abstract.h:103
#19 PyObject_Vectorcall (kwnames=0x0, nargsf=9223372036854775809, args=<optimized out>, callable=0x7f53e1743a00) at ./Include/cpython/abstract.h:127
#20 call_function (kwnames=0x0, oparg=1, pp_stack=<synthetic pointer>, tstate=0x1de8180) at Python/ceval.c:5077
#21 _PyEval_EvalFrameDefault (tstate=<optimized out>, f=<optimized out>, throwflag=<optimized out>) at Python/ceval.c:3489
#22 0x00007f5405c659fb in _PyEval_EvalFrame (throwflag=0, f=0xa50ec50, tstate=0x1de8180) at ./Include/internal/pycore_ceval.h:40
#23 function_code_fastcall (tstate=0x1de8180, co=<optimized out>, args=<optimized out>, nargs=1, globals=<optimized out>) at Objects/call.c:330
#24 0x00007f5405c6cd0f in _PyObject_VectorcallTstate (kwnames=0x0, nargsf=<optimized out>, args=0x7f53e1751740, callable=0x7f5405437700, tstate=0x1de8180) at ./Include/cpython/abstract.h:118
#25 PyObject_Vectorcall (kwnames=0x0, nargsf=<optimized out>, args=<optimized out>, callable=<optimized out>) at ./Include/cpython/abstract.h:127
#26 call_function (kwnames=0x0, oparg=<optimized out>, pp_stack=<synthetic pointer>, tstate=0x1de8180) at Python/ceval.c:5077
#27 _PyEval_EvalFrameDefault (tstate=<optimized out>, f=<optimized out>, throwflag=<optimized out>) at Python/ceval.c:3506
#28 0x00007f5405d9ea91 in _PyEval_EvalFrame (throwflag=0, f=0x7f53e17515b0, tstate=0x1de8180) at ./Include/internal/pycore_ceval.h:40
#29 _PyEval_EvalCode (tstate=tstate
entry=0x1de8180, _co=<optimized out>, globals=<optimized out>, locals=locals
entry=0x0, args=<optimized out>, argcount=1, kwnames=0x7f54057682f8, kwargs=0x1e3c1b0, kwcount=1, kwstep=1, defs=0x7f53febca808, defcount=1, kwdefs=0x0, closure=0x0, name=0x7f54055ca830, qualname=0x7f53ecba2670) at Python/ceval.c:4329
#30 0x00007f5405cb769d in _PyFunction_Vectorcall (func=<optimized out>, stack=<optimized out>, nargsf=<optimized out>, kwnames=<optimized out>) at Objects/call.c:396
#31 0x00007f5405cba198 in _PyObject_VectorcallTstate (kwnames=0x7f54057682e0, nargsf=1, args=0x1e3c1a8, callable=0x7f53ecba4f70, tstate=0x1de8180) at ./Include/cpython/abstract.h:118
#32 method_vectorcall (method=<optimized out>, args=0x1e3c1b0, nargsf=<optimized out>, kwnames=0x7f54057682e0) at Objects/classobject.c:53
#33 0x00007f5405c6bde6 in _PyObject_VectorcallTstate (kwnames=0x7f54057682e0, nargsf=9223372036854775808, args=0x1e3c1b0, callable=0x7f53e17633c0, tstate=0x1de8180) at ./Include/cpython/abstract.h:118
#34 PyObject_Vectorcall (kwnames=0x7f54057682e0, nargsf=9223372036854775808, args=0x1e3c1b0, callable=<optimized out>) at ./Include/cpython/abstract.h:127
#35 call_function (kwnames=0x7f54057682e0, oparg=<optimized out>, pp_stack=<synthetic pointer>, tstate=0x1de8180) at Python/ceval.c:5077
#36 _PyEval_EvalFrameDefault (tstate=<optimized out>, f=<optimized out>, throwflag=<optimized out>) at Python/ceval.c:3537
#37 0x00007f5405d9ea91 in _PyEval_EvalFrame (throwflag=0, f=0x1e3c040, tstate=0x1de8180) at ./Include/internal/pycore_ceval.h:40
#38 _PyEval_EvalCode (tstate=0x1de8180, _co=_co
entry=0x7f54057dd3a0, globals=globals
entry=0x7f54057ff3c0, locals=locals
entry=0x7f54057ff3c0, args=args
entry=0x0, argcount=argcount
entry=0, kwnames=0x0, kwargs=0x0, kwcount=0, kwstep=2, defs=0x0, defcount=0, kwdefs=0x0, closure=0x0, name=0x0, qualname=0x0) at Python/ceval.c:4329
#39 0x00007f5405d9ee32 in _PyEval_EvalCodeWithName (_co=_co
entry=0x7f54057dd3a0, globals=globals
entry=0x7f54057ff3c0, locals=locals
entry=0x7f54057ff3c0, args=args
entry=0x0, argcount=argcount
entry=0, kwnames=kwnames
entry=0x0, kwargs=0x0, kwcount=0, kwstep=2, defs=0x0, defcount=0, kwdefs=0x0, closure=0x0, name=0x0, qualname=0x0) at Python/ceval.c:4361
#40 0x00007f5405d9ee7b in PyEval_EvalCodeEx (_co=_co
entry=0x7f54057dd3a0, globals=globals
entry=0x7f54057ff3c0, locals=locals
entry=0x7f54057ff3c0, args=args
entry=0x0, argcount=argcount
entry=0, kws=kws
entry=0x0, kwcount=0, defs=0x0, defcount=0, kwdefs=0x0, closure=0x0) at Python/ceval.c:4377
#41 0x00007f5405d9eeab in PyEval_EvalCode (co=co
entry=0x7f54057dd3a0, globals=globals
entry=0x7f54057ff3c0, locals=locals
entry=0x7f54057ff3c0) at Python/ceval.c:828
#42 0x00007f5405dde3a9 in run_eval_code_obj (locals=0x7f54057ff3c0, globals=0x7f54057ff3c0, co=0x7f54057dd3a0, tstate=0x1de8180) at Python/pythonrun.c:1221
#43 run_mod (mod=<optimized out>, filename=filename
entry=0x7f540576a390, globals=globals
entry=0x7f54057ff3c0, locals=locals
entry=0x7f54057ff3c0, flags=flags
entry=0x7ffd142307e8, arena=arena
entry=0x7f540561bfd0) at Python/pythonrun.c:1242
#44 0x00007f5405ddfdf2 in pyrun_file (flags=0x7ffd142307e8, closeit=1, locals=0x7f54057ff3c0, globals=0x7f54057ff3c0, start=257, filename=0x7f540576a390, fp=0x1e3b0f0) at Python/pythonrun.c:1140
#45 pyrun_simple_file (flags=0x7ffd142307e8, closeit=1, filename=0x7f540576a390, fp=0x1e3b0f0) at Python/pythonrun.c:450
#46 PyRun_SimpleFileExFlags (fp=fp
entry=0x1e3b0f0, filename=<optimized out>, closeit=closeit
entry=1, flags=flags
entry=0x7ffd142307e8) at Python/pythonrun.c:483
#47 0x00007f5405de0453 in PyRun_AnyFileExFlags (fp=fp
entry=0x1e3b0f0, filename=<optimized out>, closeit=closeit
entry=1, flags=flags
entry=0x7ffd142307e8) at Python/pythonrun.c:92
#48 0x00007f5405dfde28 in pymain_run_file (cf=0x7ffd142307e8, config=0x1de5f60) at Modules/main.c:373
#49 pymain_run_python (exitcode=0x7ffd142307e0) at Modules/main.c:598
#50 Py_RunMain () at Modules/main.c:677
#51 0x00007f5405dfe347 in pymain_main (args=0x7ffd142308d0) at Modules/main.c:707
#52 Py_BytesMain (argc=<optimized out>, argv=<optimized out>) at Modules/main.c:731
#53 0x00007f5405945590 in __libc_start_call_main () from /lib64/libc.so.6
#54 0x00007f5405945640 in __libc_start_main_impl () from /lib64/libc.so.6
#55 0x0000000000401075 in _start ()
===========================================================


The lines below might hint at the cause of the crash. If you see question
marks as part of the stack trace, try to recompile with debugging information
enabled and export CLING_DEBUG=1 environment variable before running.
You may get help by asking at the ROOT forum https://root.cern/forum
preferably using the command (.forum bug) in the ROOT prompt.
Only if you are really convinced it is a bug in ROOT then please submit a
report at https://root.cern/bugs or (preferably) using the command (.gh bug) in
the ROOT prompt. Please post the ENTIRE stack trace
from above as an attachment in addition to anything else
that might help us fixing this issue.
===========================================================
#6  0x00007f53e110364d in RooStats::ModelConfig::SetHasOnlyParameters(RooArgSet const&, char const*) () from /cvmfs/cms.cern.ch/el9_amd64_gcc12/lcg/root/6.30.07-8b1a11e1ef0e074fdfd44e162b27e71c/lib/libRooFitCore.so
#7  0x00007f53e1109d30 in RooStats::ModelConfig::SetObservables(RooArgSet const&) () from /cvmfs/cms.cern.ch/el9_amd64_gcc12/lcg/root/6.30.07-8b1a11e1ef0e074fdfd44e162b27e71c/lib/libRooFitCore.so
#8  0x00007f53dfd7a013 in ?? ()
#9  0x0000000000000001 in ?? ()
#10 0x00007f540534f078 in WrapperCall(long, unsigned long, void*, void*, void*) () from /cvmfs/cms.cern.ch/el9_amd64_gcc12/lcg/root/6.30.07-8b1a11e1ef0e074fdfd44e162b27e71c/lib/libcppyy_backend3_9.so
#11 0x00007f54053d0e97 in CPyCppyy::(anonymous namespace)::VoidExecutor::Execute(long, void*, CPyCppyy::CallContext*) () from /cvmfs/cms.cern.ch/el9_amd64_gcc12/lcg/root/6.30.07-8b1a11e1ef0e074fdfd44e162b27e71c/lib/libcppyy3_9.so
#12 0x00007f54053bcf87 in CPyCppyy::CPPMethod::ExecuteFast(void*, long, CPyCppyy::CallContext*) [clone .isra.0] () from /cvmfs/cms.cern.ch/el9_amd64_gcc12/lcg/root/6.30.07-8b1a11e1ef0e074fdfd44e162b27e71c/lib/libcppyy3_9.so
#13 0x00007f54053be316 in CPyCppyy::CPPMethod::Execute(void*, long, CPyCppyy::CallContext*) () from /cvmfs/cms.cern.ch/el9_amd64_gcc12/lcg/root/6.30.07-8b1a11e1ef0e074fdfd44e162b27e71c/lib/libcppyy3_9.so
#14 0x00007f54053bf0cf in CPyCppyy::CPPMethod::Call(CPyCppyy::CPPInstance*&, _object*, _object*, CPyCppyy::CallContext*) () from /cvmfs/cms.cern.ch/el9_amd64_gcc12/lcg/root/6.30.07-8b1a11e1ef0e074fdfd44e162b27e71c/lib/libcppyy3_9.so
#15 0x00007f54053c3e9a in CPyCppyy::(anonymous namespace)::mp_call(CPyCppyy::CPPOverload*, _object*, _object*) () from /cvmfs/cms.cern.ch/el9_amd64_gcc12/lcg/root/6.30.07-8b1a11e1ef0e074fdfd44e162b27e71c/lib/libcppyy3_9.so
#16 0x00007f5405cb786e in _PyObject_MakeTpCall (tstate=0x1de8180, callable=callable
entry=0x7f53e1743a00, args=args
entry=0xa50ee30, nargs=1, keywords=keywords
entry=0x0) at Objects/call.c:191
#17 0x00007f5405c6e50a in _PyObject_VectorcallTstate (kwnames=0x0, nargsf=9223372036854775809, args=0xa50ee30, callable=0x7f53e1743a00, tstate=<optimized out>) at ./Include/cpython/abstract.h:116
#18 _PyObject_VectorcallTstate (kwnames=0x0, nargsf=9223372036854775809, args=0xa50ee30, callable=0x7f53e1743a00, tstate=<optimized out>) at ./Include/cpython/abstract.h:103
#19 PyObject_Vectorcall (kwnames=0x0, nargsf=9223372036854775809, args=<optimized out>, callable=0x7f53e1743a00) at ./Include/cpython/abstract.h:127
#20 call_function (kwnames=0x0, oparg=1, pp_stack=<synthetic pointer>, tstate=0x1de8180) at Python/ceval.c:5077
#21 _PyEval_EvalFrameDefault (tstate=<optimized out>, f=<optimized out>, throwflag=<optimized out>) at Python/ceval.c:3489
#22 0x00007f5405c659fb in _PyEval_EvalFrame (throwflag=0, f=0xa50ec50, tstate=0x1de8180) at ./Include/internal/pycore_ceval.h:40
#23 function_code_fastcall (tstate=0x1de8180, co=<optimized out>, args=<optimized out>, nargs=1, globals=<optimized out>) at Objects/call.c:330
#24 0x00007f5405c6cd0f in _PyObject_VectorcallTstate (kwnames=0x0, nargsf=<optimized out>, args=0x7f53e1751740, callable=0x7f5405437700, tstate=0x1de8180) at ./Include/cpython/abstract.h:118
#25 PyObject_Vectorcall (kwnames=0x0, nargsf=<optimized out>, args=<optimized out>, callable=<optimized out>) at ./Include/cpython/abstract.h:127
#26 call_function (kwnames=0x0, oparg=<optimized out>, pp_stack=<synthetic pointer>, tstate=0x1de8180) at Python/ceval.c:5077
#27 _PyEval_EvalFrameDefault (tstate=<optimized out>, f=<optimized out>, throwflag=<optimized out>) at Python/ceval.c:3506
#28 0x00007f5405d9ea91 in _PyEval_EvalFrame (throwflag=0, f=0x7f53e17515b0, tstate=0x1de8180) at ./Include/internal/pycore_ceval.h:40
#29 _PyEval_EvalCode (tstate=tstate
entry=0x1de8180, _co=<optimized out>, globals=<optimized out>, locals=locals
entry=0x0, args=<optimized out>, argcount=1, kwnames=0x7f54057682f8, kwargs=0x1e3c1b0, kwcount=1, kwstep=1, defs=0x7f53febca808, defcount=1, kwdefs=0x0, closure=0x0, name=0x7f54055ca830, qualname=0x7f53ecba2670) at Python/ceval.c:4329
#30 0x00007f5405cb769d in _PyFunction_Vectorcall (func=<optimized out>, stack=<optimized out>, nargsf=<optimized out>, kwnames=<optimized out>) at Objects/call.c:396
#31 0x00007f5405cba198 in _PyObject_VectorcallTstate (kwnames=0x7f54057682e0, nargsf=1, args=0x1e3c1a8, callable=0x7f53ecba4f70, tstate=0x1de8180) at ./Include/cpython/abstract.h:118
#32 method_vectorcall (method=<optimized out>, args=0x1e3c1b0, nargsf=<optimized out>, kwnames=0x7f54057682e0) at Objects/classobject.c:53
#33 0x00007f5405c6bde6 in _PyObject_VectorcallTstate (kwnames=0x7f54057682e0, nargsf=9223372036854775808, args=0x1e3c1b0, callable=0x7f53e17633c0, tstate=0x1de8180) at ./Include/cpython/abstract.h:118
#34 PyObject_Vectorcall (kwnames=0x7f54057682e0, nargsf=9223372036854775808, args=0x1e3c1b0, callable=<optimized out>) at ./Include/cpython/abstract.h:127
#35 call_function (kwnames=0x7f54057682e0, oparg=<optimized out>, pp_stack=<synthetic pointer>, tstate=0x1de8180) at Python/ceval.c:5077
#36 _PyEval_EvalFrameDefault (tstate=<optimized out>, f=<optimized out>, throwflag=<optimized out>) at Python/ceval.c:3537
#37 0x00007f5405d9ea91 in _PyEval_EvalFrame (throwflag=0, f=0x1e3c040, tstate=0x1de8180) at ./Include/internal/pycore_ceval.h:40
#38 _PyEval_EvalCode (tstate=0x1de8180, _co=_co
entry=0x7f54057dd3a0, globals=globals
entry=0x7f54057ff3c0, locals=locals
entry=0x7f54057ff3c0, args=args
entry=0x0, argcount=argcount
entry=0, kwnames=0x0, kwargs=0x0, kwcount=0, kwstep=2, defs=0x0, defcount=0, kwdefs=0x0, closure=0x0, name=0x0, qualname=0x0) at Python/ceval.c:4329
#39 0x00007f5405d9ee32 in _PyEval_EvalCodeWithName (_co=_co
entry=0x7f54057dd3a0, globals=globals
entry=0x7f54057ff3c0, locals=locals
entry=0x7f54057ff3c0, args=args
entry=0x0, argcount=argcount
entry=0, kwnames=kwnames
entry=0x0, kwargs=0x0, kwcount=0, kwstep=2, defs=0x0, defcount=0, kwdefs=0x0, closure=0x0, name=0x0, qualname=0x0) at Python/ceval.c:4361
#40 0x00007f5405d9ee7b in PyEval_EvalCodeEx (_co=_co
entry=0x7f54057dd3a0, globals=globals
entry=0x7f54057ff3c0, locals=locals
entry=0x7f54057ff3c0, args=args
entry=0x0, argcount=argcount
entry=0, kws=kws
entry=0x0, kwcount=0, defs=0x0, defcount=0, kwdefs=0x0, closure=0x0) at Python/ceval.c:4377
#41 0x00007f5405d9eeab in PyEval_EvalCode (co=co
entry=0x7f54057dd3a0, globals=globals
entry=0x7f54057ff3c0, locals=locals
entry=0x7f54057ff3c0) at Python/ceval.c:828
#42 0x00007f5405dde3a9 in run_eval_code_obj (locals=0x7f54057ff3c0, globals=0x7f54057ff3c0, co=0x7f54057dd3a0, tstate=0x1de8180) at Python/pythonrun.c:1221
#43 run_mod (mod=<optimized out>, filename=filename
entry=0x7f540576a390, globals=globals
entry=0x7f54057ff3c0, locals=locals
entry=0x7f54057ff3c0, flags=flags
entry=0x7ffd142307e8, arena=arena
entry=0x7f540561bfd0) at Python/pythonrun.c:1242
#44 0x00007f5405ddfdf2 in pyrun_file (flags=0x7ffd142307e8, closeit=1, locals=0x7f54057ff3c0, globals=0x7f54057ff3c0, start=257, filename=0x7f540576a390, fp=0x1e3b0f0) at Python/pythonrun.c:1140
#45 pyrun_simple_file (flags=0x7ffd142307e8, closeit=1, filename=0x7f540576a390, fp=0x1e3b0f0) at Python/pythonrun.c:450
#46 PyRun_SimpleFileExFlags (fp=fp
entry=0x1e3b0f0, filename=<optimized out>, closeit=closeit
entry=1, flags=flags
entry=0x7ffd142307e8) at Python/pythonrun.c:483
#47 0x00007f5405de0453 in PyRun_AnyFileExFlags (fp=fp
entry=0x1e3b0f0, filename=<optimized out>, closeit=closeit
entry=1, flags=flags
entry=0x7ffd142307e8) at Python/pythonrun.c:92
#48 0x00007f5405dfde28 in pymain_run_file (cf=0x7ffd142307e8, config=0x1de5f60) at Modules/main.c:373
#49 pymain_run_python (exitcode=0x7ffd142307e0) at Modules/main.c:598
#50 Py_RunMain () at Modules/main.c:677
#51 0x00007f5405dfe347 in pymain_main (args=0x7ffd142308d0) at Modules/main.c:707
#52 Py_BytesMain (argc=<optimized out>, argv=<optimized out>) at Modules/main.c:731
#53 0x00007f5405945590 in __libc_start_call_main () from /lib64/libc.so.6
#54 0x00007f5405945640 in __libc_start_main_impl () from /lib64/libc.so.6
#55 0x0000000000401075 in _start ()
===========================================================


Error when running the combination:
	File /home/submit/lavezzo/SUEP/CMSSW_14_1_0_pre4/src/SUEPLimits/cards/WH_11_20_fixed_noShape/cards-SUEP_mS125.000_mPhi8.000_T8.000_modegeneric/combined.root does not exist

 ----------------- 

Processed jobs for 20 samples.
Processing:   5%|▌         | 1/20 [01:07<21:19, 67.34s/job]Processing:  30%|███       | 6/20 [01:10<02:03,  8.79s/job]Processing:  40%|████      | 8/20 [14:40<28:13, 141.13s/job]Processing: 100%|██████████| 20/20 [14:40<00:00, 44.03s/job]

 ----------------- 
/tmp/submit_higgsCombineSUEP_mS125.000_mPhi3.000_T0.750_modegeneric.AsymptoticLimits.mH125.sh: line 20: warning: here-document at line 7 delimited by end-of-file (wanted `EOF')

 ----------------- 

/tmp/submit_higgsCombineSUEP_mS125.000_mPhi2.000_T8.000_modegeneric.AsymptoticLimits.mH125.sh: line 20: warning: here-document at line 7 delimited by end-of-file (wanted `EOF')
Traceback (most recent call last):
  File "/home/submit/lavezzo/SUEP/CMSSW_14_1_0_pre4/bin/el9_amd64_gcc12/combineCards.py", line 162, in <module>
    file = open(fname, "r")
FileNotFoundError: [Errno 2] No such file or directory: 'cards-SUEP_mS125.000_mPhi2.000_T8.000_modegeneric/shapes-GJHScrA2017.dat'
 *** Break *** segmentation violation



===========================================================
There was a crash.
This is the entire stack trace of all threads:
===========================================================

Thread 9 (Thread 0x7f6aaaeae640 (LWP 3435158) "python3"):
#0  0x00007f6acd67d79a in __futex_abstimed_wait_common () from /lib64/libc.so.6
#1  0x00007f6acd67ffa0 in pthread_cond_wait

GLIBC_2.3.2 () from /lib64/libc.so.6
#2  0x00007f6aafcf904f in th_worker (tidptr=<optimized out>) at numexpr/module.cpp:60
#3  0x00007f6acd680c02 in start_thread () from /lib64/libc.so.6
#4  0x00007f6acd705c40 in clone3 () from /lib64/libc.so.6

Thread 8 (Thread 0x7f6aab6af640 (LWP 3435157) "python3"):
#0  0x00007f6acd67d79a in __futex_abstimed_wait_common () from /lib64/libc.so.6
#1  0x00007f6acd67ffa0 in pthread_cond_wait

GLIBC_2.3.2 () from /lib64/libc.so.6
#2  0x00007f6aafcf904f in th_worker (tidptr=<optimized out>) at numexpr/module.cpp:60
#3  0x00007f6acd680c02 in start_thread () from /lib64/libc.so.6
#4  0x00007f6acd705c40 in clone3 () from /lib64/libc.so.6

Thread 7 (Thread 0x7f6aabeb0640 (LWP 3435156) "python3"):
#0  0x00007f6acd67d79a in __futex_abstimed_wait_common () from /lib64/libc.so.6
#1  0x00007f6acd67ffa0 in pthread_cond_wait

GLIBC_2.3.2 () from /lib64/libc.so.6
#2  0x00007f6aafcf904f in th_worker (tidptr=<optimized out>) at numexpr/module.cpp:60
#3  0x00007f6acd680c02 in start_thread () from /lib64/libc.so.6
#4  0x00007f6acd705c40 in clone3 () from /lib64/libc.so.6

Thread 6 (Thread 0x7f6aac6b1640 (LWP 3435155) "python3"):
#0  0x00007f6acd67d79a in __futex_abstimed_wait_common () from /lib64/libc.so.6
#1  0x00007f6acd67ffa0 in pthread_cond_wait

GLIBC_2.3.2 () from /lib64/libc.so.6
#2  0x00007f6aafcf904f in th_worker (tidptr=<optimized out>) at numexpr/module.cpp:60
#3  0x00007f6acd680c02 in start_thread () from /lib64/libc.so.6
#4  0x00007f6acd705c40 in clone3 () from /lib64/libc.so.6

Thread 5 (Thread 0x7f6aaceb2640 (LWP 3435154) "python3"):
#0  0x00007f6acd67d79a in __futex_abstimed_wait_common () from /lib64/libc.so.6
#1  0x00007f6acd67ffa0 in pthread_cond_wait

GLIBC_2.3.2 () from /lib64/libc.so.6
#2  0x00007f6aafcf904f in th_worker (tidptr=<optimized out>) at numexpr/module.cpp:60
#3  0x00007f6acd680c02 in start_thread () from /lib64/libc.so.6
#4  0x00007f6acd705c40 in clone3 () from /lib64/libc.so.6

Thread 4 (Thread 0x7f6aad6b3640 (LWP 3435153) "python3"):
#0  0x00007f6acd67d79a in __futex_abstimed_wait_common () from /lib64/libc.so.6
#1  0x00007f6acd67ffa0 in pthread_cond_wait

GLIBC_2.3.2 () from /lib64/libc.so.6
#2  0x00007f6aafcf904f in th_worker (tidptr=<optimized out>) at numexpr/module.cpp:60
#3  0x00007f6acd680c02 in start_thread () from /lib64/libc.so.6
#4  0x00007f6acd705c40 in clone3 () from /lib64/libc.so.6

Thread 3 (Thread 0x7f6aadeb4640 (LWP 3435152) "python3"):
#0  0x00007f6acd67d79a in __futex_abstimed_wait_common () from /lib64/libc.so.6
#1  0x00007f6acd67ffa0 in pthread_cond_wait

GLIBC_2.3.2 () from /lib64/libc.so.6
#2  0x00007f6aafcf904f in th_worker (tidptr=<optimized out>) at numexpr/module.cpp:60
#3  0x00007f6acd680c02 in start_thread () from /lib64/libc.so.6
#4  0x00007f6acd705c40 in clone3 () from /lib64/libc.so.6

Thread 2 (Thread 0x7f6aae6b5640 (LWP 3435151) "python3"):
#0  0x00007f6acd67d79a in __futex_abstimed_wait_common () from /lib64/libc.so.6
#1  0x00007f6acd67ffa0 in pthread_cond_wait

GLIBC_2.3.2 () from /lib64/libc.so.6
#2  0x00007f6aafcf904f in th_worker (tidptr=<optimized out>) at numexpr/module.cpp:60
#3  0x00007f6acd680c02 in start_thread () from /lib64/libc.so.6
#4  0x00007f6acd705c40 in clone3 () from /lib64/libc.so.6

Thread 1 (Thread 0x7f6acdc05740 (LWP 3434085) "python3"):
#0  0x00007f6acd6cfa3f in wait4 () from /lib64/libc.so.6
#1  0x00007f6acd642243 in do_system () from /lib64/libc.so.6
#2  0x00007f6accd6743d in TUnixSystem::StackTrace() () from /cvmfs/cms.cern.ch/el9_amd64_gcc12/lcg/root/6.30.07-8b1a11e1ef0e074fdfd44e162b27e71c/lib/libCore.so
#3  0x00007f6acd0695a3 in (anonymous namespace)::TExceptionHandlerImp::HandleException(int) () from /cvmfs/cms.cern.ch/el9_amd64_gcc12/lcg/root/6.30.07-8b1a11e1ef0e074fdfd44e162b27e71c/lib/libcppyy_backend3_9.so
#4  0x00007f6accd66c71 in TUnixSystem::DispatchSignals(ESignals) () from /cvmfs/cms.cern.ch/el9_amd64_gcc12/lcg/root/6.30.07-8b1a11e1ef0e074fdfd44e162b27e71c/lib/libCore.so
#5  <signal handler called>
#6  0x00007f6aa8f0364d in RooStats::ModelConfig::SetHasOnlyParameters(RooArgSet const&, char const*) () from /cvmfs/cms.cern.ch/el9_amd64_gcc12/lcg/root/6.30.07-8b1a11e1ef0e074fdfd44e162b27e71c/lib/libRooFitCore.so
#7  0x00007f6aa8f09d30 in RooStats::ModelConfig::SetObservables(RooArgSet const&) () from /cvmfs/cms.cern.ch/el9_amd64_gcc12/lcg/root/6.30.07-8b1a11e1ef0e074fdfd44e162b27e71c/lib/libRooFitCore.so
#8  0x00007f6aa8877013 in ?? ()
#9  0x0000000000000001 in ?? ()
#10 0x00007f6acd06a078 in WrapperCall(long, unsigned long, void*, void*, void*) () from /cvmfs/cms.cern.ch/el9_amd64_gcc12/lcg/root/6.30.07-8b1a11e1ef0e074fdfd44e162b27e71c/lib/libcppyy_backend3_9.so
#11 0x00007f6acd0ebe97 in CPyCppyy::(anonymous namespace)::VoidExecutor::Execute(long, void*, CPyCppyy::CallContext*) () from /cvmfs/cms.cern.ch/el9_amd64_gcc12/lcg/root/6.30.07-8b1a11e1ef0e074fdfd44e162b27e71c/lib/libcppyy3_9.so
#12 0x00007f6acd0d7f87 in CPyCppyy::CPPMethod::ExecuteFast(void*, long, CPyCppyy::CallContext*) [clone .isra.0] () from /cvmfs/cms.cern.ch/el9_amd64_gcc12/lcg/root/6.30.07-8b1a11e1ef0e074fdfd44e162b27e71c/lib/libcppyy3_9.so
#13 0x00007f6acd0d9316 in CPyCppyy::CPPMethod::Execute(void*, long, CPyCppyy::CallContext*) () from /cvmfs/cms.cern.ch/el9_amd64_gcc12/lcg/root/6.30.07-8b1a11e1ef0e074fdfd44e162b27e71c/lib/libcppyy3_9.so
#14 0x00007f6acd0da0cf in CPyCppyy::CPPMethod::Call(CPyCppyy::CPPInstance*&, _object*, _object*, CPyCppyy::CallContext*) () from /cvmfs/cms.cern.ch/el9_amd64_gcc12/lcg/root/6.30.07-8b1a11e1ef0e074fdfd44e162b27e71c/lib/libcppyy3_9.so
#15 0x00007f6acd0dee9a in CPyCppyy::(anonymous namespace)::mp_call(CPyCppyy::CPPOverload*, _object*, _object*) () from /cvmfs/cms.cern.ch/el9_amd64_gcc12/lcg/root/6.30.07-8b1a11e1ef0e074fdfd44e162b27e71c/lib/libcppyy3_9.so
#16 0x00007f6acd8b786e in _PyObject_MakeTpCall (tstate=0x17b7180, callable=callable
entry=0x7f6aa9452a00, args=args
entry=0x9e85380, nargs=1, keywords=keywords
entry=0x0) at Objects/call.c:191
#17 0x00007f6acd86e50a in _PyObject_VectorcallTstate (kwnames=0x0, nargsf=9223372036854775809, args=0x9e85380, callable=0x7f6aa9452a00, tstate=<optimized out>) at ./Include/cpython/abstract.h:116
#18 _PyObject_VectorcallTstate (kwnames=0x0, nargsf=9223372036854775809, args=0x9e85380, callable=0x7f6aa9452a00, tstate=<optimized out>) at ./Include/cpython/abstract.h:103
#19 PyObject_Vectorcall (kwnames=0x0, nargsf=9223372036854775809, args=<optimized out>, callable=0x7f6aa9452a00) at ./Include/cpython/abstract.h:127
#20 call_function (kwnames=0x0, oparg=1, pp_stack=<synthetic pointer>, tstate=0x17b7180) at Python/ceval.c:5077
#21 _PyEval_EvalFrameDefault (tstate=<optimized out>, f=<optimized out>, throwflag=<optimized out>) at Python/ceval.c:3489
#22 0x00007f6acd8659fb in _PyEval_EvalFrame (throwflag=0, f=0x9e851a0, tstate=0x17b7180) at ./Include/internal/pycore_ceval.h:40
#23 function_code_fastcall (tstate=0x17b7180, co=<optimized out>, args=<optimized out>, nargs=1, globals=<optimized out>) at Objects/call.c:330
#24 0x00007f6acd86cd0f in _PyObject_VectorcallTstate (kwnames=0x0, nargsf=<optimized out>, args=0x7f6aa9461740, callable=0x7f6acd152700, tstate=0x17b7180) at ./Include/cpython/abstract.h:118
#25 PyObject_Vectorcall (kwnames=0x0, nargsf=<optimized out>, args=<optimized out>, callable=<optimized out>) at ./Include/cpython/abstract.h:127
#26 call_function (kwnames=0x0, oparg=<optimized out>, pp_stack=<synthetic pointer>, tstate=0x17b7180) at Python/ceval.c:5077
#27 _PyEval_EvalFrameDefault (tstate=<optimized out>, f=<optimized out>, throwflag=<optimized out>) at Python/ceval.c:3506
#28 0x00007f6acd99ea91 in _PyEval_EvalFrame (throwflag=0, f=0x7f6aa94615b0, tstate=0x17b7180) at ./Include/internal/pycore_ceval.h:40
#29 _PyEval_EvalCode (tstate=tstate
entry=0x17b7180, _co=<optimized out>, globals=<optimized out>, locals=locals
entry=0x0, args=<optimized out>, argcount=1, kwnames=0x7f6acd4832f8, kwargs=0x180b1b0, kwcount=1, kwstep=1, defs=0x7f6ac67da808, defcount=1, kwdefs=0x0, closure=0x0, name=0x7f6acd2e57b0, qualname=0x7f6ab8554710) at Python/ceval.c:4329
#30 0x00007f6acd8b769d in _PyFunction_Vectorcall (func=<optimized out>, stack=<optimized out>, nargsf=<optimized out>, kwnames=<optimized out>) at Objects/call.c:396
#31 0x00007f6acd8ba198 in _PyObject_VectorcallTstate (kwnames=0x7f6acd4832e0, nargsf=1, args=0x180b1a8, callable=0x7f6ab8558f70, tstate=0x17b7180) at ./Include/cpython/abstract.h:118
#32 method_vectorcall (method=<optimized out>, args=0x180b1b0, nargsf=<optimized out>, kwnames=0x7f6acd4832e0) at Objects/classobject.c:53
#33 0x00007f6acd86bde6 in _PyObject_VectorcallTstate (kwnames=0x7f6acd4832e0, nargsf=9223372036854775808, args=0x180b1b0, callable=0x7f6aa9472740, tstate=0x17b7180) at ./Include/cpython/abstract.h:118
#34 PyObject_Vectorcall (kwnames=0x7f6acd4832e0, nargsf=9223372036854775808, args=0x180b1b0, callable=<optimized out>) at ./Include/cpython/abstract.h:127
#35 call_function (kwnames=0x7f6acd4832e0, oparg=<optimized out>, pp_stack=<synthetic pointer>, tstate=0x17b7180) at Python/ceval.c:5077
#36 _PyEval_EvalFrameDefault (tstate=<optimized out>, f=<optimized out>, throwflag=<optimized out>) at Python/ceval.c:3537
#37 0x00007f6acd99ea91 in _PyEval_EvalFrame (throwflag=0, f=0x180b040, tstate=0x17b7180) at ./Include/internal/pycore_ceval.h:40
#38 _PyEval_EvalCode (tstate=0x17b7180, _co=_co
entry=0x7f6acd4f83a0, globals=globals
entry=0x7f6acd51a3c0, locals=locals
entry=0x7f6acd51a3c0, args=args
entry=0x0, argcount=argcount
entry=0, kwnames=0x0, kwargs=0x0, kwcount=0, kwstep=2, defs=0x0, defcount=0, kwdefs=0x0, closure=0x0, name=0x0, qualname=0x0) at Python/ceval.c:4329
#39 0x00007f6acd99ee32 in _PyEval_EvalCodeWithName (_co=_co
entry=0x7f6acd4f83a0, globals=globals
entry=0x7f6acd51a3c0, locals=locals
entry=0x7f6acd51a3c0, args=args
entry=0x0, argcount=argcount
entry=0, kwnames=kwnames
entry=0x0, kwargs=0x0, kwcount=0, kwstep=2, defs=0x0, defcount=0, kwdefs=0x0, closure=0x0, name=0x0, qualname=0x0) at Python/ceval.c:4361
#40 0x00007f6acd99ee7b in PyEval_EvalCodeEx (_co=_co
entry=0x7f6acd4f83a0, globals=globals
entry=0x7f6acd51a3c0, locals=locals
entry=0x7f6acd51a3c0, args=args
entry=0x0, argcount=argcount
entry=0, kws=kws
entry=0x0, kwcount=0, defs=0x0, defcount=0, kwdefs=0x0, closure=0x0) at Python/ceval.c:4377
#41 0x00007f6acd99eeab in PyEval_EvalCode (co=co
entry=0x7f6acd4f83a0, globals=globals
entry=0x7f6acd51a3c0, locals=locals
entry=0x7f6acd51a3c0) at Python/ceval.c:828
#42 0x00007f6acd9de3a9 in run_eval_code_obj (locals=0x7f6acd51a3c0, globals=0x7f6acd51a3c0, co=0x7f6acd4f83a0, tstate=0x17b7180) at Python/pythonrun.c:1221
#43 run_mod (mod=<optimized out>, filename=filename
entry=0x7f6acd485390, globals=globals
entry=0x7f6acd51a3c0, locals=locals
entry=0x7f6acd51a3c0, flags=flags
entry=0x7ffcce385548, arena=arena
entry=0x7f6acd335fd0) at Python/pythonrun.c:1242
#44 0x00007f6acd9dfdf2 in pyrun_file (flags=0x7ffcce385548, closeit=1, locals=0x7f6acd51a3c0, globals=0x7f6acd51a3c0, start=257, filename=0x7f6acd485390, fp=0x180a0f0) at Python/pythonrun.c:1140
#45 pyrun_simple_file (flags=0x7ffcce385548, closeit=1, filename=0x7f6acd485390, fp=0x180a0f0) at Python/pythonrun.c:450
#46 PyRun_SimpleFileExFlags (fp=fp
entry=0x180a0f0, filename=<optimized out>, closeit=closeit
entry=1, flags=flags
entry=0x7ffcce385548) at Python/pythonrun.c:483
#47 0x00007f6acd9e0453 in PyRun_AnyFileExFlags (fp=fp
entry=0x180a0f0, filename=<optimized out>, closeit=closeit
entry=1, flags=flags
entry=0x7ffcce385548) at Python/pythonrun.c:92
#48 0x00007f6acd9fde28 in pymain_run_file (cf=0x7ffcce385548, config=0x17b4f60) at Modules/main.c:373
#49 pymain_run_python (exitcode=0x7ffcce385540) at Modules/main.c:598
#50 Py_RunMain () at Modules/main.c:677
#51 0x00007f6acd9fe347 in pymain_main (args=0x7ffcce385630) at Modules/main.c:707
#52 Py_BytesMain (argc=<optimized out>, argv=<optimized out>) at Modules/main.c:731
#53 0x00007f6acd620590 in __libc_start_call_main () from /lib64/libc.so.6
#54 0x00007f6acd620640 in __libc_start_main_impl () from /lib64/libc.so.6
#55 0x0000000000401075 in _start ()
===========================================================


The lines below might hint at the cause of the crash. If you see question
marks as part of the stack trace, try to recompile with debugging information
enabled and export CLING_DEBUG=1 environment variable before running.
You may get help by asking at the ROOT forum https://root.cern/forum
preferably using the command (.forum bug) in the ROOT prompt.
Only if you are really convinced it is a bug in ROOT then please submit a
report at https://root.cern/bugs or (preferably) using the command (.gh bug) in
the ROOT prompt. Please post the ENTIRE stack trace
from above as an attachment in addition to anything else
that might help us fixing this issue.
===========================================================
#6  0x00007f6aa8f0364d in RooStats::ModelConfig::SetHasOnlyParameters(RooArgSet const&, char const*) () from /cvmfs/cms.cern.ch/el9_amd64_gcc12/lcg/root/6.30.07-8b1a11e1ef0e074fdfd44e162b27e71c/lib/libRooFitCore.so
#7  0x00007f6aa8f09d30 in RooStats::ModelConfig::SetObservables(RooArgSet const&) () from /cvmfs/cms.cern.ch/el9_amd64_gcc12/lcg/root/6.30.07-8b1a11e1ef0e074fdfd44e162b27e71c/lib/libRooFitCore.so
#8  0x00007f6aa8877013 in ?? ()
#9  0x0000000000000001 in ?? ()
#10 0x00007f6acd06a078 in WrapperCall(long, unsigned long, void*, void*, void*) () from /cvmfs/cms.cern.ch/el9_amd64_gcc12/lcg/root/6.30.07-8b1a11e1ef0e074fdfd44e162b27e71c/lib/libcppyy_backend3_9.so
#11 0x00007f6acd0ebe97 in CPyCppyy::(anonymous namespace)::VoidExecutor::Execute(long, void*, CPyCppyy::CallContext*) () from /cvmfs/cms.cern.ch/el9_amd64_gcc12/lcg/root/6.30.07-8b1a11e1ef0e074fdfd44e162b27e71c/lib/libcppyy3_9.so
#12 0x00007f6acd0d7f87 in CPyCppyy::CPPMethod::ExecuteFast(void*, long, CPyCppyy::CallContext*) [clone .isra.0] () from /cvmfs/cms.cern.ch/el9_amd64_gcc12/lcg/root/6.30.07-8b1a11e1ef0e074fdfd44e162b27e71c/lib/libcppyy3_9.so
#13 0x00007f6acd0d9316 in CPyCppyy::CPPMethod::Execute(void*, long, CPyCppyy::CallContext*) () from /cvmfs/cms.cern.ch/el9_amd64_gcc12/lcg/root/6.30.07-8b1a11e1ef0e074fdfd44e162b27e71c/lib/libcppyy3_9.so
#14 0x00007f6acd0da0cf in CPyCppyy::CPPMethod::Call(CPyCppyy::CPPInstance*&, _object*, _object*, CPyCppyy::CallContext*) () from /cvmfs/cms.cern.ch/el9_amd64_gcc12/lcg/root/6.30.07-8b1a11e1ef0e074fdfd44e162b27e71c/lib/libcppyy3_9.so
#15 0x00007f6acd0dee9a in CPyCppyy::(anonymous namespace)::mp_call(CPyCppyy::CPPOverload*, _object*, _object*) () from /cvmfs/cms.cern.ch/el9_amd64_gcc12/lcg/root/6.30.07-8b1a11e1ef0e074fdfd44e162b27e71c/lib/libcppyy3_9.so
#16 0x00007f6acd8b786e in _PyObject_MakeTpCall (tstate=0x17b7180, callable=callable
entry=0x7f6aa9452a00, args=args
entry=0x9e85380, nargs=1, keywords=keywords
entry=0x0) at Objects/call.c:191
#17 0x00007f6acd86e50a in _PyObject_VectorcallTstate (kwnames=0x0, nargsf=9223372036854775809, args=0x9e85380, callable=0x7f6aa9452a00, tstate=<optimized out>) at ./Include/cpython/abstract.h:116
#18 _PyObject_VectorcallTstate (kwnames=0x0, nargsf=9223372036854775809, args=0x9e85380, callable=0x7f6aa9452a00, tstate=<optimized out>) at ./Include/cpython/abstract.h:103
#19 PyObject_Vectorcall (kwnames=0x0, nargsf=9223372036854775809, args=<optimized out>, callable=0x7f6aa9452a00) at ./Include/cpython/abstract.h:127
#20 call_function (kwnames=0x0, oparg=1, pp_stack=<synthetic pointer>, tstate=0x17b7180) at Python/ceval.c:5077
#21 _PyEval_EvalFrameDefault (tstate=<optimized out>, f=<optimized out>, throwflag=<optimized out>) at Python/ceval.c:3489
#22 0x00007f6acd8659fb in _PyEval_EvalFrame (throwflag=0, f=0x9e851a0, tstate=0x17b7180) at ./Include/internal/pycore_ceval.h:40
#23 function_code_fastcall (tstate=0x17b7180, co=<optimized out>, args=<optimized out>, nargs=1, globals=<optimized out>) at Objects/call.c:330
#24 0x00007f6acd86cd0f in _PyObject_VectorcallTstate (kwnames=0x0, nargsf=<optimized out>, args=0x7f6aa9461740, callable=0x7f6acd152700, tstate=0x17b7180) at ./Include/cpython/abstract.h:118
#25 PyObject_Vectorcall (kwnames=0x0, nargsf=<optimized out>, args=<optimized out>, callable=<optimized out>) at ./Include/cpython/abstract.h:127
#26 call_function (kwnames=0x0, oparg=<optimized out>, pp_stack=<synthetic pointer>, tstate=0x17b7180) at Python/ceval.c:5077
#27 _PyEval_EvalFrameDefault (tstate=<optimized out>, f=<optimized out>, throwflag=<optimized out>) at Python/ceval.c:3506
#28 0x00007f6acd99ea91 in _PyEval_EvalFrame (throwflag=0, f=0x7f6aa94615b0, tstate=0x17b7180) at ./Include/internal/pycore_ceval.h:40
#29 _PyEval_EvalCode (tstate=tstate
entry=0x17b7180, _co=<optimized out>, globals=<optimized out>, locals=locals
entry=0x0, args=<optimized out>, argcount=1, kwnames=0x7f6acd4832f8, kwargs=0x180b1b0, kwcount=1, kwstep=1, defs=0x7f6ac67da808, defcount=1, kwdefs=0x0, closure=0x0, name=0x7f6acd2e57b0, qualname=0x7f6ab8554710) at Python/ceval.c:4329
#30 0x00007f6acd8b769d in _PyFunction_Vectorcall (func=<optimized out>, stack=<optimized out>, nargsf=<optimized out>, kwnames=<optimized out>) at Objects/call.c:396
#31 0x00007f6acd8ba198 in _PyObject_VectorcallTstate (kwnames=0x7f6acd4832e0, nargsf=1, args=0x180b1a8, callable=0x7f6ab8558f70, tstate=0x17b7180) at ./Include/cpython/abstract.h:118
#32 method_vectorcall (method=<optimized out>, args=0x180b1b0, nargsf=<optimized out>, kwnames=0x7f6acd4832e0) at Objects/classobject.c:53
#33 0x00007f6acd86bde6 in _PyObject_VectorcallTstate (kwnames=0x7f6acd4832e0, nargsf=9223372036854775808, args=0x180b1b0, callable=0x7f6aa9472740, tstate=0x17b7180) at ./Include/cpython/abstract.h:118
#34 PyObject_Vectorcall (kwnames=0x7f6acd4832e0, nargsf=9223372036854775808, args=0x180b1b0, callable=<optimized out>) at ./Include/cpython/abstract.h:127
#35 call_function (kwnames=0x7f6acd4832e0, oparg=<optimized out>, pp_stack=<synthetic pointer>, tstate=0x17b7180) at Python/ceval.c:5077
#36 _PyEval_EvalFrameDefault (tstate=<optimized out>, f=<optimized out>, throwflag=<optimized out>) at Python/ceval.c:3537
#37 0x00007f6acd99ea91 in _PyEval_EvalFrame (throwflag=0, f=0x180b040, tstate=0x17b7180) at ./Include/internal/pycore_ceval.h:40
#38 _PyEval_EvalCode (tstate=0x17b7180, _co=_co
entry=0x7f6acd4f83a0, globals=globals
entry=0x7f6acd51a3c0, locals=locals
entry=0x7f6acd51a3c0, args=args
entry=0x0, argcount=argcount
entry=0, kwnames=0x0, kwargs=0x0, kwcount=0, kwstep=2, defs=0x0, defcount=0, kwdefs=0x0, closure=0x0, name=0x0, qualname=0x0) at Python/ceval.c:4329
#39 0x00007f6acd99ee32 in _PyEval_EvalCodeWithName (_co=_co
entry=0x7f6acd4f83a0, globals=globals
entry=0x7f6acd51a3c0, locals=locals
entry=0x7f6acd51a3c0, args=args
entry=0x0, argcount=argcount
entry=0, kwnames=kwnames
entry=0x0, kwargs=0x0, kwcount=0, kwstep=2, defs=0x0, defcount=0, kwdefs=0x0, closure=0x0, name=0x0, qualname=0x0) at Python/ceval.c:4361
#40 0x00007f6acd99ee7b in PyEval_EvalCodeEx (_co=_co
entry=0x7f6acd4f83a0, globals=globals
entry=0x7f6acd51a3c0, locals=locals
entry=0x7f6acd51a3c0, args=args
entry=0x0, argcount=argcount
entry=0, kws=kws
entry=0x0, kwcount=0, defs=0x0, defcount=0, kwdefs=0x0, closure=0x0) at Python/ceval.c:4377
#41 0x00007f6acd99eeab in PyEval_EvalCode (co=co
entry=0x7f6acd4f83a0, globals=globals
entry=0x7f6acd51a3c0, locals=locals
entry=0x7f6acd51a3c0) at Python/ceval.c:828
#42 0x00007f6acd9de3a9 in run_eval_code_obj (locals=0x7f6acd51a3c0, globals=0x7f6acd51a3c0, co=0x7f6acd4f83a0, tstate=0x17b7180) at Python/pythonrun.c:1221
#43 run_mod (mod=<optimized out>, filename=filename
entry=0x7f6acd485390, globals=globals
entry=0x7f6acd51a3c0, locals=locals
entry=0x7f6acd51a3c0, flags=flags
entry=0x7ffcce385548, arena=arena
entry=0x7f6acd335fd0) at Python/pythonrun.c:1242
#44 0x00007f6acd9dfdf2 in pyrun_file (flags=0x7ffcce385548, closeit=1, locals=0x7f6acd51a3c0, globals=0x7f6acd51a3c0, start=257, filename=0x7f6acd485390, fp=0x180a0f0) at Python/pythonrun.c:1140
#45 pyrun_simple_file (flags=0x7ffcce385548, closeit=1, filename=0x7f6acd485390, fp=0x180a0f0) at Python/pythonrun.c:450
#46 PyRun_SimpleFileExFlags (fp=fp
entry=0x180a0f0, filename=<optimized out>, closeit=closeit
entry=1, flags=flags
entry=0x7ffcce385548) at Python/pythonrun.c:483
#47 0x00007f6acd9e0453 in PyRun_AnyFileExFlags (fp=fp
entry=0x180a0f0, filename=<optimized out>, closeit=closeit
entry=1, flags=flags
entry=0x7ffcce385548) at Python/pythonrun.c:92
#48 0x00007f6acd9fde28 in pymain_run_file (cf=0x7ffcce385548, config=0x17b4f60) at Modules/main.c:373
#49 pymain_run_python (exitcode=0x7ffcce385540) at Modules/main.c:598
#50 Py_RunMain () at Modules/main.c:677
#51 0x00007f6acd9fe347 in pymain_main (args=0x7ffcce385630) at Modules/main.c:707
#52 Py_BytesMain (argc=<optimized out>, argv=<optimized out>) at Modules/main.c:731
#53 0x00007f6acd620590 in __libc_start_call_main () from /lib64/libc.so.6
#54 0x00007f6acd620640 in __libc_start_main_impl () from /lib64/libc.so.6
#55 0x0000000000401075 in _start ()
===========================================================


 *** Break *** segmentation violation



===========================================================
There was a crash.
This is the entire stack trace of all threads:
===========================================================

Thread 9 (Thread 0x7f6aaaeae640 (LWP 3435158) "python3"):
#0  0x00007f6acd67d79a in __futex_abstimed_wait_common () from /lib64/libc.so.6
#1  0x00007f6acd67ffa0 in pthread_cond_wait

GLIBC_2.3.2 () from /lib64/libc.so.6
#2  0x00007f6aafcf904f in th_worker (tidptr=<optimized out>) at numexpr/module.cpp:60
#3  0x00007f6acd680c02 in start_thread () from /lib64/libc.so.6
#4  0x00007f6acd705c40 in clone3 () from /lib64/libc.so.6

Thread 8 (Thread 0x7f6aab6af640 (LWP 3435157) "python3"):
#0  0x00007f6acd67d79a in __futex_abstimed_wait_common () from /lib64/libc.so.6
#1  0x00007f6acd67ffa0 in pthread_cond_wait

GLIBC_2.3.2 () from /lib64/libc.so.6
#2  0x00007f6aafcf904f in th_worker (tidptr=<optimized out>) at numexpr/module.cpp:60
#3  0x00007f6acd680c02 in start_thread () from /lib64/libc.so.6
#4  0x00007f6acd705c40 in clone3 () from /lib64/libc.so.6

Thread 7 (Thread 0x7f6aabeb0640 (LWP 3435156) "python3"):
#0  0x00007f6acd67d79a in __futex_abstimed_wait_common () from /lib64/libc.so.6
#1  0x00007f6acd67ffa0 in pthread_cond_wait

GLIBC_2.3.2 () from /lib64/libc.so.6
#2  0x00007f6aafcf904f in th_worker (tidptr=<optimized out>) at numexpr/module.cpp:60
#3  0x00007f6acd680c02 in start_thread () from /lib64/libc.so.6
#4  0x00007f6acd705c40 in clone3 () from /lib64/libc.so.6

Thread 6 (Thread 0x7f6aac6b1640 (LWP 3435155) "python3"):
#0  0x00007f6acd67d79a in __futex_abstimed_wait_common () from /lib64/libc.so.6
#1  0x00007f6acd67ffa0 in pthread_cond_wait

GLIBC_2.3.2 () from /lib64/libc.so.6
#2  0x00007f6aafcf904f in th_worker (tidptr=<optimized out>) at numexpr/module.cpp:60
#3  0x00007f6acd680c02 in start_thread () from /lib64/libc.so.6
#4  0x00007f6acd705c40 in clone3 () from /lib64/libc.so.6

Thread 5 (Thread 0x7f6aaceb2640 (LWP 3435154) "python3"):
#0  0x00007f6acd67d79a in __futex_abstimed_wait_common () from /lib64/libc.so.6
#1  0x00007f6acd67ffa0 in pthread_cond_wait

GLIBC_2.3.2 () from /lib64/libc.so.6
#2  0x00007f6aafcf904f in th_worker (tidptr=<optimized out>) at numexpr/module.cpp:60
#3  0x00007f6acd680c02 in start_thread () from /lib64/libc.so.6
#4  0x00007f6acd705c40 in clone3 () from /lib64/libc.so.6

Thread 4 (Thread 0x7f6aad6b3640 (LWP 3435153) "python3"):
#0  0x00007f6acd67d79a in __futex_abstimed_wait_common () from /lib64/libc.so.6
#1  0x00007f6acd67ffa0 in pthread_cond_wait

GLIBC_2.3.2 () from /lib64/libc.so.6
#2  0x00007f6aafcf904f in th_worker (tidptr=<optimized out>) at numexpr/module.cpp:60
#3  0x00007f6acd680c02 in start_thread () from /lib64/libc.so.6
#4  0x00007f6acd705c40 in clone3 () from /lib64/libc.so.6

Thread 3 (Thread 0x7f6aadeb4640 (LWP 3435152) "python3"):
#0  0x00007f6acd67d79a in __futex_abstimed_wait_common () from /lib64/libc.so.6
#1  0x00007f6acd67ffa0 in pthread_cond_wait

GLIBC_2.3.2 () from /lib64/libc.so.6
#2  0x00007f6aafcf904f in th_worker (tidptr=<optimized out>) at numexpr/module.cpp:60
#3  0x00007f6acd680c02 in start_thread () from /lib64/libc.so.6
#4  0x00007f6acd705c40 in clone3 () from /lib64/libc.so.6

Thread 2 (Thread 0x7f6aae6b5640 (LWP 3435151) "python3"):
#0  0x00007f6acd67d79a in __futex_abstimed_wait_common () from /lib64/libc.so.6
#1  0x00007f6acd67ffa0 in pthread_cond_wait

GLIBC_2.3.2 () from /lib64/libc.so.6
#2  0x00007f6aafcf904f in th_worker (tidptr=<optimized out>) at numexpr/module.cpp:60
#3  0x00007f6acd680c02 in start_thread () from /lib64/libc.so.6
#4  0x00007f6acd705c40 in clone3 () from /lib64/libc.so.6

Thread 1 (Thread 0x7f6acdc05740 (LWP 3434085) "python3"):
#0  0x00007f6acd6cfa3f in wait4 () from /lib64/libc.so.6
#1  0x00007f6acd642243 in do_system () from /lib64/libc.so.6
#2  0x00007f6accd6743d in TUnixSystem::StackTrace() () from /cvmfs/cms.cern.ch/el9_amd64_gcc12/lcg/root/6.30.07-8b1a11e1ef0e074fdfd44e162b27e71c/lib/libCore.so
#3  0x00007f6acd069423 in (anonymous namespace)::TExceptionHandlerImp::HandleException(int) () from /cvmfs/cms.cern.ch/el9_amd64_gcc12/lcg/root/6.30.07-8b1a11e1ef0e074fdfd44e162b27e71c/lib/libcppyy_backend3_9.so
#4  0x00007f6accd66c71 in TUnixSystem::DispatchSignals(ESignals) () from /cvmfs/cms.cern.ch/el9_amd64_gcc12/lcg/root/6.30.07-8b1a11e1ef0e074fdfd44e162b27e71c/lib/libCore.so
#5  <signal handler called>
#6  0x00007f6aa8f0364d in RooStats::ModelConfig::SetHasOnlyParameters(RooArgSet const&, char const*) () from /cvmfs/cms.cern.ch/el9_amd64_gcc12/lcg/root/6.30.07-8b1a11e1ef0e074fdfd44e162b27e71c/lib/libRooFitCore.so
#7  0x00007f6aa8f09d30 in RooStats::ModelConfig::SetObservables(RooArgSet const&) () from /cvmfs/cms.cern.ch/el9_amd64_gcc12/lcg/root/6.30.07-8b1a11e1ef0e074fdfd44e162b27e71c/lib/libRooFitCore.so
#8  0x00007f6aa8877013 in ?? ()
#9  0x0000000000000001 in ?? ()
#10 0x00007f6acd06a078 in WrapperCall(long, unsigned long, void*, void*, void*) () from /cvmfs/cms.cern.ch/el9_amd64_gcc12/lcg/root/6.30.07-8b1a11e1ef0e074fdfd44e162b27e71c/lib/libcppyy_backend3_9.so
#11 0x00007f6acd0ebe97 in CPyCppyy::(anonymous namespace)::VoidExecutor::Execute(long, void*, CPyCppyy::CallContext*) () from /cvmfs/cms.cern.ch/el9_amd64_gcc12/lcg/root/6.30.07-8b1a11e1ef0e074fdfd44e162b27e71c/lib/libcppyy3_9.so
#12 0x00007f6acd0d7f87 in CPyCppyy::CPPMethod::ExecuteFast(void*, long, CPyCppyy::CallContext*) [clone .isra.0] () from /cvmfs/cms.cern.ch/el9_amd64_gcc12/lcg/root/6.30.07-8b1a11e1ef0e074fdfd44e162b27e71c/lib/libcppyy3_9.so
#13 0x00007f6acd0d9316 in CPyCppyy::CPPMethod::Execute(void*, long, CPyCppyy::CallContext*) () from /cvmfs/cms.cern.ch/el9_amd64_gcc12/lcg/root/6.30.07-8b1a11e1ef0e074fdfd44e162b27e71c/lib/libcppyy3_9.so
#14 0x00007f6acd0da0cf in CPyCppyy::CPPMethod::Call(CPyCppyy::CPPInstance*&, _object*, _object*, CPyCppyy::CallContext*) () from /cvmfs/cms.cern.ch/el9_amd64_gcc12/lcg/root/6.30.07-8b1a11e1ef0e074fdfd44e162b27e71c/lib/libcppyy3_9.so
#15 0x00007f6acd0dee9a in CPyCppyy::(anonymous namespace)::mp_call(CPyCppyy::CPPOverload*, _object*, _object*) () from /cvmfs/cms.cern.ch/el9_amd64_gcc12/lcg/root/6.30.07-8b1a11e1ef0e074fdfd44e162b27e71c/lib/libcppyy3_9.so
#16 0x00007f6acd8b786e in _PyObject_MakeTpCall (tstate=0x17b7180, callable=callable
entry=0x7f6aa9452a00, args=args
entry=0x9e85380, nargs=1, keywords=keywords
entry=0x0) at Objects/call.c:191
#17 0x00007f6acd86e50a in _PyObject_VectorcallTstate (kwnames=0x0, nargsf=9223372036854775809, args=0x9e85380, callable=0x7f6aa9452a00, tstate=<optimized out>) at ./Include/cpython/abstract.h:116
#18 _PyObject_VectorcallTstate (kwnames=0x0, nargsf=9223372036854775809, args=0x9e85380, callable=0x7f6aa9452a00, tstate=<optimized out>) at ./Include/cpython/abstract.h:103
#19 PyObject_Vectorcall (kwnames=0x0, nargsf=9223372036854775809, args=<optimized out>, callable=0x7f6aa9452a00) at ./Include/cpython/abstract.h:127
#20 call_function (kwnames=0x0, oparg=1, pp_stack=<synthetic pointer>, tstate=0x17b7180) at Python/ceval.c:5077
#21 _PyEval_EvalFrameDefault (tstate=<optimized out>, f=<optimized out>, throwflag=<optimized out>) at Python/ceval.c:3489
#22 0x00007f6acd8659fb in _PyEval_EvalFrame (throwflag=0, f=0x9e851a0, tstate=0x17b7180) at ./Include/internal/pycore_ceval.h:40
#23 function_code_fastcall (tstate=0x17b7180, co=<optimized out>, args=<optimized out>, nargs=1, globals=<optimized out>) at Objects/call.c:330
#24 0x00007f6acd86cd0f in _PyObject_VectorcallTstate (kwnames=0x0, nargsf=<optimized out>, args=0x7f6aa9461740, callable=0x7f6acd152700, tstate=0x17b7180) at ./Include/cpython/abstract.h:118
#25 PyObject_Vectorcall (kwnames=0x0, nargsf=<optimized out>, args=<optimized out>, callable=<optimized out>) at ./Include/cpython/abstract.h:127
#26 call_function (kwnames=0x0, oparg=<optimized out>, pp_stack=<synthetic pointer>, tstate=0x17b7180) at Python/ceval.c:5077
#27 _PyEval_EvalFrameDefault (tstate=<optimized out>, f=<optimized out>, throwflag=<optimized out>) at Python/ceval.c:3506
#28 0x00007f6acd99ea91 in _PyEval_EvalFrame (throwflag=0, f=0x7f6aa94615b0, tstate=0x17b7180) at ./Include/internal/pycore_ceval.h:40
#29 _PyEval_EvalCode (tstate=tstate
entry=0x17b7180, _co=<optimized out>, globals=<optimized out>, locals=locals
entry=0x0, args=<optimized out>, argcount=1, kwnames=0x7f6acd4832f8, kwargs=0x180b1b0, kwcount=1, kwstep=1, defs=0x7f6ac67da808, defcount=1, kwdefs=0x0, closure=0x0, name=0x7f6acd2e57b0, qualname=0x7f6ab8554710) at Python/ceval.c:4329
#30 0x00007f6acd8b769d in _PyFunction_Vectorcall (func=<optimized out>, stack=<optimized out>, nargsf=<optimized out>, kwnames=<optimized out>) at Objects/call.c:396
#31 0x00007f6acd8ba198 in _PyObject_VectorcallTstate (kwnames=0x7f6acd4832e0, nargsf=1, args=0x180b1a8, callable=0x7f6ab8558f70, tstate=0x17b7180) at ./Include/cpython/abstract.h:118
#32 method_vectorcall (method=<optimized out>, args=0x180b1b0, nargsf=<optimized out>, kwnames=0x7f6acd4832e0) at Objects/classobject.c:53
#33 0x00007f6acd86bde6 in _PyObject_VectorcallTstate (kwnames=0x7f6acd4832e0, nargsf=9223372036854775808, args=0x180b1b0, callable=0x7f6aa9472740, tstate=0x17b7180) at ./Include/cpython/abstract.h:118
#34 PyObject_Vectorcall (kwnames=0x7f6acd4832e0, nargsf=9223372036854775808, args=0x180b1b0, callable=<optimized out>) at ./Include/cpython/abstract.h:127
#35 call_function (kwnames=0x7f6acd4832e0, oparg=<optimized out>, pp_stack=<synthetic pointer>, tstate=0x17b7180) at Python/ceval.c:5077
#36 _PyEval_EvalFrameDefault (tstate=<optimized out>, f=<optimized out>, throwflag=<optimized out>) at Python/ceval.c:3537
#37 0x00007f6acd99ea91 in _PyEval_EvalFrame (throwflag=0, f=0x180b040, tstate=0x17b7180) at ./Include/internal/pycore_ceval.h:40
#38 _PyEval_EvalCode (tstate=0x17b7180, _co=_co
entry=0x7f6acd4f83a0, globals=globals
entry=0x7f6acd51a3c0, locals=locals
entry=0x7f6acd51a3c0, args=args
entry=0x0, argcount=argcount
entry=0, kwnames=0x0, kwargs=0x0, kwcount=0, kwstep=2, defs=0x0, defcount=0, kwdefs=0x0, closure=0x0, name=0x0, qualname=0x0) at Python/ceval.c:4329
#39 0x00007f6acd99ee32 in _PyEval_EvalCodeWithName (_co=_co
entry=0x7f6acd4f83a0, globals=globals
entry=0x7f6acd51a3c0, locals=locals
entry=0x7f6acd51a3c0, args=args
entry=0x0, argcount=argcount
entry=0, kwnames=kwnames
entry=0x0, kwargs=0x0, kwcount=0, kwstep=2, defs=0x0, defcount=0, kwdefs=0x0, closure=0x0, name=0x0, qualname=0x0) at Python/ceval.c:4361
#40 0x00007f6acd99ee7b in PyEval_EvalCodeEx (_co=_co
entry=0x7f6acd4f83a0, globals=globals
entry=0x7f6acd51a3c0, locals=locals
entry=0x7f6acd51a3c0, args=args
entry=0x0, argcount=argcount
entry=0, kws=kws
entry=0x0, kwcount=0, defs=0x0, defcount=0, kwdefs=0x0, closure=0x0) at Python/ceval.c:4377
#41 0x00007f6acd99eeab in PyEval_EvalCode (co=co
entry=0x7f6acd4f83a0, globals=globals
entry=0x7f6acd51a3c0, locals=locals
entry=0x7f6acd51a3c0) at Python/ceval.c:828
#42 0x00007f6acd9de3a9 in run_eval_code_obj (locals=0x7f6acd51a3c0, globals=0x7f6acd51a3c0, co=0x7f6acd4f83a0, tstate=0x17b7180) at Python/pythonrun.c:1221
#43 run_mod (mod=<optimized out>, filename=filename
entry=0x7f6acd485390, globals=globals
entry=0x7f6acd51a3c0, locals=locals
entry=0x7f6acd51a3c0, flags=flags
entry=0x7ffcce385548, arena=arena
entry=0x7f6acd335fd0) at Python/pythonrun.c:1242
#44 0x00007f6acd9dfdf2 in pyrun_file (flags=0x7ffcce385548, closeit=1, locals=0x7f6acd51a3c0, globals=0x7f6acd51a3c0, start=257, filename=0x7f6acd485390, fp=0x180a0f0) at Python/pythonrun.c:1140
#45 pyrun_simple_file (flags=0x7ffcce385548, closeit=1, filename=0x7f6acd485390, fp=0x180a0f0) at Python/pythonrun.c:450
#46 PyRun_SimpleFileExFlags (fp=fp
entry=0x180a0f0, filename=<optimized out>, closeit=closeit
entry=1, flags=flags
entry=0x7ffcce385548) at Python/pythonrun.c:483
#47 0x00007f6acd9e0453 in PyRun_AnyFileExFlags (fp=fp
entry=0x180a0f0, filename=<optimized out>, closeit=closeit
entry=1, flags=flags
entry=0x7ffcce385548) at Python/pythonrun.c:92
#48 0x00007f6acd9fde28 in pymain_run_file (cf=0x7ffcce385548, config=0x17b4f60) at Modules/main.c:373
#49 pymain_run_python (exitcode=0x7ffcce385540) at Modules/main.c:598
#50 Py_RunMain () at Modules/main.c:677
#51 0x00007f6acd9fe347 in pymain_main (args=0x7ffcce385630) at Modules/main.c:707
#52 Py_BytesMain (argc=<optimized out>, argv=<optimized out>) at Modules/main.c:731
#53 0x00007f6acd620590 in __libc_start_call_main () from /lib64/libc.so.6
#54 0x00007f6acd620640 in __libc_start_main_impl () from /lib64/libc.so.6
#55 0x0000000000401075 in _start ()
===========================================================


The lines below might hint at the cause of the crash. If you see question
marks as part of the stack trace, try to recompile with debugging information
enabled and export CLING_DEBUG=1 environment variable before running.
You may get help by asking at the ROOT forum https://root.cern/forum
preferably using the command (.forum bug) in the ROOT prompt.
Only if you are really convinced it is a bug in ROOT then please submit a
report at https://root.cern/bugs or (preferably) using the command (.gh bug) in
the ROOT prompt. Please post the ENTIRE stack trace
from above as an attachment in addition to anything else
that might help us fixing this issue.
===========================================================
#6  0x00007f6aa8f0364d in RooStats::ModelConfig::SetHasOnlyParameters(RooArgSet const&, char const*) () from /cvmfs/cms.cern.ch/el9_amd64_gcc12/lcg/root/6.30.07-8b1a11e1ef0e074fdfd44e162b27e71c/lib/libRooFitCore.so
#7  0x00007f6aa8f09d30 in RooStats::ModelConfig::SetObservables(RooArgSet const&) () from /cvmfs/cms.cern.ch/el9_amd64_gcc12/lcg/root/6.30.07-8b1a11e1ef0e074fdfd44e162b27e71c/lib/libRooFitCore.so
#8  0x00007f6aa8877013 in ?? ()
#9  0x0000000000000001 in ?? ()
#10 0x00007f6acd06a078 in WrapperCall(long, unsigned long, void*, void*, void*) () from /cvmfs/cms.cern.ch/el9_amd64_gcc12/lcg/root/6.30.07-8b1a11e1ef0e074fdfd44e162b27e71c/lib/libcppyy_backend3_9.so
#11 0x00007f6acd0ebe97 in CPyCppyy::(anonymous namespace)::VoidExecutor::Execute(long, void*, CPyCppyy::CallContext*) () from /cvmfs/cms.cern.ch/el9_amd64_gcc12/lcg/root/6.30.07-8b1a11e1ef0e074fdfd44e162b27e71c/lib/libcppyy3_9.so
#12 0x00007f6acd0d7f87 in CPyCppyy::CPPMethod::ExecuteFast(void*, long, CPyCppyy::CallContext*) [clone .isra.0] () from /cvmfs/cms.cern.ch/el9_amd64_gcc12/lcg/root/6.30.07-8b1a11e1ef0e074fdfd44e162b27e71c/lib/libcppyy3_9.so
#13 0x00007f6acd0d9316 in CPyCppyy::CPPMethod::Execute(void*, long, CPyCppyy::CallContext*) () from /cvmfs/cms.cern.ch/el9_amd64_gcc12/lcg/root/6.30.07-8b1a11e1ef0e074fdfd44e162b27e71c/lib/libcppyy3_9.so
#14 0x00007f6acd0da0cf in CPyCppyy::CPPMethod::Call(CPyCppyy::CPPInstance*&, _object*, _object*, CPyCppyy::CallContext*) () from /cvmfs/cms.cern.ch/el9_amd64_gcc12/lcg/root/6.30.07-8b1a11e1ef0e074fdfd44e162b27e71c/lib/libcppyy3_9.so
#15 0x00007f6acd0dee9a in CPyCppyy::(anonymous namespace)::mp_call(CPyCppyy::CPPOverload*, _object*, _object*) () from /cvmfs/cms.cern.ch/el9_amd64_gcc12/lcg/root/6.30.07-8b1a11e1ef0e074fdfd44e162b27e71c/lib/libcppyy3_9.so
#16 0x00007f6acd8b786e in _PyObject_MakeTpCall (tstate=0x17b7180, callable=callable
entry=0x7f6aa9452a00, args=args
entry=0x9e85380, nargs=1, keywords=keywords
entry=0x0) at Objects/call.c:191
#17 0x00007f6acd86e50a in _PyObject_VectorcallTstate (kwnames=0x0, nargsf=9223372036854775809, args=0x9e85380, callable=0x7f6aa9452a00, tstate=<optimized out>) at ./Include/cpython/abstract.h:116
#18 _PyObject_VectorcallTstate (kwnames=0x0, nargsf=9223372036854775809, args=0x9e85380, callable=0x7f6aa9452a00, tstate=<optimized out>) at ./Include/cpython/abstract.h:103
#19 PyObject_Vectorcall (kwnames=0x0, nargsf=9223372036854775809, args=<optimized out>, callable=0x7f6aa9452a00) at ./Include/cpython/abstract.h:127
#20 call_function (kwnames=0x0, oparg=1, pp_stack=<synthetic pointer>, tstate=0x17b7180) at Python/ceval.c:5077
#21 _PyEval_EvalFrameDefault (tstate=<optimized out>, f=<optimized out>, throwflag=<optimized out>) at Python/ceval.c:3489
#22 0x00007f6acd8659fb in _PyEval_EvalFrame (throwflag=0, f=0x9e851a0, tstate=0x17b7180) at ./Include/internal/pycore_ceval.h:40
#23 function_code_fastcall (tstate=0x17b7180, co=<optimized out>, args=<optimized out>, nargs=1, globals=<optimized out>) at Objects/call.c:330
#24 0x00007f6acd86cd0f in _PyObject_VectorcallTstate (kwnames=0x0, nargsf=<optimized out>, args=0x7f6aa9461740, callable=0x7f6acd152700, tstate=0x17b7180) at ./Include/cpython/abstract.h:118
#25 PyObject_Vectorcall (kwnames=0x0, nargsf=<optimized out>, args=<optimized out>, callable=<optimized out>) at ./Include/cpython/abstract.h:127
#26 call_function (kwnames=0x0, oparg=<optimized out>, pp_stack=<synthetic pointer>, tstate=0x17b7180) at Python/ceval.c:5077
#27 _PyEval_EvalFrameDefault (tstate=<optimized out>, f=<optimized out>, throwflag=<optimized out>) at Python/ceval.c:3506
#28 0x00007f6acd99ea91 in _PyEval_EvalFrame (throwflag=0, f=0x7f6aa94615b0, tstate=0x17b7180) at ./Include/internal/pycore_ceval.h:40
#29 _PyEval_EvalCode (tstate=tstate
entry=0x17b7180, _co=<optimized out>, globals=<optimized out>, locals=locals
entry=0x0, args=<optimized out>, argcount=1, kwnames=0x7f6acd4832f8, kwargs=0x180b1b0, kwcount=1, kwstep=1, defs=0x7f6ac67da808, defcount=1, kwdefs=0x0, closure=0x0, name=0x7f6acd2e57b0, qualname=0x7f6ab8554710) at Python/ceval.c:4329
#30 0x00007f6acd8b769d in _PyFunction_Vectorcall (func=<optimized out>, stack=<optimized out>, nargsf=<optimized out>, kwnames=<optimized out>) at Objects/call.c:396
#31 0x00007f6acd8ba198 in _PyObject_VectorcallTstate (kwnames=0x7f6acd4832e0, nargsf=1, args=0x180b1a8, callable=0x7f6ab8558f70, tstate=0x17b7180) at ./Include/cpython/abstract.h:118
#32 method_vectorcall (method=<optimized out>, args=0x180b1b0, nargsf=<optimized out>, kwnames=0x7f6acd4832e0) at Objects/classobject.c:53
#33 0x00007f6acd86bde6 in _PyObject_VectorcallTstate (kwnames=0x7f6acd4832e0, nargsf=9223372036854775808, args=0x180b1b0, callable=0x7f6aa9472740, tstate=0x17b7180) at ./Include/cpython/abstract.h:118
#34 PyObject_Vectorcall (kwnames=0x7f6acd4832e0, nargsf=9223372036854775808, args=0x180b1b0, callable=<optimized out>) at ./Include/cpython/abstract.h:127
#35 call_function (kwnames=0x7f6acd4832e0, oparg=<optimized out>, pp_stack=<synthetic pointer>, tstate=0x17b7180) at Python/ceval.c:5077
#36 _PyEval_EvalFrameDefault (tstate=<optimized out>, f=<optimized out>, throwflag=<optimized out>) at Python/ceval.c:3537
#37 0x00007f6acd99ea91 in _PyEval_EvalFrame (throwflag=0, f=0x180b040, tstate=0x17b7180) at ./Include/internal/pycore_ceval.h:40
#38 _PyEval_EvalCode (tstate=0x17b7180, _co=_co
entry=0x7f6acd4f83a0, globals=globals
entry=0x7f6acd51a3c0, locals=locals
entry=0x7f6acd51a3c0, args=args
entry=0x0, argcount=argcount
entry=0, kwnames=0x0, kwargs=0x0, kwcount=0, kwstep=2, defs=0x0, defcount=0, kwdefs=0x0, closure=0x0, name=0x0, qualname=0x0) at Python/ceval.c:4329
#39 0x00007f6acd99ee32 in _PyEval_EvalCodeWithName (_co=_co
entry=0x7f6acd4f83a0, globals=globals
entry=0x7f6acd51a3c0, locals=locals
entry=0x7f6acd51a3c0, args=args
entry=0x0, argcount=argcount
entry=0, kwnames=kwnames
entry=0x0, kwargs=0x0, kwcount=0, kwstep=2, defs=0x0, defcount=0, kwdefs=0x0, closure=0x0, name=0x0, qualname=0x0) at Python/ceval.c:4361
#40 0x00007f6acd99ee7b in PyEval_EvalCodeEx (_co=_co
entry=0x7f6acd4f83a0, globals=globals
entry=0x7f6acd51a3c0, locals=locals
entry=0x7f6acd51a3c0, args=args
entry=0x0, argcount=argcount
entry=0, kws=kws
entry=0x0, kwcount=0, defs=0x0, defcount=0, kwdefs=0x0, closure=0x0) at Python/ceval.c:4377
#41 0x00007f6acd99eeab in PyEval_EvalCode (co=co
entry=0x7f6acd4f83a0, globals=globals
entry=0x7f6acd51a3c0, locals=locals
entry=0x7f6acd51a3c0) at Python/ceval.c:828
#42 0x00007f6acd9de3a9 in run_eval_code_obj (locals=0x7f6acd51a3c0, globals=0x7f6acd51a3c0, co=0x7f6acd4f83a0, tstate=0x17b7180) at Python/pythonrun.c:1221
#43 run_mod (mod=<optimized out>, filename=filename
entry=0x7f6acd485390, globals=globals
entry=0x7f6acd51a3c0, locals=locals
entry=0x7f6acd51a3c0, flags=flags
entry=0x7ffcce385548, arena=arena
entry=0x7f6acd335fd0) at Python/pythonrun.c:1242
#44 0x00007f6acd9dfdf2 in pyrun_file (flags=0x7ffcce385548, closeit=1, locals=0x7f6acd51a3c0, globals=0x7f6acd51a3c0, start=257, filename=0x7f6acd485390, fp=0x180a0f0) at Python/pythonrun.c:1140
#45 pyrun_simple_file (flags=0x7ffcce385548, closeit=1, filename=0x7f6acd485390, fp=0x180a0f0) at Python/pythonrun.c:450
#46 PyRun_SimpleFileExFlags (fp=fp
entry=0x180a0f0, filename=<optimized out>, closeit=closeit
entry=1, flags=flags
entry=0x7ffcce385548) at Python/pythonrun.c:483
#47 0x00007f6acd9e0453 in PyRun_AnyFileExFlags (fp=fp
entry=0x180a0f0, filename=<optimized out>, closeit=closeit
entry=1, flags=flags
entry=0x7ffcce385548) at Python/pythonrun.c:92
#48 0x00007f6acd9fde28 in pymain_run_file (cf=0x7ffcce385548, config=0x17b4f60) at Modules/main.c:373
#49 pymain_run_python (exitcode=0x7ffcce385540) at Modules/main.c:598
#50 Py_RunMain () at Modules/main.c:677
#51 0x00007f6acd9fe347 in pymain_main (args=0x7ffcce385630) at Modules/main.c:707
#52 Py_BytesMain (argc=<optimized out>, argv=<optimized out>) at Modules/main.c:731
#53 0x00007f6acd620590 in __libc_start_call_main () from /lib64/libc.so.6
#54 0x00007f6acd620640 in __libc_start_main_impl () from /lib64/libc.so.6
#55 0x0000000000401075 in _start ()
===========================================================


Error when running the combination:
	File /home/submit/lavezzo/SUEP/CMSSW_14_1_0_pre4/src/SUEPLimits/cards/WHgamma_11_20_fixed/cards-SUEP_mS125.000_mPhi2.000_T8.000_modegeneric/combined.root does not exist

 ----------------- 

/tmp/submit_higgsCombineSUEP_mS125.000_mPhi2.000_T2.000_modegeneric.AsymptoticLimits.mH125.sh: line 20: warning: here-document at line 7 delimited by end-of-file (wanted `EOF')
Warning: Bin GJHScrF42017 has no signal processes contributing to it

 ----------------- 

/tmp/submit_higgsCombineSUEP_mS125.000_mPhi2.000_T4.000_modegeneric.AsymptoticLimits.mH125.sh: line 20: warning: here-document at line 7 delimited by end-of-file (wanted `EOF')
Warning: Bin GJHScrF42018 has no signal processes contributing to it
Warning: Bin GJHSsr42018 has no signal processes contributing to it
Warning: Bin GJHScrF42017 has no signal processes contributing to it
Warning: Bin GJHSsr42017 has no signal processes contributing to it
Warning: Bin GJHScrF32016 has no signal processes contributing to it
Warning: Bin GJHScrF42016 has no signal processes contributing to it
Warning: Bin GJHSsr42016 has no signal processes contributing to it

 ----------------- 

/tmp/submit_higgsCombineSUEP_mS125.000_mPhi2.000_T1.000_modegeneric.AsymptoticLimits.mH125.sh: line 20: warning: here-document at line 7 delimited by end-of-file (wanted `EOF')

 ----------------- 

/tmp/submit_higgsCombineSUEP_mS125.000_mPhi2.000_T0.500_modegeneric.AsymptoticLimits.mH125.sh: line 20: warning: here-document at line 7 delimited by end-of-file (wanted `EOF')

 ----------------- 

/tmp/submit_higgsCombineSUEP_mS125.000_mPhi3.000_T1.500_modegeneric.AsymptoticLimits.mH125.sh: line 20: warning: here-document at line 7 delimited by end-of-file (wanted `EOF')

 ----------------- 

/tmp/submit_higgsCombineSUEP_mS125.000_mPhi3.000_T12.000_modegeneric.AsymptoticLimits.mH125.sh: line 20: warning: here-document at line 7 delimited by end-of-file (wanted `EOF')
Warning: Bin GJHScrF22018 has no signal processes contributing to it
Warning: Bin GJHScrF32018 has no signal processes contributing to it
Warning: Bin GJHScrF42018 has no signal processes contributing to it
Warning: Bin GJHSsr22018 has no signal processes contributing to it
Warning: Bin GJHSsr32018 has no signal processes contributing to it
Warning: Bin GJHSsr42018 has no signal processes contributing to it
Warning: Bin GJHScrF12017 has no signal processes contributing to it
Warning: Bin GJHScrF22017 has no signal processes contributing to it
Warning: Bin GJHScrF32017 has no signal processes contributing to it
Warning: Bin GJHScrF42017 has no signal processes contributing to it
Warning: Bin GJHSsr22017 has no signal processes contributing to it
Warning: Bin GJHSsr32017 has no signal processes contributing to it
Warning: Bin GJHSsr42017 has no signal processes contributing to it
Warning: Bin GJHScrF22016 has no signal processes contributing to it
Warning: Bin GJHScrF32016 has no signal processes contributing to it
Warning: Bin GJHScrF42016 has no signal processes contributing to it
Warning: Bin GJHSsr22016 has no signal processes contributing to it
Warning: Bin GJHSsr32016 has no signal processes contributing to it
Warning: Bin GJHSsr42016 has no signal processes contributing to it

 ----------------- 

/tmp/submit_higgsCombineSUEP_mS125.000_mPhi3.000_T6.000_modegeneric.AsymptoticLimits.mH125.sh: line 20: warning: here-document at line 7 delimited by end-of-file (wanted `EOF')
Warning: Bin GJHScrF22018 has no signal processes contributing to it
Warning: Bin GJHScrF42018 has no signal processes contributing to it
Warning: Bin GJHSsr32018 has no signal processes contributing to it
Warning: Bin GJHSsr42018 has no signal processes contributing to it
Warning: Bin GJHScrF32017 has no signal processes contributing to it
Warning: Bin GJHScrF42017 has no signal processes contributing to it
Warning: Bin GJHSsr32017 has no signal processes contributing to it
Warning: Bin GJHSsr42017 has no signal processes contributing to it
Warning: Bin GJHScrF22016 has no signal processes contributing to it
Warning: Bin GJHScrF42016 has no signal processes contributing to it
Warning: Bin GJHSsr32016 has no signal processes contributing to it
Warning: Bin GJHSsr42016 has no signal processes contributing to it

 ----------------- 

/tmp/submit_higgsCombineSUEP_mS125.000_mPhi3.000_T3.000_modegeneric.AsymptoticLimits.mH125.sh: line 20: warning: here-document at line 7 delimited by end-of-file (wanted `EOF')
Warning: Bin GJHScrF42018 has no signal processes contributing to it
Warning: Bin GJHSsr42018 has no signal processes contributing to it
Warning: Bin GJHScrF42017 has no signal processes contributing to it
Warning: Bin GJHScrF42016 has no signal processes contributing to it
Warning: Bin GJHSsr42016 has no signal processes contributing to it

 ----------------- 

/tmp/submit_higgsCombineSUEP_mS125.000_mPhi4.000_T1.000_modegeneric.AsymptoticLimits.mH125.sh: line 20: warning: here-document at line 7 delimited by end-of-file (wanted `EOF')

 ----------------- 

/tmp/submit_higgsCombineSUEP_mS125.000_mPhi4.000_T16.000_modegeneric.AsymptoticLimits.mH125.sh: line 20: warning: here-document at line 7 delimited by end-of-file (wanted `EOF')
Warning: Bin GJHScrF12018 has no signal processes contributing to it
Warning: Bin GJHScrF22018 has no signal processes contributing to it
Warning: Bin GJHScrF32018 has no signal processes contributing to it
Warning: Bin GJHScrF42018 has no signal processes contributing to it
Warning: Bin GJHSsr22018 has no signal processes contributing to it
Warning: Bin GJHSsr32018 has no signal processes contributing to it
Warning: Bin GJHSsr42018 has no signal processes contributing to it
Warning: Bin GJHScrF12017 has no signal processes contributing to it
Warning: Bin GJHScrF22017 has no signal processes contributing to it
Warning: Bin GJHScrF32017 has no signal processes contributing to it
Warning: Bin GJHScrF42017 has no signal processes contributing to it
Warning: Bin GJHSsr12017 has no signal processes contributing to it
Warning: Bin GJHSsr22017 has no signal processes contributing to it
Warning: Bin GJHSsr32017 has no signal processes contributing to it
Warning: Bin GJHSsr42017 has no signal processes contributing to it
Warning: Bin GJHScrF22016 has no signal processes contributing to it
Warning: Bin GJHScrF32016 has no signal processes contributing to it
Warning: Bin GJHScrF42016 has no signal processes contributing to it
Warning: Bin GJHSsr22016 has no signal processes contributing to it
Warning: Bin GJHSsr32016 has no signal processes contributing to it
Warning: Bin GJHSsr42016 has no signal processes contributing to it

 ----------------- 

/tmp/submit_higgsCombineSUEP_mS125.000_mPhi4.000_T2.000_modegeneric.AsymptoticLimits.mH125.sh: line 20: warning: here-document at line 7 delimited by end-of-file (wanted `EOF')
Warning: Bin GJHScrF42018 has no signal processes contributing to it
Warning: Bin GJHSsr42018 has no signal processes contributing to it
Warning: Bin GJHScrF42017 has no signal processes contributing to it
Warning: Bin GJHSsr42017 has no signal processes contributing to it
Warning: Bin GJHScrF42016 has no signal processes contributing to it
Warning: Bin GJHSsr42016 has no signal processes contributing to it

 ----------------- 

/tmp/submit_higgsCombineSUEP_mS125.000_mPhi4.000_T4.000_modegeneric.AsymptoticLimits.mH125.sh: line 20: warning: here-document at line 7 delimited by end-of-file (wanted `EOF')
Warning: Bin GJHScrF32018 has no signal processes contributing to it
Warning: Bin GJHScrF42018 has no signal processes contributing to it
Warning: Bin GJHSsr42018 has no signal processes contributing to it
Warning: Bin GJHScrF32017 has no signal processes contributing to it
Warning: Bin GJHScrF42017 has no signal processes contributing to it
Warning: Bin GJHSsr42017 has no signal processes contributing to it
Warning: Bin GJHScrF42016 has no signal processes contributing to it
Warning: Bin GJHSsr42016 has no signal processes contributing to it

 ----------------- 

/tmp/submit_higgsCombineSUEP_mS125.000_mPhi4.000_T8.000_modegeneric.AsymptoticLimits.mH125.sh: line 20: warning: here-document at line 7 delimited by end-of-file (wanted `EOF')
Warning: Bin GJHScrF22018 has no signal processes contributing to it
Warning: Bin GJHScrF32018 has no signal processes contributing to it
Warning: Bin GJHScrF42018 has no signal processes contributing to it
Warning: Bin GJHSsr22018 has no signal processes contributing to it
Warning: Bin GJHSsr32018 has no signal processes contributing to it
Warning: Bin GJHSsr42018 has no signal processes contributing to it
Warning: Bin GJHScrF22017 has no signal processes contributing to it
Warning: Bin GJHScrF32017 has no signal processes contributing to it
Warning: Bin GJHScrF42017 has no signal processes contributing to it
Warning: Bin GJHSsr22017 has no signal processes contributing to it
Warning: Bin GJHSsr32017 has no signal processes contributing to it
Warning: Bin GJHSsr42017 has no signal processes contributing to it
Warning: Bin GJHScrF22016 has no signal processes contributing to it
Warning: Bin GJHScrF32016 has no signal processes contributing to it
Warning: Bin GJHScrF42016 has no signal processes contributing to it
Warning: Bin GJHSsr32016 has no signal processes contributing to it
Warning: Bin GJHSsr42016 has no signal processes contributing to it

 ----------------- 

/tmp/submit_higgsCombineSUEP_mS125.000_mPhi8.000_T16.000_modegeneric.AsymptoticLimits.mH125.sh: line 20: warning: here-document at line 7 delimited by end-of-file (wanted `EOF')
Warning: Bin GJHScrF22018 has no signal processes contributing to it
Warning: Bin GJHScrF32018 has no signal processes contributing to it
Warning: Bin GJHScrF42018 has no signal processes contributing to it
Warning: Bin GJHSsr12018 has no signal processes contributing to it
Warning: Bin GJHSsr22018 has no signal processes contributing to it
Warning: Bin GJHSsr32018 has no signal processes contributing to it
Warning: Bin GJHSsr42018 has no signal processes contributing to it
Warning: Bin GJHScrF12017 has no signal processes contributing to it
Warning: Bin GJHScrF22017 has no signal processes contributing to it
Warning: Bin GJHScrF32017 has no signal processes contributing to it
Warning: Bin GJHScrF42017 has no signal processes contributing to it
Warning: Bin GJHSsr12017 has no signal processes contributing to it
Warning: Bin GJHSsr22017 has no signal processes contributing to it
Warning: Bin GJHSsr32017 has no signal processes contributing to it
Warning: Bin GJHSsr42017 has no signal processes contributing to it
Warning: Bin GJHScrF22016 has no signal processes contributing to it
Warning: Bin GJHScrF32016 has no signal processes contributing to it
Warning: Bin GJHScrF42016 has no signal processes contributing to it
Warning: Bin GJHSsr22016 has no signal processes contributing to it
Warning: Bin GJHSsr32016 has no signal processes contributing to it
Warning: Bin GJHSsr42016 has no signal processes contributing to it

 ----------------- 

/tmp/submit_higgsCombineSUEP_mS125.000_mPhi8.000_T2.000_modegeneric.AsymptoticLimits.mH125.sh: line 20: warning: here-document at line 7 delimited by end-of-file (wanted `EOF')
Warning: Bin GJHScrF32018 has no signal processes contributing to it
Warning: Bin GJHScrF42018 has no signal processes contributing to it
Warning: Bin GJHSsr42018 has no signal processes contributing to it
Warning: Bin GJHScrF42017 has no signal processes contributing to it
Warning: Bin GJHSsr42017 has no signal processes contributing to it
Warning: Bin GJHScrF42016 has no signal processes contributing to it
Warning: Bin GJHSsr42016 has no signal processes contributing to it

 ----------------- 

/tmp/submit_higgsCombineSUEP_mS125.000_mPhi8.000_T32.000_modegeneric.AsymptoticLimits.mH125.sh: line 20: warning: here-document at line 7 delimited by end-of-file (wanted `EOF')
Warning: Bin GJHScrF12018 has no signal processes contributing to it
Warning: Bin GJHScrF22018 has no signal processes contributing to it
Warning: Bin GJHScrF32018 has no signal processes contributing to it
Warning: Bin GJHScrF42018 has no signal processes contributing to it
Warning: Bin GJHSsr12018 has no signal processes contributing to it
Warning: Bin GJHSsr22018 has no signal processes contributing to it
Warning: Bin GJHSsr32018 has no signal processes contributing to it
Warning: Bin GJHSsr42018 has no signal processes contributing to it
Warning: Bin GJHScrF12017 has no signal processes contributing to it
Warning: Bin GJHScrF22017 has no signal processes contributing to it
Warning: Bin GJHScrF32017 has no signal processes contributing to it
Warning: Bin GJHScrF42017 has no signal processes contributing to it
Warning: Bin GJHSsr12017 has no signal processes contributing to it
Warning: Bin GJHSsr32017 has no signal processes contributing to it
Warning: Bin GJHSsr42017 has no signal processes contributing to it
Warning: Bin GJHScrF02016 has no signal processes contributing to it
Warning: Bin GJHScrF22016 has no signal processes contributing to it
Warning: Bin GJHScrF32016 has no signal processes contributing to it
Warning: Bin GJHScrF42016 has no signal processes contributing to it
Warning: Bin GJHSsr12016 has no signal processes contributing to it
Warning: Bin GJHSsr22016 has no signal processes contributing to it
Warning: Bin GJHSsr42016 has no signal processes contributing to it

 ----------------- 

/tmp/submit_higgsCombineSUEP_mS125.000_mPhi8.000_T4.000_modegeneric.AsymptoticLimits.mH125.sh: line 20: warning: here-document at line 7 delimited by end-of-file (wanted `EOF')
Warning: Bin GJHScrF32018 has no signal processes contributing to it
Warning: Bin GJHScrF42018 has no signal processes contributing to it
Warning: Bin GJHSsr32018 has no signal processes contributing to it
Warning: Bin GJHSsr42018 has no signal processes contributing to it
Warning: Bin GJHScrF32017 has no signal processes contributing to it
Warning: Bin GJHScrF42017 has no signal processes contributing to it
Warning: Bin GJHSsr42017 has no signal processes contributing to it
Warning: Bin GJHScrF22016 has no signal processes contributing to it
Warning: Bin GJHScrF32016 has no signal processes contributing to it
Warning: Bin GJHScrF42016 has no signal processes contributing to it
Warning: Bin GJHSsr22016 has no signal processes contributing to it
Warning: Bin GJHSsr42016 has no signal processes contributing to it

 ----------------- 

/tmp/submit_higgsCombineSUEP_mS125.000_mPhi8.000_T8.000_modegeneric.AsymptoticLimits.mH125.sh: line 20: warning: here-document at line 7 delimited by end-of-file (wanted `EOF')
Warning: Bin GJHScrF12018 has no signal processes contributing to it
Warning: Bin GJHScrF22018 has no signal processes contributing to it
Warning: Bin GJHScrF32018 has no signal processes contributing to it
Warning: Bin GJHScrF42018 has no signal processes contributing to it
Warning: Bin GJHSsr22018 has no signal processes contributing to it
Warning: Bin GJHSsr32018 has no signal processes contributing to it
Warning: Bin GJHSsr42018 has no signal processes contributing to it
Warning: Bin GJHScrF22017 has no signal processes contributing to it
Warning: Bin GJHScrF32017 has no signal processes contributing to it
Warning: Bin GJHScrF42017 has no signal processes contributing to it
Warning: Bin GJHSsr32017 has no signal processes contributing to it
Warning: Bin GJHSsr42017 has no signal processes contributing to it
Warning: Bin GJHScrF12016 has no signal processes contributing to it
Warning: Bin GJHScrF22016 has no signal processes contributing to it
Warning: Bin GJHScrF32016 has no signal processes contributing to it
Warning: Bin GJHScrF42016 has no signal processes contributing to it
Warning: Bin GJHSsr22016 has no signal processes contributing to it
Warning: Bin GJHSsr32016 has no signal processes contributing to it
Warning: Bin GJHSsr42016 has no signal processes contributing to it

 ----------------- 

Processed jobs for 20 samples.
